id_transaksi,tanggal_transaksi,id_anggota,nama_produk,kategori,satuan,jumlah,harga_satuan,diskon_persen,total_bayar,metode_bayar,kasir,saldo_simpanan,berat_kg,rating_layanan,catatan_kasir
TRX251385,2025-10-29 11:19:00,AGT1150,Mi Instan Rebus,Makanan,porsi,6,10000,0,60000,QRIS,Rina,392000.0,2.445,3,
TRX251333,2025-09-29 11:46:00,AGT1259,Teh Botol,Minuman,botol,3,6000,0,Rp 18.000,Saldo Koperasi,Dimas,152000.0,0.583,5,Pelanggan tetap
TRX251278,2025-10-25 13:18:00,AGT1145,Map Plastik,ATK,pcs,4,4000,0,16000,Saldo Koperasi,Bagus,127000.0,2.181,5,Pelanggan tetap
TRX251304,2025-09-09 13:45:00,AGT1240,Fotokopi A4,Alat Tulis,pcs,1,500,0,250,Tunai,Rina,1008000.0,,5,
TRX251364,2025-08-09 10:48:00,AGT1191,Map Plastik,ATK,pcs,5,4000,5,19000,QRIS,Rina,139000.0,2.376,4,Pelanggan tetap
TRX250107,2025-08-17 15:39:00,AGT1101,Pulpen Hitam,ATK,pcs,3,3500,0,10500,QRIS,Sari,325000.0,0.466,5,
TRX250512,31/08/2025 13:25,AGT1005,Kopi Sachet,Minumam,botol,7,5000,0,35000,Tunai,Bagus,572000.0,4.027,-999,
TRX251420,2025-11-03 11:06:00,AGT1099,Air Mineral 600ml,Minuman,botol,1,4000,0,4000,Transfer,Dimas,431000.0,0.05,3,
TRX251338,2025-08-28 08:06:00,AGT1027,Buku Tulis 38lbr,ATK,pcs,8,5500,0,44000,QRIS,Sari,596000.0,0.442,3,
TRX250509,22/10/2025 08:47,AGT1140,Pulpen Hitam,ATK,pcs,2,3500,0,7000,Saldo Koperasi,Rina,111000.0,,5,
TRX250560,2025-09-01 07:50:00,AGT1096,Air Mineral 600ml,Minuman,botol,7,4000,0,28000,Saldo Koperasi,Dimas,61000.0,2.467,4,
TRX250077,2025-08-21 12:54:00,AGT1231,Jilid Spiral,Jasa,lembar,6,8000,0,Rp 48.000,Tunai,Rina,219000.0,,4,
TRX251049,2025-11-07 17:41:00,AGT1101,Buku Tulis 38lbr,ATK,pcs,2,5500,0,11000,Saldo Koperasi,Bagus,353000.0,,5,
TRX250039,2025-08-06 12:48:00,AGT1250,Gorengan 5pcs, Makanan ,porsi,3,6000,0,36000,Tunai,Bagus,290000.0,1.073,3,
TRX250863,2025-09-10 08:51:00,AGT1234,Air Mineral 600ml,Minuman,botol,6,4000,0,24000,Tunai,Dimas,414000.0,0.333,5,
TRX251111,2025-11-04 10:01:00,AGT1225,Teh Botol,MINUMAN,botol,6,6000,0,Rp 36.000,Tunai,Rina,560000.0,1.437,4,Pelanggan tetap
TRX250309,2025-09-17 08:08:00,AGT1241,Fotokopi A4,Alat Tulis,pcs,6,500,0,3000,Tunai,Dimas,94000.0,2.193,5,Pelanggan tetap
TRX251474,08/11/2025 07:22,AGT1187,Paket Data 3GB,Pulsa,voucher,2,35000,0,70000,QRIS,Sari,44000.0,,4,
TRX251194,2025-08-07 12:41:00,AGT1134,Nasi Bungkus,Makanan,porsi,6,12000,10,64800,Tunai,Sari,306000.0,2.423,3,
TRX250846,08/08/2025 11:43,AGT1124,Mi Instan Rebus,Makanan,porsi,7,10000,0,70000,qris,Sari,1936000.0,0.526,-999,
TRX250767,2025-11-03 14:48:00,AGT1166,Fotokopi A4,ATK,pcs,1,500,0,500,QRIS,Sari,212000.0,,4,
TRX251229,2025-09-17 13:48:00,AGT1055,Nasi Bungkus,Makanan,porsi,3,12000,0,36000,QRIS,Bagus,225000.0,1.799,3,
TRX251017,19/11/2025 15:02,AGT1163,Teh Botol,Minuman,botol,3,6000,0,18000,QRIS,Rina,264000.0,0.673,4,Promo mingguan
TRX251405,2025-11-10 16:08:00,AGT1036,Jilid Spiral,Jasa,lembar,4,8000,0,32000,QRIS,Dimas,120000.0,,5,Minta struk
TRX251344,2025-11-03 15:20:00,AGT1219,Pulsa 10rb, Pulsa ,voucher,1,12000,0,12000,Saldo Koperasi,Sari,386000.0,,5,
TRX251068,05/09/2025 16:59,AGT1080,Jilid Spiral,Jasa,lembar,7,8000,0,56000,QRIS,Sari,614000.0,,5,
TRX251230,2025-11-16 16:04:00,AGT1195,Mi Instan Rebus,MAKANAN,porsi,8,10000,0,80000,Tunai,sari,232000.0,0.814,-999,
TRX251085,07/08/2025 15:14,AGT1091,Buku Tulis 38lbr,ATK,pcs,7,5500,0,38500,Saldo Koperasi,Sari,52000.0,1.371,4,
TRX250002,2025-09-10 14:48:00,AGT1109,Buku Tulis 38lbr,ATK,pcs,1,5500,0,5500,Tunai,Dimas,195000.0,,4,Pelanggan tetap
TRX250666,2025-10-03 10:29:00,AGT1103,Mi Instan Rebus,Makanan,porsi,4,10000,0,40000,Saldo Koperasi,Bagus,483000.0,2.277,3,
TRX250160,2025-08-20 07:56:00,AGT1246,Mi Instan Rebus,Makanan,porsi,1,10000,0,10000,Tunai,Rina,165000.0,0.514,3,
TRX251355,2025-08-15 09:24:00,AGT1150,Roti Isi,Makanan,porsi,5,8000,0,40000,QRIS,Sari,236000.0,1.259,5,Minta struk
TRX250431,2025-09-15 08:52:00,AGT1104,Roti Isi,Makanan,porsi,6,8000,0,48000,Tunai,Dimas,151000.0,2.363,4,Pelanggan tetap
TRX251421,2025-11-27 09:48:00,AGT1105,Mi Instan Rebus,Makanan,porsi,8,10000,0,Rp 80.000,Tunai,Bagus,,3.675,4,
TRX250576,2025-11-06 14:31:00,AGT1025,Gorengan 5pcs,Makanan,porsi,5,6000,0,Rp 30.000,QRIS,Dimas,319000.0,0.359,4,
TRX250844,2025-09-17 17:50:00,AGT1155,Mi Instan Rebus,Makanan,porsi,6,10000,0,60000,Tunai,Bagus,96000.0,1.542,4,
TRX251365,01/11/2025 13:27,AGT1185,Teh Botol,Minumam,botol,5,6000,0,15000,Saldo Koperasi,Rina,269000.0,2.111,4,
TRX251381,2025-09-12 09:59:00,AGT1073,Buku Tulis 38lbr,ATK,pcs,5,5500,0,27500,QRIS,Sari,1343000.0,0.744,4,Pesanan titipan
TRX250707,2025-09-23 16:24:00,AGT1066,Print Warna A4,Jasa,lembar,3,2000,5,5700,Tunai,Bagus,683000.0,,4,
TRX250486,03/08/2025 12:25,AGT1011,Roti Isi,Makanan,porsi,6,8000,0,48000,Transfer,Sari,508000.0,0.748,3,
TRX250829,2025-09-02 15:53:00,AGT1040,Gorengan 5pcs,Makanan,porsi,5,6000,0,30000,QRIS,Rina,55000.0,2.871,4,
TRX250271,2025-09-02 08:15:00,AGT1208,Print Warna A4,Jasa,lembar,2,2000,0,4000,Qris ,Bagus,122000.0,,2,
TRX250326,2025-08-07 12:54:00,AGT1011,Teh Botol,Minuman,botol,8,6000,0,48000,QRIS,Bagus,87000.0,3.379,4,
TRX251409,2025-09-24 16:55:00,AGT1167,Buku Tulis 38lbr,ATK,pcs,3,5500,0,16500,Tunai,Rina,,1.309,4,
TRX251283,2025-09-08 08:31:00,AGT1109,Susu Kotak,Minuman,botol,4,7500,0,30000,Saldo Koperasi,Rina,47000.0,1.803,4,
TRX250800,2025-11-13 13:51:00,AGT1074,Nasi Bungkus,Makanan,porsi,4,12000,10,43200,Saldo Koperasi,Sari,522000.0,1.093,-999,Pelanggan tetap
TRX250259,2025-08-31 12:17:00,AGT1247,Teh Botol,MINUMAN,botol,2,6000,0,12000,Transfer,Bagus,77000.0,0.739,5,
TRX250776,2025-09-09 09:31:00,AGT1072,Pulpen Hitam,ATK,pcs,5,3500,0,17500,Transfer,Dimas,878000.0,0.49,5,
TRX250514,2025-10-30 08:53:00,AGT1221,Air Mineral 600ml, Minuman ,botol,2,4000,0,8000,tunai,Bagus,200000.0,0.756,4,
TRX250628,2025-11-18 12:38:00,AGT1247,Teh Botol,Minuman,botol,3,6000,5,17100,Tunai,Dimas,438000.0,1.089,2,
TRX250663,2025-10-25 07:00:00,AGT1204,Laminating A4,Jasa,lembar,3,5000,0,15000,Tunai,Bagus,103000.0,,4,Pesanan titipan
TRX250787,2025-08-10 11:54:00,AGT1125,Laminating A4,Jasa,lembar,7,5000,5,33250,Saldo Koperasi,Bagus,,,5,
TRX251259,2025-10-07 13:09:00,AGT1089,Teh Botol,Minuman,botol,2,6000,0,12000,QRIS,Sari,862000.0,0.615,5,
TRX251174,28/09/2025 12:48,AGT1074,Gorengan 5pcs,Makanan,porsi,7,6000,0,42000,QRIS,Sari,118000.0,0.709,3,
TRX251222,2025-09-09 16:24:00,AGT1189,Air Mineral 600ml,Minuman,botol,2,4000,0,8000,Saldo Koperasi,Dimas,278000.0,1.035,4,
TRX250818,2025-10-09 12:52:00,AGT1049,Teh Botol,Minuman,botol,1,6000,0,Rp 6.000,Saldo Koperasi,Sari,179000.0,0.187,4,
TRX250337,2025-08-23 13:15:00,AGT1123,Susu Kotak,Minumam,botol,4,7500,0,30000,-,Dimas,134000.0,2.186,5,
TRX251424,2025-10-02 15:56:00,AGT1137,Mi Instan Rebus,Makanan,porsi,2,10000,0,20000,Transfer,Dimas,257000.0,1.149,4,Pesanan titipan
TRX250756,2025-08-14 08:14:00,AGT1255,Roti Isi,Makanan,porsi,2,8000,0,16000,QRIS,Bagus,,1.038,5,
TRX251081,2025-08-22 09:57:00,AGT1004,Nasi Bungkus,Makanan,porsi,5,12000,0,60000,Tunai,Bagus,,2.053,3,
TRX250792,2025-11-20 13:54:00,AGT1084,Mi Instan Rebus,Makanan,porsi,5,10000,0,50000,Tunai,Dimas,253000.0,2.695,5,
TRX251058,2025-10-31 14:56:00,AGT1041,Pulpen Hitam,ATK,pcs,7,3500,0,24500,Tunai,Bagus,537000.0,2.71,4,Pelanggan tetap
TRX250216,2025-08-26 11:26:00,AGT1017,Pulsa 10rb,Pulsa,voucher,2,12000,0,12000,Tunai,Bagus,147000.0,,3,Pesanan titipan
TRX251063,2025-08-22 09:19:00,AGT1228,Susu Kotak,MINUMAN,botol,4,7500,0,30000,QRIS,Sari,,1.964,-999,Pesanan titipan
TRX250281,2025-09-07 08:56:00,AGT1233,Gorengan 5pcs,Makanan,porsi,1,6000,0,6000,Saldo Koperasi,Rina,,0.485,5,Pesanan titipan
TRX250955,2025-10-02 14:21:00,AGT1068,Jilid Spiral,Jasa,lembar,3,8000,0,24000,QRIS,Bagus,143000.0,,3,
TRX250771,01/11/2025 09:58,AGT1126,Map Plastik,ATK,pcs,3,4000,0,12000,Saldo Koperasi,Sari,196000.0,0.526,4,Promo mingguan
TRX250591,2025-10-20 07:31:00,AGT1204,Print Warna A4,Jasa,lembar,1,2000,0,2000,Transfer,Dimas,,,4,
TRX250687,10/11/2025 15:23,AGT1068 ,Kopi Sachet,Minuman,botol,1,5000,0,5000,Tunai,Rina,238000.0,0.206,3,
TRX251155,2025-08-01 07:09:00,AGT1249,Roti Isi,Makanan,porsi,1,8000,0,8000,QRIS,Rina,107000.0,0.373,4,
TRX250059,2025-11-23 11:09:00,AGT1174,Susu Kotak,Minuman,botol,3,7500,0,Rp 22.500,Saldo Koperasi,Rina,958000.0,1.746,4,
TRX251010,02/08/2025 09:09,AGT1047,Pulpen Hitam,ATK,pcs,1,3500,0,3500,Saldo Koperasi,Sari,228000.0,,3,Promo mingguan
TRX250760,2025-10-22 08:01:00,AGT1122,Mi Instan Rebus,Makanan,porsi,2,10000,0,200000,Saldo Koperasi,Dimas,92000.0,0.75,5,
TRX250345,28/08/2025 07:40,AGT1094,Laminating A4,Jasa,lembar,1,5000,0,5000,qris,Rina,100000.0,,4,
TRX251498,2025-09-21 14:59:00,AGT1050,Gorengan 5pcs,Makanan,porsi,1,6000,0,Rp 6.000,QRIS,Rina,165000.0,0.273,4,
TRX251440,2025-08-03 11:02:00,AGT1064,Nasi Bungkus,Makanan,porsi,7,12000,0,84000,Transfer,Dimas,337000.0,1.292,3,
TRX250180,06/08/2025 15:16,AGT1002,Kopi Sachet,Minuman,botol,1,5000,0,5000,Tunai,Bagus,503000.0,0.078,5,
TRX250356,2025-08-24 16:56:00,AGT1187,Air Mineral 600ml,Minuman,botol,8,4000,0,32000,tunai,Bagus,243000.0,4.529,5,Pelanggan tetap
TRX251140,2025-11-08 13:38:00,AGT1117,Susu Kotak,Minuman,botol,5,7500,0,37500,Tunai,Sari,130000.0,0.785,5,
TRX250247,11/11/2025 10:40,AGT1259,Pulpen Hitam,ATK,pcs,4,3500,0,14000,QRIS,Sari,102000.0,1.926,4,Minta struk
TRX250676,2025-10-12 15:00:00,AGT1025,Gorengan 5pcs,Makanan,porsi,6,6000,10,32400,QRIS,Rina,115000.0,3.131,5,
TRX250851,2025-11-18 09:08:00,AGT1091,Gorengan 5pcs,Makanan,porsi,2,6000,0,12000,Saldo Koperasi,Bagus,439000.0,0.65,5,Promo mingguan
TRX251445,2025-11-09 09:49:00,AGT1176,Roti Isi,Makanan,porsi,2,8000,0,16000,Tunai,Dimas,181000.0,0.993,3,
TRX250485,2025-10-15 17:43:00,AGT1232 ,Map Plastik,ATK,pcs,2,4000,0,8000,Tunai,Dimas,278000.0,,3,
TRX250131,2025-10-03 13:02:00,AGT1247,Susu Kotak,Minumam,botol,7,7500,0,Rp 52.500,Tunai,Bagus,,4.104,3,Minta struk
TRX250757,2025-09-18 08:36:00,AGT1009,Roti Isi,Makanan,porsi,6,8000,0,48000,Saldo Koperasi,Bagus,511000.0,0.692,4,
TRX250289,26/11/2025 11:51,AGT1160,Roti Isi,Makanan,porsi,7,8000,0,56000,QRIS,Sari,204000.0,1.616,-999,
TRX250068,2025-08-13 15:24:00,AGT1156,Buku Tulis 38lbr,ATK,pcs,2,5500,0,11000,Saldo Koperasi,Bagus,928000.0,1.109,4,
TRX250732,2025-08-09 16:54:00,AGT1243,Paket Data 3GB,Pulsa,voucher,1,35000,0,Rp 35.000,Tunai,Bagus,159000.0,,4,
TRX250005,2025-10-13 14:31:00,AGT1095,Buku Tulis 38lbr,ATK,pcs,8,5500,0,44000,Saldo Koperasi,Dimas,194000.0,0.826,5,
TRX251098,2025-11-17 11:08:00,AGT1198,Nasi Bungkus,Makanan,porsi,5,12000,0,60000,QRIS,Sari,218000.0,0.903,4,Pelanggan tetap
TRX250122,12/10/2025 09:23,AGT1200,Pulpen Hitam,ATK,pcs,1,3500,0,3500,tunai,Dimas,282000.0,0.521,5,
TRX250301,2025-11-03 13:54:00,AGT1018,Mi Instan Rebus,Makanan,porsi,3,10000,0,30000,Tunai,Dimas,167000.0,0.882,5,Pesanan titipan
TRX250777,27/10/2025 14:26,AGT1213,Pulsa 25rb,Pulsa,voucher,1,27000,0,27000,tunai,Bagus,280000.0,,4,
TRX251045,2025-10-13 13:51:00,AGT1188,Susu Kotak,Minuman,botol,1,7500,0,7500,Tunai,Dimas,89000.0,0.578,5,Minta struk
TRX251391,2025-11-25 14:21:00,AGT1231,Kopi Sachet,Minuman,botol,1,5000,10,Rp 4.500,Saldo Koperasi,Dimas,,0.087,5,
TRX250626,18/09/2025 08:49,AGT1030,Print Warna A4,Jasa,lembar,5,2000,0,10000,QRIS,Rina,117000.0,,4,
TRX251153,2025-10-02 11:30:00,AGT1007,Mi Instan Rebus,Makanan,porsi,4,10000,0,40000,QRIS,Dimas,684000.0,0.763,4,Pelanggan tetap
TRX250449,2025-11-26 15:48:00,AGT1144,Map Plastik,ATK,pcs,2,4000,0,8000,QRIS,Sari,47000.0,0.385,3,
TRX250506,2025-11-11 15:06:00,AGT1125,Gorengan 5pcs,Makanan,porsi,3,6000,0,18000,tunai,Bagus,165000.0,0.222,5,Minta struk
TRX251371,2025-09-07 16:17:00,AGT1080,Roti Isi,Makanan,porsi,8,8000,0,64000,Saldo Koperasi,Bagus,228000.0,2.869,3,
TRX251291,2025-08-26 12:51:00,AGT1118,Fotokopi A4,ATK,pcs,6,500,0,Rp 3.000,Saldo Koperasi,Rina,321000.0,2.742,3,
TRX250344,02/10/2025 12:48,AGT1064,Pulpen Hitam, ATK ,pcs,4,3500,5,13300,QRIS,Rina,175000.0,0.298,4,
TRX250335,2025-08-05 09:41:00,AGT1242,Kopi Sachet,Minuman,botol,4,5000,0,20000,QRIS,Dimas,91000.0,1.069,5,
TRX250637,2025-09-01 10:27:00,AGT1126,Air Mineral 600ml,Minuman,botol,2,4000,5,7600,QRIS,Sari,260000.0,1.062,4,
TRX251163,19/10/2025 16:54,AGT1230,Nasi Bungkus,Makanan,porsi,6,12000,0,Rp 72.000,Saldo Koperasi,Bagus,273000.0,2.813,4,
TRX251341,04/09/2025 17:41,AGT1176,Paket Data 3GB,Pulsa,voucher,1,35000,0,35000,N/A,Dimas,486000.0,,4,
TRX250793,2025-08-24 09:33:00,AGT1255,Pulsa 10rb,Pulsa,voucher,1,12000,0,12000,Tunai,Dimas,341000.0,,5,
TRX251257,29/08/2025 15:28,AGT1100,Kopi Sachet,Minuman,botol,1,5000,0,5000,Tunai,Rina,194000.0,0.31,4,
TRX250303,2025-10-29 07:17:00,AGT1154,Nasi Bungkus,Makanan,porsi,7,12000,0,Rp 84.000,QRIS,Rina,68000.0,2.695,5,
TRX250745,08/10/2025 15:42,AGT1170,Air Mineral 600ml,Minuman,botol,1,4000,0,4000,Saldo Koperasi,Sari,469000.0,0.152,4,
TRX251488,2025-09-19 17:07:00,AGT1025,Roti Isi,Makanan,porsi,2,8000,0,16000,QRIS,Dimas,177000.0,1.171,4,
TRX250516,2025-10-23 16:48:00,AGT1135,Pulpen Hitam,ATK,pcs,5,3500,5,16625,Saldo Koperasi,Dimas,179000.0,2.291,4,Pesanan titipan
TRX250412,2025-09-06 14:06:00,AGT1030,Nasi Bungkus,Makanan,porsi,6,12000,0,72000,Tunai,Rina,492000.0,1.926,4,Promo mingguan
TRX250542,2025-08-12 13:54:00,AGT1161,Susu Kotak, Minuman ,botol,3,7500,0,22500,Tunai,Dimas,314000.0,1.067,5,
TRX250590,13/08/2025 08:18,AGT1229,Roti Isi,Makanan,porsi,1,8000,0,8000,Saldo Koperasi,Sari,414000.0,0.48,4,Pelanggan tetap
TRX251375,27/11/2025 13:25,AGT1213,Nasi Bungkus,Makanan,porsi,2,12000,0,24000,Tunai,Dimas,55000.0,0.488,3,
TRX250904,2025-10-13 16:00:00,AGT1071,Roti Isi,Makanan,porsi,3,8000,0,Rp 24.000,Tunai,bagus,70000.0,0.696,4,
TRX250995,2025-11-22 12:56:00,AGT1251,Laminating A4,Jasa,lembar,8,5000,0,Rp 40.000,QRIS,Dimas,297000.0,,4,
TRX251188,31/10/2025 13:54,AGT1015,Susu Kotak,Minuman,botol,1,7500,0,Rp 7.500,Tunai,Bagus,315000.0,0.128,4,
TRX250454,2025-08-09 12:30:00,AGT1073,Kopi Sachet,Minuman,botol,7,5000,0,Rp 35.000,Tunai,Dimas,124000.0,1.561,4,
TRX250394,11/09/2025 17:10,AGT1065 ,Map Plastik,ATK,pcs,2,4000,0,8000,QRIS,Dimas,1183000.0,0.187,4,Pelanggan tetap
TRX250775,09/10/2025 17:36,AGT1178,Air Mineral 600ml,Minuman,botol,2,4000,0,8000,Tunai,Rina,32000.0,0.389,5,Pelanggan tetap
TRX250257,2025-10-02 12:47:00,AGT1144,Kopi Sachet,Minuman,botol,1,5000,5,4750,Saldo Koperasi,Sari,,0.227,4,
TRX251009,2025-10-14 17:39:00,AGT1088,Pulsa 10rb,Pulsa,voucher,1,12000,0,12000,Tunai,Bagus,354000.0,,-999,
TRX251282,2025-09-20 13:48:00,AGT1007,Air Mineral 600ml,Minuman,botol,3,4000,0,12000,Tunai,Sari,341000.0,0.274,3,
TRX250655,2025-11-12 16:45:00,AGT1032,Nasi Bungkus,Makanan,porsi,1,12000,0,Rp 12.000,Tunai,Rina,258000.0,0.322,4,
TRX250913,2025-08-22 12:10:00,AGT1176,Mi Instan Rebus,Makanan,porsi,5,10000,5,47500,Transfer,Rina,242000.0,2.228,4,Pelanggan tetap
TRX250331,2025-11-04 10:25:00,AGT1026,Pulsa 25rb,Pulsa,voucher,2,27000,0,54000,QRIS,Bagus,252000.0,,5,
TRX251422,2025-08-02 10:23:00,AGT1098,Gorengan 5pcs,Makanan,porsi,6,6000,0,Rp 36.000,Saldo Koperasi,Sari,194000.0,0.461,5,Pesanan titipan
TRX250295,2025-11-19 07:52:00,AGT1006,Kopi Sachet,Minuman,botol,2,5000,-20,10000,Saldo Koperasi,Rina,353000.0,0.526,5,Minta struk
TRX250493,2025-08-01 13:28:00,AGT1012,Susu Kotak,Minuman,botol,7,7500,0,Rp 52.500,Transfer,Rina,1226000.0,2.398,5,
TRX250134,2025-08-02 16:30:00,AGT1111,Pulsa 10rb,Pulsa,voucher,2,12000,0,24000,Tunai,Sari,479000.0,,-999,
TRX251480,2025-10-27 17:55:00,AGT1187,Pulsa 10rb,Pulsa,voucher,1,12000,0,Rp 12.000,Transfer,Bagus,440000.0,,4,Pesanan titipan
TRX250601,2025-11-23 07:18:00,AGT1006,Map Plastik,ATK,pcs,7,4000,0,28000,Saldo Koperasi,Sari,320000.0,2.9,5,Promo mingguan
TRX250834,2025-11-04 09:54:00,AGT1028,Nasi Bungkus, Makanan ,porsi,4,12000,0,48000,Transfer,Bagus,621000.0,1.764,4,
TRX250442,2025-08-24 12:57:00,AGT1170,Roti Isi,Makanan,porsi,4,8000,0,32000,QRIS,Dimas,118000.0,1.603,5,
TRX251065,2025-08-28 09:57:00,AGT1040 ,Kopi Sachet,Minuman,botol,8,5000,0,40000,Transfer,Rina,132000.0,4.44,5,
TRX250656,2025-10-24 07:58:00,AGT1200,Gorengan 5pcs,Makanan,porsi,1,6000,0,6000,Tunai,Dimas,242000.0,0.388,4,
TRX250852,2025-08-24 17:56:00,AGT1046 ,Kopi Sachet,Minuman,botol,8,5000,0,40000,Tunai,Bagus,95000.0,3.557,4,
TRX251124,2025-10-10 08:02:00,AGT1147,Pulpen Hitam,ATK,pcs,5,3500,0,17500,Tunai,Bagus,,2.766,4,
TRX250367,2025-08-13 17:39:00,AGT1136,Paket Data 3GB,Pulsa,voucher,2,35000,0,Rp 70.000,QRIS,Sari,224000.0,,3,
TRX251490,2025-09-29 10:17:00,AGT1094,Air Mineral 600ml,Minuman,botol,5,4000,0,20000,Transfer,Bagus,54000.0,2.111,4,Minta struk
TRX251368,24/08/2025 09:23,AGT1056,Pulpen Hitam,ATK,pcs,5,3500,0,175000,saldo koperasi,Bagus,256000.0,2.525,5,Pesanan titipan
TRX250063,2025-11-24 16:53:00,AGT1196,Pulsa 10rb,Pulsa,voucher,1,12000,0,12000,qris,Bagus,,,4,
TRX250258,2025-11-24 09:01:00,AGT1170,Jilid Spiral,Jasa,lembar,6,8000,0,48000,Transfer,Sari,47000.0,,4,
TRX251306,2025-09-01 13:07:00,AGT1116,Mi Instan Rebus,Makanan,porsi,7,10000,0,Rp 70.000,tidak diketahui,Sari,570000.0,1.694,4,
TRX250868,02/08/2025 08:13,AGT1177,Buku Tulis 38lbr, ATK ,pcs,1,5500,0,Rp 5.500,Tunai,Dimas,184000.0,0.46,4,
TRX251112,2025-11-14 13:04:00,AGT1109,Kopi Sachet, Minuman ,botol,7,5000,0,350000,Tunai,Rina,82000.0,2.942,3,Minta struk
TRX251075,2025-09-20 07:05:00,AGT1185,Air Mineral 600ml,Minuman,botol,1,4000,0,4000,QRIS,Bagus,350000.0,0.055,5,Pesanan titipan
TRX250109,30/10/2025 17:18,AGT1040,Buku Tulis 38lbr,ATK,pcs,6,5500,5,31350,Saldo Koperasi,Bagus,743000.0,2.654,4,
TRX250055,2025-08-16 10:14:00,AGT1077,Nasi Bungkus,Makanan,porsi,4,12000,0,Rp 48.000,Tunai,Rina,129000.0,0.246,5,
TRX250935,2025-11-01 17:08:00,AGT1082,Nasi Bungkus,Makanan,porsi,3,12000,0,36000,Tunai,Rina,1086000.0,1.2,3,Pesanan titipan
TRX250570,24/10/2025 13:17,AGT1047,Buku Tulis 38lbr,Alat Tulis,pcs,2,5500,0,110000,Transfer,Bagus,193000.0,,4,
TRX250429,2025-11-01 08:23:00,AGT1049,Pulpen Hitam,ATK,pcs,5,3500,0,17500,Transfer,Rina,182000.0,0.894,4,Pelanggan tetap
TRX251430,2025-09-29 12:22:00,AGT1111,Buku Tulis 38lbr,ATK,pcs,4,5500,0,22000,Tunai,Dimas,203000.0,2.255,4,Pesanan titipan
TRX251463,2025-08-19 11:41:00,AGT1078,Fotokopi A4,ATK,pcs,7,500,0,3500,Tunai,Dimas,179000.0,3.119,5,
TRX250422,13/10/2025 16:19,AGT1098,Pulpen Hitam,ATK,pcs,2,3500,0,7000,Tunai,Bagus,139000.0,,4,Pesanan titipan
TRX250976,26/11/2025 15:40,AGT1181,Pulpen Hitam,Alat Tulis,pcs,6,3500,0,21000,QRIS,Bagus,159000.0,1.186,4,
TRX250541,2025-08-04 09:45:00,AGT1173,Air Mineral 600ml,Minuman,botol,7,4000,0,28000,Saldo Koperasi,Dimas,1397000.0,0.699,3,Minta struk
TRX250166,13/10/2025 13:11,AGT1054,Roti Isi,Makanan,porsi,1,8000,0,Rp 8.000,Tunai,Bagus,69000.0,0.265,4,
TRX251066,2025-11-25 13:25:00,AGT1037,Roti Isi,Makanan,porsi,2,8000,0,16000,Saldo Koperasi,Bagus,265000.0,0.612,4,
TRX251217,2025-09-05 12:44:00,AGT1250,Roti Isi,Makanan,porsi,2,8000,0,16000,QRIS,Sari,,0.828,3,
TRX251305,29/10/2025 11:48,AGT1029,Nasi Bungkus,Makanan,porsi,6,12000,0,72000,Saldo Koperasi,Sari,369000.0,2.571,3,
TRX251467,2025-11-15 08:56:00,AGT1066,Gorengan 5pcs,Makanan,porsi,8,6000,0,48000,Tunai,Bagus,711000.0,4.54,4,Promo mingguan
TRX250582,2025-09-08 13:52:00,AGT1220,Teh Botol,Minuman,botol,5,6000,0,30000,Tunai,Bagus,258000.0,2.463,4,
TRX250937,2025-10-29 10:09:00,AGT1034,Pulpen Hitam,ATK,pcs,2,3500,0,7000,QRIS,rina,120000.0,0.613,4,
TRX250683,2025-09-13 07:57:00,AGT1078,Teh Botol,Minuman,botol,5,6000,0,Rp 30.000,Transfer,Bagus,286000.0,0.39,4,
TRX250858,18/08/2025 08:53,AGT1010,Nasi Bungkus,Makanan,porsi,5,12000,0,60000,Tunai,Rina,111000.0,0.466,5,
TRX250222,2025-11-23 08:34:00,AGT1151,Mi Instan Rebus,Makanan,porsi,3,10000,0,30000,Tunai,Rina,230000.0,1.006,3,
TRX251130,2025-08-24 13:11:00,AGT1254,Roti Isi,Makanan,porsi,1,8000,10,7200,QRIS,Bagus,172000.0,0.564,4,
TRX250185,2025-10-29 08:55:00,AGT1126,Paket Data 3GB,Pulsa,voucher,1,35000,0,35000,Tunai,Dimas,118000.0,,2,Pelanggan tetap
TRX250255,10/10/2025 15:42,AGT1208,Pulsa 10rb,Pulsa,voucher,1,12000,5,11400,Tunai,Dimas,293000.0,,4,
TRX251152,2025-08-04 10:10:00,AGT1008,Pulsa 10rb,Pulsa,voucher,1,12000,5,11400,Transfer,Rina,183000.0,,4,
TRX250575,2025-08-01 16:01:00,AGT1054,Gorengan 5pcs,Makanan,porsi,2,6000,0,12000,Tunai,Rina,152000.0,0.268,5,
TRX251170,2025-10-21 16:13:00,AGT1244,Map Plastik,ATK,pcs,0,4000,0,8000,QRIS,Dimas,155000.0,,3,
TRX250390,2025-10-23 09:04:00,AGT1075,Laminating A4,Jasa,lembar,8,5000,0,Rp 40.000,QRIS,Sari,,,4,
TRX251468,2025-10-13 13:51:00,AGT1057,Teh Botol,Minuman,botol,1,6000,0,6000,Saldo Koperasi,Sari,1635000.0,0.389,-999,
TRX250669,2025-08-06 12:57:00,AGT1025,Fotokopi A4,Alat Tulis,pcs,2,500,0,1000,Saldo Koperasi,Bagus,1784000.0,0.155,4,
TRX250317,2025-10-02 10:25:00,AGT1048,Teh Botol,Minuman,botol,1,6000,5,5700,Tunai,Bagus,116000.0,0.319,3,
TRX250490,2025-09-26 17:53:00,AGT1002,Teh Botol,Minuman,botol,2,6000,0,12000,Tunai,Dimas,,0.259,5,Minta struk
TRX250404,2025-08-15 16:10:00,AGT1100 ,Pulpen Hitam,Alat Tulis,pcs,6,3500,0,21000,QRIS,Dimas,306000.0,1.184,3,
TRX250352,2025-09-04 10:00:00,AGT1087,Teh Botol,Minuman,botol,6,6000,0,Rp 36.000,QRIS,Bagus,492000.0,0.407,4,
TRX251313,2025-11-19 13:50:00,AGT1008 ,Roti Isi,Makanan,porsi,1,8000,0,8000,Saldo Koperasi,Rina,60000.0,0.401,4,Pelanggan tetap
TRX251317,2025-10-25 09:07:00,AGT1245,Air Mineral 600ml,Minuman,botol,7,4000,5,26600,Transfer,Dimas,241000.0,2.671,3,
TRX250426,12/10/2025 15:46,AGT1202,Pulpen Hitam,ATK,pcs,2,3500,0,7000,QRIS,Sari,168000.0,0.632,4,Minta struk
TRX250304,11/11/2025 07:05,AGT1198,Gorengan 5pcs,Makanan,porsi,8,6000,0,48000,QRIS,Sari,339000.0,0.791,5,Pesanan titipan
TRX251457,05/09/2025 09:23,AGT1101,Teh Botol,Minuman,botol,8,6000,5,Rp 45.600,Saldo Koperasi,Sari,207000.0,4.146,5,Promo mingguan
TRX250677,2025-10-03 07:48:00,AGT1139,Paket Data 3GB,Pulsa,voucher,1,35000,0,35000,QRIS,Sari,87000.0,,3,Minta struk
TRX250080,2025-08-28 16:35:00,AGT1128,Map Plastik,ATK,pcs,4,4000,0,16000,Transfer,Sari,65000.0,2.126,4,
TRX250939,2025-09-19 09:11:00,AGT1217,Pulsa 10rb,Pulsa,voucher,1,12000,0,Rp 12.000,QRIS,Dimas,835000.0,,5,
TRX250333,2025-11-18 12:30:00,AGT1108,Nasi Bungkus,Makanan,porsi,7,12000,5,79800,Tunai,Bagus,311000.0,0.98,4,Minta struk
TRX250236,2025-11-11 11:22:00,AGT1112,Air Mineral 600ml,MINUMAN,botol,6,4000,0,24000,Saldo Koperasi,Dimas,79000.0,2.901,4,
TRX250750,2025-11-16 14:35:00,AGT1130,Teh Botol,Minuman,botol,2,6000,0,12000,Tunai,Rina,134000.0,1.133,5,
TRX251230,2025-11-16 16:04:00,AGT1195,Mi Instan Rebus,MAKANAN,porsi,8,10000,0,80000,Tunai,Sari,232000.0,0.814,-999,
TRX251433,2025-10-28 07:57:00,AGT1254,Roti Isi,Makanan,porsi,2,8000,0,16000,Saldo Koperasi,Bagus,737000.0,1.181,4,Pesanan titipan
TRX250700,2025-09-12 09:11:00,AGT1242,Buku Tulis 38lbr,Alat Tulis,pcs,5,5500,5,Rp 26.125,Saldo Koperasi,Sari,1001000.0,0.479,3,Minta struk
TRX250616,2025-09-01 14:17:00,AGT1182,Roti Isi,Makanan,porsi,5,8000,0,40000,Tunai,Dimas,396000.0,1.752,-999,Pelanggan tetap
TRX251252,2025-10-08 14:37:00,AGT1169,Gorengan 5pcs,Makanan,porsi,7,6000,0,42000,Tunai,Rina,241000.0,1.434,4,
TRX251054,2025-08-21 12:22:00,AGT1185,Print Warna A4,Jasa,lembar,3,2000,0,6000,qris,Sari,123000.0,,4,
TRX251102,2025-09-20 17:29:00,AGT1251,Air Mineral 600ml,Minumam,botol,7,4000,0,14000,QRIS,Bagus,231000.0,0.705,5,Pelanggan tetap
,2025-08-18 11:01:00,AGT1162,Pulsa 10rb,Pulsa,voucher,2,12000,0,Rp 24.000,Tunai,Sari,80000.0,,4,
TRX250880,2025-10-31 14:36:00,AGT1114,Fotokopi A4,ATK,pcs,2,500,0,1000,QRIS,Bagus,1396000.0,,4,
TRX250148,2025-09-08 10:00:00,AGT1157,Susu Kotak,Minuman,botol,6,7500,5,42750,Tunai,Rina,259000.0,3.347,5,
TRX250603,2025-10-07 16:36:00,AGT1118,Mi Instan Rebus, MAKANAN ,porsi,2,10000,0,20000,Saldo Koperasi,bagus,728000.0,1.123,4,
TRX250323,2025-09-10 10:08:00,AGT1032 ,Jilid Spiral,Jasa,lembar,3,8000,0,24000,Saldo Koperasi,Rina,168000.0,,5,
TRX250021,2025-11-28 12:39:00,AGT1026,Map Plastik,ATK,pcs,3,4000,0,12000,QRIS,Sari,66000.0,0.241,5,
TRX250855,07/10/2025 12:12,AGT1063,Laminating A4,Jasa,lembar,2,5000,0,10000,QRIS,Sari,500000.0,,5,
TRX251000,2025-09-07 17:37:00,AGT1013,Teh Botol,Minuman,botol,3,6000,0,18000,Saldo Koperasi,Rina,183000.0,0.398,5,
TRX250740,2025-08-01 10:18:00,AGT1061,Air Mineral 600ml,Minuman,botol,5,4000,0,40000,Tunai,Rina,1273000.0,2.692,5,
TRX251190,2025-10-04 13:50:00,AGT1073,Mi Instan Rebus,Makanan,porsi,5,10000,10,45000,QRIS,Sari,137000.0,0.688,5,Pesanan titipan
TRX250592,2025-08-18 12:50:00,AGT1062,Gorengan 5pcs,Makanan,porsi,5,6000,0,30000,Tunai,Bagus,129000.0,0.941,4,
TRX250923,22/11/2025 08:11,AGT1181,Mi Instan Rebus,Makanan,porsi,3,10000,0,30000,tunai,Bagus,2124000.0,1.43,5,Minta struk
TRX251181,2025-11-10 12:27:00,AGT1173,Mi Instan Rebus,Makanan,porsi,7,10000,0,70000,QRIS,Bagus,614000.0,1.716,4,Pesanan titipan
TRX250603,2025-10-07 16:36:00,AGT1118,Mi Instan Rebus, MAKANAN ,porsi,2,10000,0,20000,Saldo Koperasi,Bagus,728000.0,1.123,4,Pesanan titipan
TRX250572,2025-08-05 15:59:00,AGT1117,Laminating A4,Jasa,lembar,7,5000,0,35000,Saldo Koperasi,Sari,281000.0,,-999,Pesanan titipan
TRX251219,2025-10-04 08:18:00,AGT1056,Gorengan 5pcs,Makanan,porsi,3,6000,0,18000,Transfer,Sari,33000.0,1.746,5,Pelanggan tetap
TRX251042,05/10/2025 14:07,AGT1194,Nasi Bungkus,Makanan,porsi,7,12000,0,84000,Tunai,Dimas,171000.0,1.241,4,
TRX251035,2025-08-29 12:08:00,AGT1085,Pulpen Hitam,ATK,pcs,1,3500,0,Rp 3.500,Transfer,Sari,21000.0,0.079,5,
TRX251389,25/11/2025 07:28,AGT1032,Buku Tulis 38lbr,ATK,pcs,6,5500,0,33000,QRIS,Rina,397000.0,1.984,4,
TRX250233,01/11/2025 10:46,AGT1191,Pulpen Hitam,ATK,pcs,8,3500,0,28000,Tunai,Rina,333000.0,1.001,3,Pesanan titipan
TRX251226,2025-08-24 14:23:00,AGT1097,Roti Isi,Makanan,porsi,4,8000,0,32000,Tunai,Bagus,173000.0,1.996,4,Pelanggan tetap
TRX250114,2025-08-23 07:05:00,AGT1130,Nasi Bungkus,Makanan,porsi,2,12000,0,24000,Transfer,Rina,106000.0,0.896,4,
TRX250896,15/08/2025 08:58,AGT1082,Laminating A4,Jasa,lembar,1,5000,0,5000,Transfer,Dimas,258000.0,,-999,
TRX250697,2025-09-23 08:48:00,AGT1131,Buku Tulis 38lbr,Alat Tulis,pcs,8,5500,0,44000,QRIS,Sari,164000.0,1.735,3,
TRX251028,2025-09-16 17:57:00,AGT1147,Print Warna A4,Jasa,lembar,7,2000,0,14000,Saldo Koperasi,Rina,354000.0,,5,
TRX251387,15/11/2025 11:19,AGT1180 ,Teh Botol,Minuman,botol,6,6000,0,36000,QRIS,Rina,1014000.0,0.511,3,Pesanan titipan
TRX251189,2025-10-05 13:56:00,AGT1179,Nasi Bungkus,Makanan,porsi,7,12000,0,84000,QRIS,Rina,147000.0,2.851,3,Pelanggan tetap
TRX250701,2025-09-01 15:59:00,AGT1244,Susu Kotak,Minuman,botol,2,7500,0,15000,QRIS,Bagus,22000.0,1.127,5,Pesanan titipan
TRX251201,2025-11-17 11:10:00,AGT1207,Mi Instan Rebus,Makanan,porsi,7,10000,0,70000,Saldo Koperasi,Rina,504000.0,3.006,4,
TRX250634,2025-09-18 09:23:00,AGT1206,Air Mineral 600ml,Minuman,botol,7,4000,0,28000,Transfer,Sari,,3.317,4,
TRX251022,2025-09-01 10:35:00,AGT1223 ,Map Plastik,ATK,pcs,5,4000,5,19000,Saldo Koperasi,Sari,183000.0,2.874,4,Pelanggan tetap
TRX251415,2025-11-03 07:03:00,AGT1175,Gorengan 5pcs,Makanan,porsi,4,6000,0,24000,QRIS,Bagus,282000.0,1.86,4,Promo mingguan
TRX251361,13/08/2025 08:48,AGT1208,Fotokopi A4,ATK,pcs,8,500,0,4000,transfer,Rina,180000.0,3.303,4,
TRX250881,2025-08-06 09:12:00,AGT1116,Map Plastik,ATK,pcs,7,4000,0,28000,Tunai,Sari,288000.0,0.929,4,Pesanan titipan
TRX251231,2025-11-06 08:56:00,AGT1123,Susu Kotak,Minuman,botol,2,7500,5,14250,QRIS,Dimas,21000.0,0.121,5,Minta struk
TRX250949,2025-10-04 11:57:00,AGT1171,Roti Isi,Makanan,porsi,3,8000,0,24000,tunai,Dimas,,0.221,5,Pesanan titipan
TRX251464,27/08/2025 13:40,AGT1152,Laminating A4,Jasa,lembar,7,5000,0,35000,Tunai,Rina,186000.0,,4,
TRX250815,2025-08-29 17:45:00,AGT1246,Kopi Sachet,Minuman,botol,5,5000,0,25000,Saldo Koperasi,Rina,312000.0,1.593,4,
TRX251094,2025-09-24 14:11:00,AGT1180,Pulpen Hitam,ATK,pcs,4,3500,0,14000,Tunai,Bagus,195000.0,0.561,4,Pelanggan tetap
TRX250053,25/10/2025 15:14,AGT1042,Nasi Bungkus,Makanan,porsi,4,12000,0,96000,Tunai,Bagus,145000.0,0.681,2,
TRX251191,2025-08-21 08:49:00,AGT1255,Nasi Bungkus,Makanan,porsi,8,12000,0,Rp 96.000,QRIS,Sari,26000.0,3.727,4,
TRX250937,2025-10-29 10:09:00,AGT1034,Pulpen Hitam,ATK,pcs,2,3500,0,7000,QRIS,Rina,120000.0,0.613,4,
TRX250060,2025-11-28 12:57:00,AGT1024,Kopi Sachet,Minuman,botol,3,5000,0,15000,Tunai,Rina,331000.0,0.449,5,Minta struk
TRX251034,22/10/2025 09:52,AGT1187,Susu Kotak,Minuman,botol,5,7500,5,35625,QRIS,Rina,679000.0,2.612,2,
TRX251331,2025-11-01 12:11:00,AGT1174,Air Mineral 600ml,MINUMAN,botol,4,4000,0,16000,Tunai,Dimas,739000.0,1.36,4,
TRX250621,2025-08-03 08:52:00,AGT1002,Jilid Spiral,Jasa,lembar,5,8000,0,40000,QRIS,Sari,87000.0,,4,
TRX250930,2025-09-08 15:59:00,AGT1090,Map Plastik,ATK,pcs,7,4000,0,28000,Tunai,Bagus,476000.0,1.14,3,
TRX250135,2025-08-03 13:24:00,AGT1106,Mi Instan Rebus,Makanan,porsi,4,10000,0,40000,QRIS,Bagus,281000.0,0.763,5,
TRX251056,2025-09-09 08:49:00,AGT1206,Gorengan 5pcs,Makanan,porsi,7,6000,0,42000,QRIS,Rina,325000.0,0.913,4,
TRX250614,2025-10-08 17:20:00,AGT1132,Print Warna A4,Jasa,lembar,8,2000,0,16000,Saldo Koperasi,Rina,636000.0,,4,Minta struk
TRX250437,2025-11-19 16:54:00,AGT1180,Fotokopi A4,ATK,pcs,5,500,0,2500,Transfer,Bagus,148000.0,2.406,5,
TRX251348,23/10/2025 09:52,AGT1138,Nasi Bungkus,Makanan,porsi,3,12000,0,36000,Tunai,bagus,112000.0,1.601,5,
TRX250780,2025-11-26 13:43:00,AGT1244,Laminating A4,Jasa,lembar,7,5000,0,35000,Transfer,Bagus,66000.0,,5,
TRX250057,13/08/2025 14:41,AGT1099 ,Buku Tulis 38lbr,ATK,pcs,8,5500,0,44000,Saldo Koperasi,Bagus,379000.0,0.835,5,Promo mingguan
TRX251131,2025-10-23 09:40:00,AGT1004,Pulpen Hitam,ATK,pcs,6,3500,0,21000,QRIS,Sari,2652000.0,3.028,4,
TRX250763,2025-09-29 08:56:00,AGT1016,Susu Kotak,Minuman,botol,7,7500,0,52500,Saldo Koperasi,Sari,448000.0,1.311,4,
TRX250132,2025-11-05 13:17:00,AGT1010,Susu Kotak,Minuman,botol,2,7500,0,15000,QRIS,Rina,720000.0,0.887,4,
TRX251115,2025-08-20 11:07:00,AGT1133,Gorengan 5pcs,Makanan,porsi,8,6000,0,48000,QRIS,Rina,,2.036,5,
TRX250951,2025-10-23 11:31:00,AGT1245,Fotokopi A4,ATK,pcs,7,500,0,3500,QRIS,Dimas,448000.0,1.467,4,
TRX251193,2025-10-05 12:58:00,AGT1018,Susu Kotak, Minuman ,botol,1,7500,10,6750,tunai,Rina,595000.0,0.147,3,Minta struk
TRX250196,2025-08-06 08:32:00,AGT1140,Pulpen Hitam,ATK,pcs,4,3500,10,12600,tunai,Dimas,92000.0,0.596,5,
TRX250990,2025-10-09 17:58:00,AGT1042,Roti Isi,Makanan,porsi,3,8000,0,Rp 24.000,Tunai,Bagus,,1.227,3,Pelanggan tetap
TRX251002,2025-11-06 09:04:00,AGT1083,Pulpen Hitam,ATK,pcs,1,3500,10,3150,QRIS,Sari,334000.0,,5,
TRX250871,2025-09-21 15:46:00,AGT1168,Roti Isi,Makanan,porsi,8,8000,0,64000,Tunai,Bagus,472000.0,3.496,5,
TRX250108,2025-08-02 07:32:00,AGT1252,Susu Kotak, Minuman ,botol,4,7500,0,30000,Tunai,Rina,417000.0,1.955,4,
TRX250974,2025-11-05 13:44:00,AGT1116,Air Mineral 600ml,Minuman,botol,6,4000,0,Rp 24.000,Transfer,Rina,140000.0,3.392,4,
TRX251322,05/10/2025 14:08,AGT1177,Air Mineral 600ml,Minuman,botol,2,4000,0,8000,Qris ,Rina,206000.0,0.852,5,
TRX250758,2025-11-10 13:41:00,AGT1006,Pulpen Hitam,Alat Tulis,pcs,5,3500,0,17500,QRIS,Bagus,151000.0,1.972,4,
TRX250072,16/11/2025 08:23,AGT1054,Air Mineral 600ml,Minuman,botol,-4,4000,0,16000,QRIS,Rina,264000.0,2.081,4,
TRX251082,2025-09-11 15:08:00,AGT1153,Mi Instan Rebus,Makanan,porsi,7,10000,0,70000,Tunai,Bagus,18000.0,2.644,4,Pesanan titipan
TRX251295,2025-11-11 15:54:00,AGT1029,Susu Kotak,Minuman,botol,7,7500,0,52500,Transfer,Rina,417000.0,2.357,5,
TRX250731,2025-11-11 12:08:00,AGT1086,Nasi Bungkus,Makanan,porsi,7,12000,0,84000,Tunai,Sari,444000.0,2.119,4,Pesanan titipan
TRX251262,2025-09-13 16:12:00,AGT1012,Jilid Spiral,Jasa,lembar,3,8000,0,Rp 24.000,Tunai,Dimas,85000.0,,2,Minta struk
TRX250989,2025-10-25 12:25:00,AGT1061,Map Plastik,ATK,pcs,8,4000,0,32000,Tunai,Rina,316000.0,2.962,3,Pesanan titipan
TRX250324,2025-08-04 15:01:00,AGT1062,Gorengan 5pcs,Makanan,porsi,2,6000,0,12000,Tunai,Sari,646000.0,0.499,5,
TRX250619,2025-11-10 08:56:00,AGT1003,Roti Isi,MAKANAN,porsi,7,8000,0,56000,Tunai,Rina,507000.0,2.52,4,Pelanggan tetap
TRX251347,2025-09-02 17:43:00,AGT1164,Print Warna A4,JASA,lembar,7,2000,0,14000,QRIS,Dimas,237000.0,,4,
TRX251097,2025-09-30 10:27:00,AGT1258,Air Mineral 600ml,Minuman,botol,5,4000,10,Rp 18.000,QRIS,Bagus,,2.146,5,
TRX250917,2025-08-16 14:33:00,AGT1048,Teh Botol,Minuman,botol,6,6000,5,34200,Transfer,Rina,308000.0,3.506,5,Pelanggan tetap
TRX250531,2025-08-11 12:34:00,AGT1253,Map Plastik,Alat Tulis,pcs,6,4000,5,22800,Saldo Koperasi,Bagus,,0.888,5,
TRX251465,2025-11-25 09:13:00,AGT1209,Nasi Bungkus,MAKANAN,porsi,1,12000,0,12000,Tunai,Sari,471000.0,0.257,4,Pesanan titipan
TRX250211,2025-08-10 07:34:00,AGT1227,Mi Instan Rebus,Makanan,porsi,4,10000,0,Rp 40.000,Transfer,Dimas,818000.0,0.274,3,Pelanggan tetap
TRX250217,2025-09-20 14:01:00,AGT1128,Nasi Bungkus,Makanan,porsi,4,12000,0,Rp 48.000,QRIS,Dimas,37000.0,1.792,5,
TRX250010,2025-09-26 09:55:00,AGT1039,Kopi Sachet, Minuman ,botol,8,5000,0,Rp 40.000,tunai,Dimas,708000.0,1.009,4,
TRX250170,2025-09-23 10:27:00,AGT1002,Paket Data 3GB,Pulsa,voucher,0,35000,0,70000,Transfer,Rina,,,5,
TRX250480,2025-11-06 14:41:00,AGT1051,Air Mineral 600ml,Minuman,botol,7,4000,0,28000,Saldo Koperasi,Bagus,,1.946,4,Minta struk
TRX251416,23/08/2025 13:55,AGT1253,Roti Isi,Makanan,porsi,2,8000,0,16000,Tunai,Bagus,503000.0,1.008,4,
TRX250231,2025-10-17 15:37:00,AGT1187,Buku Tulis 38lbr,ATK,pcs,6,5500,0,33000,Saldo Koperasi,Bagus,1106000.0,1.633,4,Pelanggan tetap
TRX251173,2025-10-16 15:12:00,AGT1119,Nasi Bungkus,Makanan,porsi,4,12000,0,48000,Saldo Koperasi,Rina,66000.0,1.155,4,
TRX251242,2025-10-01 13:53:00,AGT1165,Laminating A4,Jasa,lembar,4,5000,0,20000,QRIS,Dimas,930000.0,,5,
TRX250461,05/09/2025 14:02,AGT1032,Susu Kotak,Minuman,botol,5,7500,0,37500,QRIS,Sari,339000.0,1.419,3,
TRX251221,2025-09-05 10:44:00,AGT1043,Teh Botol,Minuman,botol,4,6000,0,24000,Tunai,Bagus,67000.0,0.27,4,
TRX251204,2025-08-16 15:22:00,AGT1022,Laminating A4,Jasa,lembar,4,5000,0,20000,Tunai,Sari,169000.0,,3,
TRX250313,03/11/2025 08:12,AGT1002,Roti Isi,Makanan,porsi,7,8000,0,56000,qris,Sari,959000.0,3.253,4,
TRX250998,2025-08-12 16:59:00,AGT1180,Kopi Sachet,Minuman,botol,8,5000,0,40000,QRIS,Dimas,120000.0,4.065,4,
TRX251459,02/08/2025 17:07,AGT1170,Roti Isi,Makanan,porsi,-4,8000,0,32000,QRIS,Sari,132000.0,1.938,4,Minta struk
TRX251443,2025-09-28 11:47:00,AGT1140,Gorengan 5pcs,Makanan,porsi,6,6000,0,Rp 36.000,Tunai,Rina,121000.0,2.866,4,
TRX250230,2025-10-12 15:10:00,AGT1179,Buku Tulis 38lbr,ATK,pcs,8,5500,0,44000,Transfer,Sari,1913000.0,1.011,5,
TRX250145,2025-08-05 09:39:00,AGT1136,Map Plastik,ATK,pcs,2,4000,0,8000,Tunai,Bagus,68000.0,,4,
TRX251215,18/11/2025 09:17,AGT1054,Pulsa 10rb,Pulsa,voucher,1,12000,0,12000,Tunai,Rina,37000.0,,4,
TRX250659,2025-09-25 08:01:00,AGT1124,Pulsa 25rb,Pulsa,voucher,2,27000,0,54000,Saldo Koperasi,Sari,1005000.0,,5,
TRX250753,2025-08-12 10:56:00,AGT1244,Fotokopi A4,ATK,pcs,-8,500,0,4000,QRIS,Dimas,99000.0,2.393,5,
TRX250538,2025-09-10 10:49:00,AGT1164 ,Roti Isi,Makanan,porsi,6,8000,0,Rp 48.000,Tunai,Bagus,125000.0,2.002,3,
TRX250088,2025-10-09 10:18:00,AGT1122,Nasi Bungkus,Makanan,porsi,6,12000,10,64800,Tunai,Sari,116000.0,2.234,3,
TRX250723,2025-11-01 08:44:00,AGT1072,Kopi Sachet,Minuman,botol,3,5000,0,15000,Tunai,Sari,73000.0,0.611,4,
TRX250610,2025-09-29 16:42:00,AGT1231,Teh Botol,Minuman,botol,8,6000,0,48000,Tunai,Bagus,,3.692,4,
TRX250574,2025-10-20 17:41:00,AGT1073,Buku Tulis 38lbr,ATK,pcs,2,5500,0,Rp 11.000,Tunai,Rina,363000.0,,4,
TRX250821,2025-11-07 10:30:00,AGT1042,Pulsa 10rb,Pulsa,voucher,2,12000,10,Rp 21.600,Tunai,Dimas,190000.0,,4,
TRX250557,2025-11-20 09:52:00,AGT1212,Teh Botol,Minuman,botol,3,6000,0,18000,QRIS,Rina,,1.318,5,Pesanan titipan
TRX250746,2025-10-02 17:33:00,AGT1248,Map Plastik,Alat Tulis,pcs,2,4000,0,Rp 8.000,Tunai,Bagus,,,4,
TRX250332,18/09/2025 16:35,AGT1121,Air Mineral 600ml,Minuman,botol,2,4000,5,7600,Tunai,Rina,,1.012,4,
TRX250824,2025-11-05 12:59:00,AGT1226,Kopi Sachet,Minuman,botol,4,5000,0,Rp 20.000,Saldo Koperasi,Rina,473000.0,0.237,4,
TRX250038,2025-08-12 13:09:00,AGT1105,Kopi Sachet,MINUMAN,botol,5,5000,0,Rp 25.000,Transfer,Bagus,94000.0,2.108,5,
TRX250866,2025-09-07 16:51:00,AGT1148,Mi Instan Rebus, Makanan ,porsi,6,10000,10,54000,QRIS,Dimas,578000.0,1.868,5,
TRX250150,2025-10-27 07:40:00,AGT1188,Kopi Sachet,Minuman,botol,6,5000,0,30000,Transfer,Sari,183000.0,2.222,4,Pelanggan tetap
TRX250219,2025-09-06 10:52:00,AGT1001,Teh Botol,Minuman,botol,8,6000,0,48000,Tunai,Bagus,,1.706,3,
TRX251294,2025-11-22 08:54:00,AGT1088,Roti Isi,Makanan,porsi,7,8000,5,53200,Saldo Koperasi,Bagus,140000.0,2.825,4,
TRX250618,2025-11-05 08:15:00,AGT1015,Nasi Bungkus,Makanan,porsi,1,12000,0,12000,QRIS,Sari,202000.0,0.485,5,Pelanggan tetap
TRX250267,2025-09-17 14:27:00,AGT1169,Paket Data 3GB,Pulsa,voucher,1,35000,0,35000,Saldo Koperasi,Sari,106000.0,,5,
TRX250237,2025-10-04 10:00:00,AGT1080,Gorengan 5pcs,Makanan,porsi,6,6000,0,36000,Tunai,Rina,246000.0,0.916,5,
TRX251144,07/11/2025 08:19,AGT1170,Map Plastik,ATK,pcs,2,4000,0,8000,Tunai,Sari,261000.0,0.811,4,
TRX250181,2025-08-11 13:03:00,AGT1061,Teh Botol,Minuman,botol,2,6000,0,6000,QRIS,Dimas,135000.0,0.422,5,Pelanggan tetap
TRX251073,19/11/2025 13:05,AGT1182,Mi Instan Rebus,Makanan,porsi,5,10000,0,50000,qris,Dimas,270000.0,0.534,4,
TRX250321,2025-08-17 07:09:00,AGT1155,Pulpen Hitam,ATK,pcs,1,3500,5,3325,QRIS,Dimas,1496000.0,0.554,4,Pelanggan tetap
TRX250045,2025-09-21 17:43:00,AGT1055,Roti Isi,Makanan,porsi,8,8000,0,32000,Saldo Koperasi,Dimas,689000.0,2.745,-999,
TRX251247,2025-10-30 07:23:00,AGT1082,Paket Data 3GB,Pulsa,voucher,2,35000,0,70000,QRIS,Rina,1358000.0,,3,Minta struk
TRX250755,10/10/2025 14:47,AGT1204,Gorengan 5pcs,Makanan,porsi,4,6000,0,24000,Saldo Koperasi,Dimas,56000.0,1.001,4,
TRX250554,05/10/2025 17:55,AGT1108,Pulsa 25rb,Pulsa,voucher,1,27000,0,27000,QRIS,Dimas,101000.0,,4,Pelanggan tetap
TRX250901,27/08/2025 16:24,AGT1248,Fotokopi A4,ATK,pcs,5,500,0,2500,-,Sari,127000.0,0.732,4,
TRX250462,2025-09-10 12:22:00,AGT1216,Fotokopi A4,ATK,pcs,8,500,0,4000,Tunai,Dimas,638000.0,3.053,4,
TRX251006,2025-10-20 17:08:00,AGT1246,Gorengan 5pcs,Makanan,porsi,7,6000,0,42000,Saldo Koperasi,Dimas,665000.0,2.571,4,
TRX250811,2025-10-12 13:04:00,AGT1142,Mi Instan Rebus,Makanan,porsi,3,10000,0,30000,QRIS,Rina,661000.0,1.292,5,
TRX250027,18/08/2025 16:00,AGT1130,Jilid Spiral,JASA,lembar,1,8000,5,7600,QRIS,Bagus,,,4,
TRX250246,2025-11-13 11:50:00,AGT1245,Mi Instan Rebus,Makanan,porsi,8,10000,0,Rp 80.000,Transfer,Dimas,160000.0,3.954,3,Pelanggan tetap
TRX251348,23/10/2025 09:52,AGT1138,Nasi Bungkus,Makanan,porsi,3,12000,0,36000,Tunai,Bagus,112000.0,1.601,5,Pesanan titipan
TRX250540,2025-11-03 07:39:00,AGT1246,Teh Botol,Minuman,botol,2,6000,0,12000,QRIS,Bagus,999000.0,0.131,3,
TRX250471,2025-09-23 14:55:00,AGT1142,Roti Isi,Makanan,porsi,7,8000,0,56000,Tunai,Sari,106000.0,4.099,4,
TRX251198,2025-10-27 12:26:00,AGT1248,Buku Tulis 38lbr,ATK,pcs,4,5500,0,Rp 22.000,Transfer,Rina,140000.0,0.883,5,
TRX250343,2025-08-05 09:10:00,AGT1259 ,Teh Botol,Minuman,botol,7,6000,0,42000,Saldo Koperasi,Sari,189000.0,3.792,4,
TRX251093,2025-09-08 08:49:00,AGT1243 ,Nasi Bungkus,Makanan,porsi,5,12000,0,60000,Saldo Koperasi,Sari,,1.672,5,Promo mingguan
TRX250660,2025-11-24 12:13:00,AGT1173,Pulsa 25rb,Pulsa,voucher,2,27000,0,54000,Tunai,Sari,104000.0,,3,Pesanan titipan
TRX250351,2025-08-23 12:56:00,AGT1201,Gorengan 5pcs,Makanan,porsi,7,6000,0,42000,qris,Dimas,101000.0,3.384,4,
TRX250050,2025-11-12 09:49:00,AGT1223,Kopi Sachet,Minuman,botol,6,5000,0,30000,Tunai,Sari,,1.813,3,
TRX250346,18/09/2025 16:33,AGT1117,Jilid Spiral,Jasa,lembar,6,8000,0,48000,QRIS,Bagus,527000.0,,4,
TRX250433,2025-08-28 09:29:00,AGT1126,Map Plastik,ATK,pcs,7,4000,0,28000,QRIS,Dimas,73000.0,1.161,4,Minta struk
TRX251121,11/11/2025 15:05,AGT1098,Buku Tulis 38lbr,ATK,pcs,1,5500,0,5500,Tunai,Bagus,462000.0,0.062,5,
TRX250456,2025-10-20 11:13:00,AGT1162,Gorengan 5pcs,MAKANAN,porsi,8,6000,0,48000,QRIS,Rina,544000.0,4.657,2,
TRX250453,2025-08-14 17:23:00,AGT1034 ,Kopi Sachet,Minuman,botol,8,5000,0,40000,QRIS,Sari,350000.0,1.004,3,Minta struk
TRX251061,2025-08-28 08:05:00,AGT1066,Pulsa 25rb,Pulsa,voucher,1,27000,0,27000,Tunai,Sari,429000.0,,5,
TRX250532,2025-11-11 15:31:00,AGT1123,Air Mineral 600ml,Minuman,botol,5,4000,0,Rp 20.000,QRIS,Bagus,,0.377,4,Pelanggan tetap
TRX250748,2025-10-11 13:00:00,AGT1231,Map Plastik,ATK,pcs,1,4000,0,Rp 4.000,Tunai,Rina,123000.0,0.515,4,
TRX250223,04/08/2025 15:51,AGT1212,Air Mineral 600ml,Minuman,botol,5,4000,0,20000,Tunai,Bagus,364000.0,1.711,3,
TRX250111,2025-10-28 11:57:00,AGT1106,Buku Tulis 38lbr,ATK,pcs,8,5500,0,Rp 44.000,Tunai,Dimas,149000.0,3.709,4,
TRX251315,02/09/2025 08:20,AGT1048 ,Mi Instan Rebus,Makanan,porsi,7,10000,0,70000,Transfer,Rina,,1.043,-999,
TRX251308,2025-09-16 08:06:00,AGT1186,Gorengan 5pcs,Makanan,porsi,5,6000,0,30000,Saldo Koperasi,Sari,438000.0,1.181,4,
TRX251023,09/11/2025 16:13,AGT1181,Map Plastik,ATK,pcs,3,4000,5,11400,QRIS,Sari,76000.0,1.598,4,
TRX250272,2025-08-24 15:30:00,AGT1136,Gorengan 5pcs,Makanan,porsi,2,6000,0,12000,Transfer,Rina,79000.0,0.887,4,
TRX250705,2025-11-12 07:45:00,AGT1095,Nasi Bungkus,Makanan,porsi,4,12000,0,48000,Tunai,Dimas,499000.0,1.433,3,
TRX250783,2025-09-03 08:33:00,AGT1229,Laminating A4,Jasa,lembar,8,5000,0,40000,Saldo Koperasi,Rina,,,4,Minta struk
TRX251015,2025-10-23 08:41:00,AGT1001,Paket Data 3GB,Pulsa,voucher,2,35000,0,70000,Saldo Koperasi,Sari,244000.0,,3,
TRX250712,2025-10-27 07:34:00,AGT1129,Gorengan 5pcs,Makanan,porsi,7,6000,5,Rp 39.900,tunai,Bagus,725000.0,2.596,5,
TRX250507,2025-10-31 14:12:00,AGT1016,Buku Tulis 38lbr,ATK,pcs,3,5500,0,16500,QRIS,Sari,1119000.0,1.396,4,
TRX250139,2025-09-14 14:50:00,AGT1237,Nasi Bungkus,Makanan,porsi,3,12000,0,Rp 36.000,QRIS,Sari,111000.0,0.848,4,
TRX251150,2025-09-03 11:11:00,AGT1241,Roti Isi,Makanan,porsi,6,8000,0,48000,Tunai,Dimas,275000.0,0.922,4,
TRX250695,2025-11-06 07:22:00,AGT1017,Air Mineral 600ml,Minuman,botol,1,4000,0,Rp 4.000,Saldo Koperasi,Sari,871000.0,0.317,4,
TRX251071,08/09/2025 17:07,AGT1066,Roti Isi,Makanan,porsi,2,8000,0,16000,Tunai,Dimas,2118000.0,1.107,3,Pelanggan tetap
TRX250840,2025-08-25 15:22:00,AGT1195,Gorengan 5pcs,Makanan,porsi,4,6000,0,Rp 24.000,Tunai,Sari,564000.0,2.186,4,
TRX250761,2025-09-19 12:25:00,AGT1023,Laminating A4,Jasa,lembar,8,5000,0,40000,-,Bagus,304000.0,,5,
TRX251138,2025-09-29 13:40:00,AGT1136 ,Pulsa 25rb,PULSA,voucher,2,27000,0,54000,Tunai,Sari,187000.0,,4,Pesanan titipan
TRX250100,2025-10-28 09:57:00,AGT1196,Nasi Bungkus,Makanan,porsi,5,12000,10,54000,qris,Rina,90000.0,1.722,-999,
TRX250845,2025-08-24 08:55:00,AGT1035,Nasi Bungkus,Makanan,porsi,2,12000,0,24000,Tunai,Bagus,122000.0,0.253,4,
TRX251060,14/09/2025 12:08,AGT1008 ,Air Mineral 600ml,Minuman,botol,3,4000,0,12000,Tunai,Bagus,147000.0,0.661,4,
TRX250552,2025-11-11 15:10:00,AGT1246,Kopi Sachet,Minuman,botol,5,5000,0,25000,QRIS,Sari,299000.0,2.221,5,
TRX251135,2025-10-14 08:05:00,AGT1149,Susu Kotak,Minuman,botol,6,7500,0,45000,Tunai,Sari,81000.0,0.774,4,
TRX250785,2025-08-16 10:26:00,AGT1034,Mi Instan Rebus,Makanan,porsi,1,10000,0,10000,QRIS,Bagus,239000.0,0.271,3,Pesanan titipan
TRX250473,2025-09-14 17:19:00,AGT1042,Air Mineral 600ml,Minuman,botol,6,4000,0,24000,Transfer,Rina,71000.0,1.354,5,
TRX250102,08/08/2025 16:59,AGT1050,Air Mineral 600ml,Minuman,botol,6,4000,0,24000,Transfer,Bagus,225000.0,3.048,5,
TRX251380,2025-08-29 15:16:00,AGT1182,Roti Isi,Makanan,porsi,1,8000,0,8000,Transfer,Dimas,79000.0,0.587,4,
TRX250030,2025-08-30 17:20:00,AGT1060,Map Plastik,ATK,pcs,3,4000,0,12000,Tunai,Rina,63000.0,0.935,4,
TRX250969,2025-10-27 16:31:00,AGT1092,Teh Botol,Minuman,botol,5,6000,5,28500,Tunai,dimas,,2.579,4,
TRX250516,2025-10-23 16:48:00,AGT1135,Pulpen Hitam,ATK,pcs,5,3500,5,16625,Saldo Koperasi,dimas,179000.0,2.291,4,
TRX251234,2025-08-08 11:54:00,AGT1039,Nasi Bungkus,Makanan,porsi,7,12000,0,84000,Tunai,Dimas,784000.0,2.317,5,Pesanan titipan
TRX250187,2025-10-16 17:24:00,AGT1237,Gorengan 5pcs,Makanan,porsi,4,6000,0,24000,QRIS,Bagus,76000.0,2.064,4,
TRX250510,2025-10-03 07:03:00,AGT1105,Susu Kotak,Minuman,botol,7,7500,0,Rp 52.500,Tunai,Sari,301000.0,3.949,5,
TRX250544,2025-08-08 13:28:00,AGT1245,Roti Isi,Makanan,porsi,1,8000,0,Rp 8.000,Tunai,Dimas,816000.0,0.453,4,
TRX251379,2025-11-26 14:40:00,AGT1230,Pulsa 25rb,Pulsa,voucher,2,27000,0,54000,Tunai,Sari,103000.0,,4,Minta struk
TRX250644,19/08/2025 17:15,AGT1237,Teh Botol,Minuman,botol,5,6000,0,30000,Tunai,Rina,330000.0,2.358,4,
TRX251275,2025-08-26 14:13:00,AGT1164,Pulpen Hitam,ATK,pcs,6,3500,0,21000,QRIS,Dimas,137000.0,1.542,4,Pesanan titipan
TRX250418,20/09/2025 13:21,AGT1159,Susu Kotak,MINUMAN,botol,8,7500,0,60000,QRIS,Rina,186000.0,0.506,5,
TRX250517,2025-11-23 11:08:00,AGT1253,Air Mineral 600ml,Minuman,botol,6,4000,0,24000,QRIS,Sari,723000.0,2.775,5,
TRX250837,2025-08-05 11:44:00,AGT1087,Mi Instan Rebus,Makanan,porsi,2,10000,0,20000,Saldo Koperasi,Bagus,160000.0,1.096,3,Pelanggan tetap
TRX250602,2025-09-28 10:12:00,AGT1217,Pulsa 25rb,Pulsa,voucher,2,27000,0,54000,Tunai,Sari,462000.0,,3,
TRX250722,2025-09-04 17:37:00,AGT1190,Buku Tulis 38lbr,Alat Tulis,pcs,4,5500,0,22000,Transfer,Dimas,110000.0,0.629,5,Minta struk
TRX250734,2025-10-14 07:49:00,AGT1163,Teh Botol,Minuman,botol,7,6000,0,42000,Transfer,Sari,227000.0,1.297,4,
TRX250141,2025-09-09 13:37:00,AGT1040,Air Mineral 600ml,Minuman,botol,1,4000,0,4000,Tunai,Bagus,47000.0,0.213,4,Pesanan titipan
TRX250260,2025-10-09 16:11:00,AGT1086,Nasi Bungkus,Makanan,porsi,4,12000,0,Rp 48.000,Tunai,Sari,264000.0,1.1,5,Pelanggan tetap
TRX251481,2025-10-29 08:00:00,AGT1069,Nasi Bungkus,Makanan,porsi,3,12000,0,36000,QRIS,Rina,285000.0,1.465,5,
TRX251266,2025-10-23 14:28:00,AGT1046,Mi Instan Rebus,Makanan,porsi,2,10000,0,20000,Tunai,Dimas,439000.0,0.946,5,Pelanggan tetap
TRX251281,2025-09-19 07:38:00,AGT1054,Nasi Bungkus,Makanan,porsi,7,12000,0,84000,Tunai,Bagus,468000.0,2.859,5,Pelanggan tetap
TRX250062,20/09/2025 17:14,AGT1089,Print Warna A4,Jasa,lembar,7,2000,0,14000,Transfer,Sari,111000.0,,4,
TRX250458,2025-11-16 07:00:00,AGT1205,Map Plastik,ATK,pcs,6,4000,0,24000,Saldo Koperasi,Rina,110000.0,2.167,4,
TRX251136,2025-10-07 14:07:00,AGT1119,Map Plastik,ATK,pcs,3,4000,0,12000,Saldo Koperasi,Sari,128000.0,0.902,3,
TRX250227,25/09/2025 10:29,AGT1052,Roti Isi,Makanan,porsi,1,8000,5,Rp 7.600,QRIS,Bagus,888000.0,0.255,4,
TRX250865,2025-08-14 17:57:00,AGT1219,Fotokopi A4, ATK ,pcs,5,500,10,2250,Tunai,Rina,180000.0,1.679,5,
TRX250358,20/10/2025 07:38,AGT1242,Fotokopi A4,ATK,pcs,4,500,0,2000,Tunai,Sari,,1.197,4,
TRX251148,2025-11-09 10:08:00,AGT1248,Pulsa 25rb, Pulsa ,voucher,1,27000,0,27000,QRIS,Sari,269000.0,,4,
TRX250130,2025-09-12 07:53:00,AGT1007,Susu Kotak,Minuman,botol,4,7500,0,30000,QRIS,Sari,193000.0,1.078,5,
TRX250641,2025-10-07 17:17:00,AGT1098,Nasi Bungkus,Makanan,porsi,2,12000,0,Rp 24.000,Tunai,Dimas,245000.0,0.785,5,
TRX250279,28/11/2025 11:07,AGT1161,Pulsa 10rb,Pulsa,voucher,1,12000,0,Rp 12.000,Saldo Koperasi,Sari,234000.0,,3,
TRX250675,2025-11-13 07:53:00,AGT1011,Fotokopi A4,Alat Tulis,pcs,0,500,0,1000,tunai,Dimas,552000.0,1.085,4,Pelanggan tetap
TRX251397,2025-09-01 17:16:00,AGT1026,Buku Tulis 38lbr,ATK,pcs,2,5500,0,11000,QRIS,Sari,1144000.0,1.163,5,
TRX251240,21/09/2025 15:31,AGT1038,Roti Isi,Makanan,porsi,8,8000,0,64000,QRIS,Rina,82000.0,2.2,5,
TRX251114,2025-11-08 10:26:00,AGT1158,Laminating A4,Jasa,lembar,5,5000,5,23750,Saldo Koperasi,Sari,384000.0,,3,Pesanan titipan
TRX250805,2025-11-03 11:45:00,AGT1108,Susu Kotak,Minuman,botol,8,7500,0,60000,QRIS,Sari,,2.192,3,Pelanggan tetap
TRX250833,2025-09-21 10:48:00,AGT1176,Buku Tulis 38lbr,ATK,pcs,3,5500,0,Rp 16.500,QRIS,Sari,310000.0,1.256,5,
TRX250489,2025-11-12 13:44:00,AGT1219,Fotokopi A4,ATK,pcs,1,500,5,Rp 475,Saldo Koperasi,Sari,758000.0,0.09,4,Pesanan titipan
TRX251105,2025-09-30 09:39:00,AGT1224,Mi Instan Rebus,Makanan,porsi,8,10000,0,40000,Transfer,Sari,345000.0,4.366,3,
TRX251133,2025-09-18 16:47:00,AGT1021,Gorengan 5pcs,Makanan,porsi,8,6000,0,48000,QRIS,Sari,345000.0,3.508,5,
TRX251489,11/08/2025 09:35,AGT1024,Susu Kotak,Minuman,botol,7,7500,0,525000,QRIS,Sari,661000.0,2.005,4,
TRX250958,2025-11-18 13:50:00,AGT1219,Kopi Sachet,Minuman,botol,4,5000,10,18000,QRIS,Bagus,306000.0,2.129,4,
TRX250909,2025-10-24 16:34:00,AGT1172,Roti Isi,Makanan,porsi,1,8000,0,Rp 8.000,Tunai,Rina,118000.0,0.289,3,
TRX250341,2025-11-28 16:01:00,AGT1122,Air Mineral 600ml, Minuman ,botol,1,4000,0,4000,Saldo Koperasi,Bagus,,0.414,4,Minta struk
TRX250159,2025-08-02 09:24:00,AGT1249,Pulpen Hitam,ATK,pcs,2,3500,0,7000,Tunai,Bagus,197000.0,0.202,-999,
TRX250372,20/09/2025 09:27,AGT1045,Paket Data 3GB,Pulsa,voucher,1,35000,0,35000,Transfer,Bagus,138000.0,,4,
TRX251004,13/09/2025 14:48,AGT1214,Fotokopi A4,Alat Tulis,pcs,7,500,0,3500,QRIS,Bagus,252000.0,1.105,5,
TRX251353,17/11/2025 13:49,AGT1072,Paket Data 3GB,Pulsa,voucher,2,35000,10,63000,Qris ,Bagus,173000.0,,4,Minta struk
TRX251312,2025-09-20 07:10:00,AGT1120,Air Mineral 600ml,Minuman,botol,8,4000,0,32000,Tunai,Bagus,72000.0,3.98,5,
TRX250742,2025-08-17 14:18:00,AGT1008,Teh Botol,Minumam,botol,7,6000,0,Rp 42.000,QRIS,Bagus,108000.0,1.132,3,
TRX250667,2025-11-07 08:54:00,AGT1247,Air Mineral 600ml,Minuman,botol,2,4000,0,8000,Qris ,Sari,1054000.0,1.031,3,
TRX250478,2025-08-19 17:25:00,AGT1084,Laminating A4,Jasa,lembar,7,5000,0,35000,QRIS,Rina,927000.0,,4,Promo mingguan
TRX250142,2025-08-23 15:04:00,AGT1157,Air Mineral 600ml,Minuman,botol,3,4000,0,12000,Saldo Koperasi,Dimas,63000.0,1.019,5,
TRX251255,2025-10-09 16:57:00,AGT1148,Map Plastik,ATK,pcs,-6,4000,0,12000,-,Bagus,159000.0,3.589,5,Minta struk
TRX251319,2025-08-05 13:43:00,AGT1233,Nasi Bungkus,Makanan,porsi,2,12000,0,24000,Saldo Koperasi,Sari,61000.0,0.415,5,
TRX250409,2025-08-17 07:34:00,AGT1144,Jilid Spiral,Jasa,lembar,2,8000,0,16000,QRIS,Rina,321000.0,,3,
TRX251038,2025-09-22 09:29:00,AGT1208,Nasi Bungkus,Makanan,porsi,3,12000,0,36000,Tunai,Rina,199000.0,0.319,3,Pelanggan tetap
TRX251450,2025-11-09 13:05:00,AGT1209,Print Warna A4,Jasa,lembar,3,2000,0,Rp 6.000,Transfer,Dimas,121000.0,,4,
TRX250091,2025-11-20 11:01:00,AGT1200,Roti Isi,Makanan,porsi,2,8000,0,16000,Tunai,Dimas,542000.0,0.727,4,
TRX250284,2025-08-25 12:53:00,AGT1014,Pulsa 10rb,Pulsa,voucher,1,12000,0,Rp 12.000,null,Rina,154000.0,,5,Pesanan titipan
TRX250374,2025-10-22 11:33:00,AGT1187,Susu Kotak,Minuman,botol,5,7500,0,37500,QRIS,Dimas,188000.0,1.321,4,
TRX250226,2025-11-12 07:57:00,AGT1204,Buku Tulis 38lbr,ATK,pcs,1,5500,0,5500,Tunai,Rina,94000.0,,5,
TRX250860,05/11/2025 10:31,AGT1135,Fotokopi A4,ATK,pcs,3,500,0,1500,Transfer,Dimas,201000.0,0.891,5,
TRX250587,2025-09-24 09:44:00,AGT1068,Gorengan 5pcs,Makanan,porsi,3,6000,0,18000,Saldo Koperasi,Sari,,1.04,4,Pelanggan tetap
TRX251260,2025-11-17 16:40:00,AGT1071,Air Mineral 600ml,Minuman,botol,5,4000,10,18000,QRIS,Dimas,,1.277,4,
TRX251342,2025-09-28 08:18:00,AGT1053,Nasi Bungkus,MAKANAN,porsi,7,12000,0,84000,QRIS,Rina,200000.0,0.596,5,
TRX250097,2025-09-06 17:47:00,AGT1053,Air Mineral 600ml,Minuman,botol,8,4000,0,32000,Tunai,Rina,35000.0,3.433,4,Minta struk
TRX250957,2025-10-19 17:46:00,AGT1210,Gorengan 5pcs,Makanan,porsi,7,6000,0,84000,Saldo Koperasi,Bagus,1582000.0,3.973,4,
TRX251086,2025-08-15 09:57:00,AGT1123,Pulsa 25rb,Pulsa,voucher,1,27000,0,27000,Qris ,Dimas,142000.0,,5,Minta struk
TRX250432,2025-11-11 11:13:00,AGT1246,Kopi Sachet,MINUMAN,botol,3,5000,0,15000,Tunai,Bagus,385000.0,0.398,4,
TRX250098,2025-10-13 13:48:00,AGT1037,Mi Instan Rebus,Makanan,porsi,8,10000,0,80000,Saldo Koperasi,Dimas,426000.0,3.098,4,Minta struk
TRX250117,2025-10-31 08:49:00,AGT1121 ,Map Plastik,ATK,pcs,7,4000,0,28000,QRIS,Rina,339000.0,1.085,4,Minta struk
TRX251235,2025-10-29 13:19:00,AGT1030,Teh Botol,Minuman,botol,6,6000,0,Rp 36.000,QRIS,Sari,1405000.0,3.432,5,
TRX250709,2025-08-04 10:07:00,AGT1080,Pulsa 10rb,Pulsa,voucher,1,12000,0,12000,Tunai,Bagus,202000.0,,3,Pesanan titipan
TRX251414,2025-11-13 14:40:00,AGT1167,Roti Isi,Makanan,porsi,0,8000,10,21600,Saldo Koperasi,Rina,605000.0,0.671,5,Minta struk
TRX251205,2025-11-12 07:09:00,AGT1190,Teh Botol,Minuman,botol,5,6000,0,30000,Tunai,Rina,176000.0,2.347,5,
TRX250384,2025-10-29 07:50:00,AGT1028,Buku Tulis 38lbr,ATK,pcs,2,5500,0,11000,Tunai,Rina,594000.0,,3,
TRX251482,2025-08-13 13:05:00,AGT1033,Mi Instan Rebus,Makanan,porsi,2,10000,0,20000,Tunai,Rina,596000.0,0.876,4,Minta struk
TRX250515,2025-09-04 17:54:00,AGT1208,Gorengan 5pcs,Makanan,porsi,5,6000,0,30000,Saldo Koperasi,Sari,142000.0,0.457,4,
TRX250370,2025-10-23 15:00:00,AGT1212,Kopi Sachet,Minuman,botol,5,5000,0,Rp 25.000,Saldo Koperasi,Bagus,406000.0,1.259,4,
TRX250689,2025-10-31 17:15:00,AGT1076,Paket Data 3GB,Pulsa,voucher,2,35000,0,70000,Saldo Koperasi,Rina,64000.0,,4,
TRX250991,2025-10-31 14:01:00,AGT1079,Roti Isi,Makanan,porsi,3,8000,0,24000,Tunai,Sari,81000.0,0.524,3,Pesanan titipan
TRX250087,20/11/2025 12:55,AGT1113,Roti Isi,Makanan,porsi,5,8000,0,40000,Tunai,Dimas,120000.0,0.601,4,Pesanan titipan
TRX251089,2025-11-10 10:23:00,AGT1106,Kopi Sachet,Minuman,botol,8,5000,0,40000,Tunai,Dimas,240000.0,2.715,4,
TRX250119,30/10/2025 15:00,AGT1048,Air Mineral 600ml, Minuman ,botol,6,4000,5,22800,Tunai,Rina,97000.0,2.44,3,Promo mingguan
TRX250798,2025-11-16 07:09:00,AGT1087,Roti Isi,MAKANAN,porsi,1,8000,0,8000,Tunai,Dimas,321000.0,0.328,5,
TRX250504,12/09/2025 16:48,AGT1192,Fotokopi A4,ATK,pcs,1,500,0,500,Saldo Koperasi,Sari,1924000.0,,5,Promo mingguan
TRX251388,2025-09-15 12:20:00,AGT1038,Air Mineral 600ml,Minuman,botol,2,4000,5,7600,Saldo Koperasi,Rina,103000.0,1.064,5,Minta struk
TRX250578,2025-09-19 07:53:00,AGT1115,Roti Isi,Makanan,porsi,8,8000,0,64000,Tunai,rina,124000.0,1.315,4,
TRX250229,2025-11-02 12:32:00,AGT1191,Gorengan 5pcs,Makanan,porsi,6,6000,0,36000,Saldo Koperasi,Sari,188000.0,1.437,3,
TRX250832,2025-09-30 14:19:00,AGT1202,Mi Instan Rebus,Makanan,porsi,1,10000,0,Rp 10.000,Tunai,Dimas,329000.0,0.548,4,
TRX250064,2025-11-02 14:56:00,AGT1175,Roti Isi,Makanan,porsi,3,8000,0,24000,QRIS,Rina,278000.0,0.218,5,
TRX251469,2025-11-10 11:40:00,AGT1101,Air Mineral 600ml,Minuman,botol,2,4000,0,8000,QRIS,Sari,394000.0,0.445,5,
TRX250768,2025-08-28 13:06:00,AGT1209,Roti Isi,Makanan,porsi,3,8000,0,Rp 24.000,Tunai,Sari,928000.0,0.496,4,
TRX250671,2025-09-06 17:05:00,AGT1177,Pulpen Hitam,ATK,pcs,7,3500,0,24500,QRIS,Dimas,470000.0,1.928,5,
TRX250164,2025-11-28 08:32:00,AGT1055,Mi Instan Rebus, Makanan ,porsi,3,10000,0,30000,QRIS,Dimas,77000.0,1.548,3,
TRX250199,2025-10-31 12:48:00,AGT1041,Paket Data 3GB,Pulsa,voucher,1,35000,0,35000,Tunai,Rina,323000.0,,4,
TRX250797,2025-09-25 15:50:00,AGT1219,Susu Kotak,Minuman,botol,7,7500,0,52500,Tunai,Sari,,1.98,5,
TRX251451,2025-10-03 12:38:00,AGT1186,Air Mineral 600ml,Minuman,botol,8,4000,0,32000,QRIS,Sari,1269000.0,1.91,4,
TRX251177,2025-08-27 11:13:00,AGT1194,Pulsa 10rb, Pulsa ,voucher,2,12000,0,24000,Saldo Koperasi,Bagus,19000.0,,3,
TRX250450,11/11/2025 08:03,AGT1231,Susu Kotak,Minuman,botol,4,7500,0,Rp 30.000,Transfer,Dimas,,0.23,5,
TRX250447,23/08/2025 07:08,AGT1234,Air Mineral 600ml,Minuman,botol,1,4000,0,4000,Tunai,Dimas,242000.0,0.52,3,
TRX250073,2025-08-24 12:33:00,AGT1215,Gorengan 5pcs,Makanan,porsi,1,6000,0,6000,QRIS,Rina,58000.0,0.528,4,
TRX250820,2025-10-15 09:43:00,AGT1048,Buku Tulis 38lbr,ATK,pcs,7,5500,0,38500,Tunai,Rina,421000.0,3.036,3,Pesanan titipan
TRX250721,13/09/2025 15:57,AGT1107,Pulpen Hitam,ATK,pcs,8,3500,0,28000,Tunai,Sari,59000.0,4.505,3,Minta struk
TRX250081,2025-08-31 07:51:00,AGT1176,Nasi Bungkus,Makanan,porsi,4,12000,0,48000,Tunai,Bagus,121000.0,1.433,4,Promo mingguan
TRX250248,2025-08-22 16:37:00,AGT1140,Susu Kotak,Minuman,botol,7,7500,0,52500,Qris ,Bagus,,3.16,4,
TRX250551,18/11/2025 17:57,AGT1193,Roti Isi,Makanan,porsi,8,8000,0,64000,Saldo Koperasi,Sari,44000.0,2.207,5,
TRX250766,2025-09-06 07:04:00,AGT1243,Air Mineral 600ml,Minuman,botol,8,4000,0,32000,QRIS,Sari,138000.0,1.024,4,Minta struk
TRX251074,2025-09-13 12:08:00,AGT1006,Paket Data 3GB,Pulsa,voucher,2,35000,0,70000,QRIS,Dimas,,,5,
TRX250200,13/08/2025 08:21,AGT1185,Mi Instan Rebus,Makanan,porsi,6,10000,0,60000,Tunai,Bagus,583000.0,3.479,3,Pelanggan tetap
TRX250228,14/08/2025 11:58,AGT1054,Fotokopi A4,ATK,pcs,8,500,0,4000,Saldo Koperasi,Rina,351000.0,3.769,3,
TRX250379,17/08/2025 12:58,AGT1144,Buku Tulis 38lbr,ATK,pcs,7,5500,0,38500,Saldo Koperasi,Rina,62000.0,2.02,5,
TRX250568,2025-09-02 08:40:00,AGT1198,Kopi Sachet,Minumam,botol,5,5000,0,25000,Tunai,Bagus,108000.0,2.155,4,Minta struk
TRX250376,2025-10-15 15:12:00,AGT1217,Nasi Bungkus,Makanan,porsi,8,12000,0,96000,Saldo Koperasi,Dimas,,2.022,4,
TRX251095,2025-09-05 16:00:00,AGT1172,Teh Botol,Minuman,botol,2,6000,0,12000,tunai,Sari,268000.0,1.149,3,
TRX251323,2025-11-21 09:27:00,AGT1037,Map Plastik,ATK,pcs,3,4000,0,12000,QRIS,Bagus,108000.0,1.735,3,
TRX251293,01/10/2025 13:25,AGT1093,Map Plastik,Alat Tulis,pcs,7,4000,0,56000,Qris ,Sari,92000.0,3.876,4,Pelanggan tetap
TRX250195,2025-08-06 08:06:00,AGT1177,Teh Botol,Minuman,botol,3,6000,0,18000,Transfer,Sari,216000.0,1.649,4,
TRX250681,2025-08-14 14:47:00,AGT1231,Kopi Sachet,Minuman,botol,7,5000,0,35000,Tunai,Sari,144000.0,1.746,4,
TRX251059,27/11/2025 08:38,AGT1125,Teh Botol,Minuman,botol,8,6000,0,48000,Tunai,Rina,319000.0,2.601,4,
TRX250009,2025-09-23 08:55:00,AGT1040,Pulpen Hitam,ATK,pcs,8,3500,0,28000,Tunai,Rina,167000.0,2.989,5,
TRX251143,2025-11-01 10:30:00,AGT1173,Gorengan 5pcs,Makanan,porsi,8,6000,0,48000,tidak diketahui,Rina,531000.0,1.84,5,
TRX250747,2025-08-15 15:23:00,AGT1043,Buku Tulis 38lbr,ATK,pcs,4,5500,0,11000,QRIS,Bagus,470000.0,0.541,4,
TRX250445,2025-09-15 11:14:00,AGT1174,Pulpen Hitam,ATK,pcs,5,3500,0,17500,saldo koperasi,Rina,,0.988,5,
TRX250425,23/10/2025 15:39,AGT1113,Pulsa 25rb, Pulsa ,voucher,1,27000,5,25650,Tunai,Bagus,183000.0,,5,
TRX251288,18/10/2025 15:37,AGT1141,Susu Kotak,Minuman,botol,5,7500,0,37500,Transfer,Rina,60000.0,0.26,3,Pelanggan tetap
TRX250720,2025-11-19 13:29:00,AGT1021,Nasi Bungkus,Makanan,porsi,5,12000,0,60000,Tunai,Rina,226000.0,1.13,5,
TRX251363,28/08/2025 12:33,AGT1126,Roti Isi,Makanan,porsi,4,8000,0,32000,Saldo Koperasi,Bagus,512000.0,1.414,3,
TRX250870,2025-11-06 16:00:00,AGT1143,Gorengan 5pcs,Makanan,porsi,7,6000,0,42000,Tunai,Bagus,358000.0,0.777,4,
TRX251200,2025-09-25 09:07:00,AGT1072,Pulpen Hitam,ATK,pcs,7,3500,5,Rp 23.275,-,Bagus,445000.0,2.439,5,
TRX250411,2025-10-18 15:06:00,AGT1091,Fotokopi A4,ATK,pcs,8,500,0,4000,QRIS,Rina,42000.0,2.13,5,Pelanggan tetap
TRX250188,2025-09-14 12:42:00,AGT1057,Mi Instan Rebus,Makanan,porsi,5,10000,0,50000,Saldo Koperasi,Dimas,73000.0,1.082,-999,
TRX251412,2025-09-19 09:08:00,AGT1204,Kopi Sachet, Minuman ,botol,5,5000,0,25000,Tunai,Sari,96000.0,2.872,4,Pesanan titipan
TRX251321,2025-09-23 10:23:00,AGT1228,Pulpen Hitam,ATK,pcs,4,3500,10,12600,Transfer,Sari,181000.0,1.261,4,
TRX250213,2025-09-06 07:23:00,AGT1101,Paket Data 3GB,Pulsa,voucher,2,35000,5,66500,QRIS,Sari,966000.0,,4,
TRX251290,2025-10-19 08:45:00,AGT1005,Gorengan 5pcs,Makanan,porsi,3,6000,0,18000,Tunai,Sari,748000.0,1.484,5,
TRX250854,02/11/2025 13:22,AGT1092,Gorengan 5pcs,Makanan,porsi,5,6000,0,30000,QRIS,Dimas,774000.0,1.146,3,
TRX250508,2025-10-20 15:51:00,AGT1133,Susu Kotak,Minuman,botol,8,7500,0,60000,Tunai,Bagus,152000.0,3.738,4,
TRX250874,2025-09-30 13:32:00,AGT1049,Teh Botol,Minuman,botol,5,6000,10,27000,Saldo Koperasi,Sari,,0.969,5,Minta struk
TRX251434,2025-08-23 09:12:00,AGT1146,Teh Botol,Minuman,botol,3,6000,0,18000,Transfer,Rina,405000.0,0.16,5,Pelanggan tetap
TRX250065,2025-11-07 17:31:00,AGT1233,Gorengan 5pcs,Makanan,porsi,3,6000,0,18000,Transfer,Rina,371000.0,0.171,3,Minta struk
TRX251172,2025-09-21 16:24:00,AGT1222,Gorengan 5pcs,Makanan,porsi,7,6000,0,42000,QRIS,Rina,42000.0,2.753,4,
TRX250511,2025-09-07 08:36:00,AGT1037,Fotokopi A4,ATK,pcs,7,500,0,3500,QRIS,Dimas,611000.0,2.756,5,
TRX250477,2025-08-24 14:32:00,AGT1041,Pulpen Hitam,ATK,pcs,8,3500,0,Rp 28.000,Tunai,Bagus,281000.0,0.403,3,Promo mingguan
TRX250894,2025-08-16 16:05:00,AGT1099,Laminating A4,Jasa,lembar,7,5000,0,35000,Tunai,Rina,140000.0,,5,Pelanggan tetap
TRX250435,2025-09-09 13:52:00,AGT1066,Mi Instan Rebus,Makanan,porsi,8,10000,0,80000,-,Rina,75000.0,3.988,5,
TRX250762,2025-08-10 08:39:00,AGT1036,Roti Isi,Makanan,porsi,5,8000,0,Rp 40.000,Saldo Koperasi,Sari,94000.0,0.346,5,Pesanan titipan
TRX250495,2025-09-07 07:39:00,AGT1041,Susu Kotak,Minuman,botol,1,7500,0,7500,Tunai,Dimas,186000.0,0.259,5,Promo mingguan
TRX250827,2025-09-16 15:04:00,AGT1065,Gorengan 5pcs,Makanan,porsi,7,6000,-20,42000,Qris ,Bagus,,2.308,4,
TRX251027,2025-09-03 08:29:00,AGT1140,Nasi Bungkus,Makanan,porsi,2,12000,10,21600,QRIS,Rina,494000.0,0.671,4,
TRX250889,2025-11-17 15:51:00,AGT1228,Air Mineral 600ml,Minuman,botol,6,4000,0,24000,Transfer,Bagus,,0.75,4,
TRX250613,2025-10-11 14:12:00,AGT1004,Pulsa 25rb,Pulsa,voucher,2,27000,0,54000,Tunai,Dimas,,,4,
TRX250611,06/09/2025 14:19,AGT1126,Buku Tulis 38lbr,ATK,pcs,4,5500,0,22000,QRIS,Sari,519000.0,0.976,5,
TRX250799,15/11/2025 11:26,AGT1159,Pulsa 25rb,Pulsa,voucher,1,27000,10,24300,Tunai,Sari,61000.0,,4,
TRX251048,2025-10-22 14:27:00,AGT1060,Mi Instan Rebus,Makanan,porsi,8,10000,0,80000,Transfer,Dimas,85000.0,3.037,5,
TRX251261,2025-10-06 12:25:00,AGT1180,Roti Isi,MAKANAN,porsi,3,8000,0,24000,Tunai,Bagus,,0.169,3,Promo mingguan
TRX251492,10/08/2025 12:28,AGT1101,Laminating A4,Jasa,lembar,1,5000,110,Rp 4.500,Tunai,Sari,631000.0,,4,
TRX250702,2025-10-20 11:12:00,AGT1258,Jilid Spiral,Jasa,lembar,5,8000,0,40000,QRIS,Dimas,80000.0,,4,Pelanggan tetap
TRX250475,2025-08-17 14:44:00,AGT1259,Buku Tulis 38lbr,Alat Tulis,pcs,1,5500,0,5500,Tunai,Sari,61000.0,0.305,3,Pesanan titipan
TRX250520,2025-09-15 16:25:00,AGT1087,Gorengan 5pcs,Makanan,porsi,8,6000,0,48000,Tunai,Rina,210000.0,1.968,4,
TRX250350,2025-11-23 10:42:00,AGT1201,Pulpen Hitam,ATK,pcs,7,3500,0,24500,Tunai,Bagus,86000.0,3.316,4,
TRX250940,2025-10-26 11:40:00,AGT1084,Teh Botol,Minuman,botol,3,6000,0,18000,Tunai,Bagus,408000.0,1.021,3,Promo mingguan
TRX250900,2025-10-07 12:54:00,AGT1188,Paket Data 3GB,Pulsa,voucher,2,35000,0,70000,Tunai,Rina,,,4,
TRX250784,02/09/2025 16:13,AGT1075,Map Plastik,ATK,pcs,7,4000,0,28000,Tunai,Rina,96000.0,3.657,5,
TRX251431,2025-11-21 13:39:00,AGT1152,Gorengan 5pcs,Makanan,porsi,2,6000,0,12000,tunai,Dimas,,0.791,4,
TRX250925,2025-10-07 13:05:00,AGT1007,Print Warna A4,Jasa,lembar,1,2000,0,2000,Saldo Koperasi,Sari,,,3,
TRX251187,26/10/2025 10:22,AGT1185,Pulsa 25rb,Pulsa,voucher,1,27000,0,27000,Saldo Koperasi,Sari,2658000.0,,5,
TRX250280,2025-11-13 17:15:00,AGT1206,Kopi Sachet,Minuman,botol,2,5000,5,Rp 9.500,Saldo Koperasi,Rina,319000.0,1.149,4,Minta struk
TRX250329,2025-10-08 16:24:00,AGT1126,Air Mineral 600ml,Minuman,botol,8,4000,0,Rp 32.000,Tunai,Bagus,45000.0,4.597,3,
TRX250120,24/08/2025 14:26,AGT1036,Pulpen Hitam,ATK,pcs,1,3500,0,3500,Tunai,Bagus,,,4,Pelanggan tetap
TRX250013,2025-11-03 12:41:00,AGT1092,Roti Isi, Makanan ,porsi,2,8000,0,Rp 16.000,Tunai,Sari,1130000.0,0.485,5,
TRX250960,2025-11-24 15:58:00,AGT1039,Map Plastik,ATK,pcs,8,4000,0,32000,Saldo Koperasi,Rina,124000.0,0.742,5,
TRX251084,2025-08-12 17:16:00,AGT1070 ,Pulsa 10rb,Pulsa,voucher,2,12000,0,24000,QRIS,Bagus,243000.0,,3,
TRX251476,20/08/2025 17:52,AGT1019,Roti Isi,Makanan,porsi,1,8000,0,8000,Tunai,Bagus,136000.0,0.221,4,
TRX250779,2025-11-11 13:15:00,AGT1242,Teh Botol,Minuman,botol,1,6000,0,6000,QRIS,Bagus,86000.0,0.299,3,
TRX250984,2025-08-24 08:18:00,AGT1131,Teh Botol,Minuman,botol,1,6000,0,6000,Tunai,Sari,207000.0,0.43,4,
TRX250691,2025-09-15 16:34:00,AGT1022,Susu Kotak,Minuman,botol,7,7500,0,52500,Tunai,Sari,70000.0,1.749,4,Pelanggan tetap
TRX251241,2025-09-03 13:40:00,AGT1045,Nasi Bungkus,Makanan,porsi,7,12000,0,84000,Tunai,Bagus,754000.0,2.996,5,
TRX251472,2025-09-02 08:21:00,AGT1112 ,Paket Data 3GB,Pulsa,voucher,2,35000,0,70000,Saldo Koperasi,Rina,288000.0,,4,
TRX250589,2025-09-03 09:33:00,AGT1257,Roti Isi,Makanan,porsi,7,8000,5,53200,Tunai,Bagus,240000.0,4.111,5,
TRX251383,28/09/2025 07:20,AGT1200,Paket Data 3GB,Pulsa,voucher,2,35000,0,Rp 70.000,Transfer,Rina,180000.0,,4,
TRX250256,2025-09-05 16:54:00,AGT1021,Air Mineral 600ml,Minuman,botol,6,4000,10,21600,Transfer,Bagus,507000.0,1.907,4,
TRX250190,2025-10-26 16:32:00,AGT1246,Roti Isi,Makanan,porsi,1,8000,0,Rp 8.000,QRIS,Sari,,0.19,3,
TRX251429,2025-09-11 12:32:00,AGT1257,Gorengan 5pcs,Makanan,porsi,4,6000,0,Rp 24.000,Saldo Koperasi,Sari,224000.0,0.638,4,Pelanggan tetap
TRX250334,2025-09-23 14:57:00,AGT1175,Gorengan 5pcs,MAKANAN,porsi,2,6000,0,Rp 12.000,Tunai,Bagus,382000.0,0.522,4,
TRX250029,2025-11-01 07:08:00,AGT1097,Teh Botol,Minuman,botol,1,6000,0,6000,Tunai,Dimas,351000.0,0.396,4,Pesanan titipan
TRX250031,2025-08-26 15:12:00,AGT1109,Gorengan 5pcs,Makanan,porsi,7,6000,0,42000,tidak diketahui,Dimas,184000.0,2.413,5,Minta struk
TRX250093,2025-08-16 10:04:00,AGT1176,Kopi Sachet,Minuman,botol,8,5000,0,40000,QRIS,Rina,131000.0,0.44,2,Minta struk
TRX250879,2025-10-31 17:40:00,AGT1037,Print Warna A4,Jasa,lembar,5,2000,0,10000,Tunai,Rina,84000.0,,5,
TRX250040,05/09/2025 09:03,AGT1231,Nasi Bungkus,Makanan,porsi,6,12000,0,72000,Qris ,Dimas,665000.0,0.656,-999,Pelanggan tetap
TRX250016,20/08/2025 08:47,AGT1205,Mi Instan Rebus, Makanan ,porsi,8,10000,0,80000,Tunai,Sari,,4.78,4,
TRX251265,2025-10-16 08:21:00,AGT1008,Laminating A4,Jasa,lembar,3,5000,0,15000,Tunai,Sari,500000.0,,4,
TRX251373,2025-10-21 16:37:00,AGT1089,Nasi Bungkus,Makanan,porsi,2,12000,0,24000,Qris ,Bagus,146000.0,1.012,4,
TRX251446,2025-09-28 15:41:00,AGT1167,Buku Tulis 38lbr,ATK,pcs,3,5500,0,Rp 16.500,Tunai,Dimas,52000.0,0.68,4,
TRX250954,2025-08-28 13:09:00,AGT1071,Print Warna A4,Jasa,lembar,2,2000,0,Rp 4.000,tunai,Rina,813000.0,,5,
TRX251210,27/08/2025 13:53,AGT1077,Air Mineral 600ml, Minuman ,botol,7,4000,0,28000,QRIS,Sari,312000.0,2.713,4,
TRX251269,2025-11-21 07:26:00,AGT1085,Nasi Bungkus,Makanan,porsi,2,12000,0,Rp 24.000,QRIS,Dimas,441000.0,0.105,5,
TRX251384,2025-09-14 07:13:00,AGT1124,Kopi Sachet,Minuman,botol,4,5000,0,Rp 20.000,QRIS,Dimas,66000.0,1.446,3,
TRX250249,2025-10-07 14:35:00,AGT1058,Nasi Bungkus,Makanan,porsi,2,12000,5,22800,QRIS,Sari,1041000.0,0.672,4,
TRX251352,2025-08-13 08:10:00,AGT1024,Teh Botol,Minuman,botol,2,6000,0,12000,Tunai,Bagus,472000.0,0.49,4,Promo mingguan
TRX251440,2025-08-03 11:02:00,AGT1064,Nasi Bungkus,Makanan,porsi,7,12000,0,84000,Transfer,Dimas,337000.0,1.292,3,
TRX250217,2025-09-20 14:01:00,AGT1128,Nasi Bungkus,Makanan,porsi,4,12000,0,Rp 48.000,QRIS,Dimas,37000.0,1.792,5,
TRX251118,2025-08-01 13:38:00,AGT1142,Kopi Sachet,Minuman,botol,-5,5000,0,25000,Tunai,Dimas,1015000.0,0.871,-999,
TRX250132,2025-11-05 13:17:00,AGT1010,Susu Kotak,Minuman,botol,2,7500,0,15000,QRIS,rina,720000.0,0.887,4,
TRX251244,2025-10-16 10:37:00,AGT1123,Gorengan 5pcs,Makanan,porsi,8,6000,0,48000,Tunai,Sari,339000.0,2.146,4,Minta struk
TRX250629,2025-10-19 14:36:00,AGT1132,Buku Tulis 38lbr,ATK,pcs,2,5500,0,11000,Saldo Koperasi,Rina,201000.0,0.529,4,
TRX250327,13/09/2025 17:17,AGT1178,Teh Botol,Minumam,botol,0,6000,0,Rp 30.000,QRIS,Bagus,382000.0,1.088,5,
TRX251129,2025-09-08 09:26:00,AGT1055,Kopi Sachet,MINUMAN,botol,6,5000,5,28500,Tunai,Dimas,139000.0,0.527,5,Pelanggan tetap
TRX250168,2025-11-20 14:46:00,AGT1214,Gorengan 5pcs,Makanan,porsi,6,6000,0,36000,Transfer,Sari,680000.0,2.652,4,Minta struk
TRX250496,2025-10-06 07:08:00,AGT1217,Kopi Sachet,Minumam,botol,1,5000,0,5000,Tunai,Bagus,283000.0,0.114,5,
TRX251041,01/11/2025 12:10,AGT1201,Map Plastik,ATK,pcs,8,4000,0,32000,Tunai,Bagus,76000.0,4.437,4,
TRX250464,2025-08-18 10:20:00,AGT1123,Gorengan 5pcs,Makanan,porsi,7,6000,5,399000,QRIS,Dimas,303000.0,2.723,3,
TRX250193,2025-09-09 13:13:00,AGT1135,Gorengan 5pcs,Makanan,porsi,3,6000,5,17100,QRIS,Rina,489000.0,0.554,5,
TRX250371,2025-11-21 13:01:00,AGT1044,Nasi Bungkus,Makanan,porsi,7,12000,0,84000,Transfer,Sari,58000.0,3.771,4,
TRX251448,29/09/2025 14:13,AGT1091,Mi Instan Rebus,Makanan,porsi,3,10000,0,15000,Tunai,Rina,136000.0,1.656,4,
TRX250536,2025-09-05 13:57:00,AGT1088,Mi Instan Rebus,Makanan,porsi,7,10000,0,70000,Transfer,Bagus,130000.0,0.466,5,Pelanggan tetap
TRX250791,2025-11-06 17:13:00,AGT1075,Kopi Sachet,Minuman,botol,2,5000,0,10000,QRIS,Bagus,145000.0,0.104,5,Pesanan titipan
TRX250808,17/11/2025 10:25,AGT1065,Pulpen Hitam,ATK,pcs,3,3500,0,10500,Tunai,Sari,249000.0,0.368,4,
TRX250563,2025-10-28 12:40:00,AGT1115,Nasi Bungkus,Makanan,porsi,8,12000,0,96000,Saldo Koperasi,Dimas,77000.0,0.833,5,
TRX251267,2025-08-16 14:46:00,AGT1241,Fotokopi A4,ATK,pcs,3,500,5,1425,QRIS,Bagus,83000.0,0.906,4,
TRX251000,2025-09-07 17:37:00,AGT1013,Teh Botol,Minuman,botol,3,6000,0,18000,Saldo Koperasi,rina,183000.0,0.398,5,
TRX251357,2025-09-01 12:06:00,AGT1079,Roti Isi,Makanan,porsi,1,8000,0,8000,Tunai,Bagus,155000.0,0.518,4,Pesanan titipan
TRX250143,2025-09-10 11:00:00,AGT1244,Kopi Sachet,Minuman,botol,1,5000,0,5000,Tunai,Rina,249000.0,0.083,5,
TRX250408,2025-08-09 10:08:00,AGT1105,Paket Data 3GB,Pulsa,voucher,0,35000,0,70000,Transfer,Rina,181000.0,,4,Pelanggan tetap
TRX250910,2025-08-19 16:03:00,AGT1122,Susu Kotak,Minuman,botol,8,7500,0,60000,QRIS,Rina,1116000.0,2.105,5,Pelanggan tetap
TRX250034,31/08/2025 14:01,AGT1205,Buku Tulis 38lbr,ATK,pcs,7,5500,0,Rp 38.500,Saldo Koperasi,Rina,427000.0,3.763,4,
TRX251175,09/11/2025 08:15,AGT1237,Pulsa 25rb,Pulsa,voucher,2,27000,0,54000,Saldo Koperasi,Rina,142000.0,,4,
TRX251345,2025-11-20 11:43:00,AGT1182,Pulsa 10rb,Pulsa,voucher,1,12000,0,120000,QRIS,Dimas,,,4,
TRX250398,02/10/2025 14:12,AGT1167,Kopi Sachet,Minuman,botol,3,5000,0,15000,QRIS,Sari,20000.0,1.497,2,
TRX250773,2025-11-03 09:24:00,AGT1169,Kopi Sachet,Minuman,botol,8,5000,0,40000,QRIS,Bagus,,2.771,3,Minta struk
TRX251078,2025-08-10 17:27:00,AGT1258,Kopi Sachet,Minumam,botol,8,5000,0,40000,Tunai,Dimas,210000.0,1.904,4,
TRX250165,2025-08-31 15:45:00,AGT1186,Roti Isi,Makanan,porsi,8,8000,10,Rp 57.600,QRIS,Dimas,293000.0,2.434,4,Pelanggan tetap
TRX250673,07/08/2025 14:45,AGT1174,Susu Kotak,Minuman,botol,4,7500,5,28500,Transfer,Rina,686000.0,1.102,4,
TRX250105,2025-08-06 14:01:00,AGT1101,Nasi Bungkus,Makanan,porsi,3,12000,5,Rp 34.200,Tunai,Bagus,30000.0,0.275,5,
TRX250617,28/08/2025 17:48,AGT1144,Air Mineral 600ml,Minuman,botol,5,4000,0,Rp 20.000,QRIS,Rina,,2.971,4,Pelanggan tetap
TRX251413,2025-09-03 07:12:00,AGT1212,Teh Botol,Minuman,botol,8,6000,0,48000,Transfer,Bagus,,2.904,4,
TRX250584,2025-08-01 13:48:00,AGT1158,Kopi Sachet,Minuman,botol,5,5000,0,25000,Tunai,Rina,493000.0,1.649,5,Pesanan titipan
TRX251104,02/08/2025 08:58,AGT1084,Pulpen Hitam,ATK,pcs,7,3500,0,24500,QRIS,Sari,,3.331,5,
TRX251402,2025-08-03 17:38:00,AGT1215,Susu Kotak,Minuman,botol,3,7500,0,22500,Tunai,Bagus,1283000.0,0.728,4,
TRX250807,2025-09-18 17:56:00,AGT1126,Buku Tulis 38lbr,ATK,pcs,2,5500,0,Rp 11.000,Tunai,Bagus,389000.0,0.225,4,
TRX250579,29/10/2025 13:38,AGT1127,Gorengan 5pcs,Makanan,porsi,6,6000,10,32400,Tunai,Bagus,120000.0,2.762,5,
TRX250292,2025-09-20 17:43:00,AGT1187,Map Plastik,ATK,pcs,8,4000,10,Rp 28.800,Transfer,Dimas,487000.0,4.695,5,Pelanggan tetap
TRX250672,01/09/2025 15:51,AGT1247,Susu Kotak,Minuman,botol,8,7500,0,Rp 60.000,Transfer,Bagus,172000.0,1.627,-999,
TRX250916,2025-08-26 09:16:00,AGT1066,Gorengan 5pcs,Makanan,porsi,5,6000,0,30000,Tunai,Dimas,592000.0,2.608,5,
TRX250189,17/08/2025 10:33,AGT1236,Print Warna A4,Jasa,lembar,2,2000,0,4000,QRIS,Dimas,998000.0,,5,Minta struk
TRX250934,2025-10-15 08:31:00,AGT1068,Roti Isi,Makanan,porsi,6,8000,0,48000,QRIS,Rina,,0.807,4,Pelanggan tetap
TRX250994,2025-08-28 17:41:00,AGT1135,Mi Instan Rebus,Makanan,porsi,3,10000,0,30000,Tunai,Rina,455000.0,0.231,3,
TRX251080,2025-08-11 08:23:00,AGT1001,Pulpen Hitam,ATK,pcs,6,3500,0,21000,Transfer,Bagus,224000.0,2.559,5,
TRX251276,2025-11-19 11:50:00,AGT1216,Susu Kotak,Minuman,botol,3,7500,0,22500,Saldo Koperasi,Dimas,,1.185,4,Pesanan titipan
TRX250649,16/10/2025 07:50,AGT1099,Teh Botol,Minuman,botol,2,6000,0,Rp 12.000,Tunai,Sari,159000.0,0.584,4,
TRX250543,2025-10-23 14:40:00,AGT1133,Buku Tulis 38lbr,ATK,pcs,7,5500,5,36575,QRIS,Dimas,436000.0,4.071,4,Pesanan titipan
TRX250639,2025-10-18 09:37:00,AGT1183,Teh Botol,MINUMAN,botol,4,6000,0,24000,Qris ,Dimas,126000.0,2.086,5,
TRX250595,2025-09-01 10:20:00,AGT1070,Mi Instan Rebus,Makanan,porsi,3,10000,0,30000,Tunai,Bagus,,0.925,2,
TRX250448,2025-08-30 15:16:00,AGT1099,Laminating A4,Jasa,lembar,8,5000,0,40000,Saldo Koperasi,Dimas,235000.0,,4,
TRX250199,2025-10-31 12:48:00,AGT1041,Paket Data 3GB,Pulsa,voucher,1,35000,0,35000,Tunai,Rina,323000.0,,4,
TRX250075,2025-09-19 14:29:00,AGT1043,Mi Instan Rebus,Makanan,porsi,4,10000,0,Rp 40.000,Qris ,Sari,561000.0,0.784,4,
TRX250562,2025-11-11 17:08:00,AGT1156,Teh Botol,Minuman,botol,5,6000,0,30000,Tunai,Bagus,86000.0,2.218,4,
TRX250566,20/10/2025 10:24,AGT1114,Gorengan 5pcs,Makanan,porsi,7,6000,5,39900,Saldo Koperasi,Sari,189000.0,2.015,4,
TRX250943,2025-10-10 09:10:00,AGT1158,Mi Instan Rebus,Makanan,porsi,7,10000,0,70000,Tunai,Rina,,2.975,4,Pelanggan tetap
TRX251134,2025-10-25 07:28:00,AGT1019 ,Mi Instan Rebus,Makanan,porsi,7,10000,0,70000,QRIS,Bagus,598000.0,0.859,3,
TRX251324,2025-10-26 11:31:00,AGT1127,Air Mineral 600ml,Minuman,botol,6,4000,5,Rp 22.800,Tunai,Dimas,876000.0,1.123,4,Pelanggan tetap
TRX250201,2025-08-10 11:44:00,AGT1037,Gorengan 5pcs,Makanan,porsi,4,6000,0,24000,Saldo Koperasi,Dimas,1139000.0,1.813,4,
TRX250850,2025-08-30 12:38:00,AGT1066,Mi Instan Rebus, Makanan ,porsi,1,10000,0,10000,Saldo Koperasi,Dimas,85000.0,0.205,5,
TRX251300,2025-11-06 10:33:00,AGT1182,Gorengan 5pcs,Makanan,porsi,6,6000,0,36000,Tunai,Bagus,387000.0,1.938,3,Pesanan titipan
TRX250224,02/08/2025 17:20,AGT1085,Mi Instan Rebus,Makanan,porsi,1,10000,0,10000,Saldo Koperasi,Bagus,124000.0,0.114,4,
TRX250128,2025-09-21 13:16:00,AGT1205,Roti Isi,Makanan,porsi,6,8000,0,48000,Transfer,Dimas,542000.0,2.675,5,
TRX250116,2025-10-24 12:06:00,AGT1167,Paket Data 3GB,Pulsa,voucher,1,35000,0,35000,Saldo Koperasi,Rina,89000.0,,5,Minta struk
TRX250381,2025-09-24 09:53:00,AGT1107,Laminating A4,Jasa,lembar,5,5000,0,25000,Tunai,Rina,34000.0,,4,
TRX250455,2025-11-12 09:35:00,AGT1184,Laminating A4,Jasa,lembar,3,5000,0,15000,QRIS,Bagus,574000.0,,4,
TRX250218,2025-08-31 11:46:00,AGT1060,Fotokopi A4,ATK,pcs,7,500,0,3500,QRIS,Rina,496000.0,3.082,4,
TRX251238,30/09/2025 07:12,AGT1111,Roti Isi,Makanan,porsi,3,8000,0,24000,QRIS,Sari,190000.0,0.461,5,Pesanan titipan
TRX250106,2025-09-04 07:48:00,AGT1100,Air Mineral 600ml,Minumam,botol,6,4000,0,24000,Tunai,Sari,239000.0,1.596,-999,Pelanggan tetap
TRX250636,28/11/2025 12:58,AGT1023,Laminating A4,JASA,lembar,6,5000,0,30000,Saldo Koperasi,Sari,175000.0,,4,
TRX251165,2025-11-13 14:38:00,AGT1252,Gorengan 5pcs,Makanan,porsi,3,6000,5,Rp 17.100,Saldo Koperasi,Bagus,145000.0,1.263,3,
TRX250902,2025-11-22 14:22:00,AGT1158,Gorengan 5pcs,Makanan,porsi,2,6000,0,12000,Tunai,Rina,111000.0,0.462,5,
TRX250927,2025-11-22 14:56:00,AGT1118,Pulpen Hitam,ATK,pcs,5,3500,10,15750,QRIS,Rina,836000.0,1.048,4,Minta struk
TRX251473,2025-08-14 15:39:00,AGT1203,Teh Botol,Minuman,botol,4,6000,0,24000,Tunai,Dimas,468000.0,0.202,4,
TRX250052,2025-09-22 15:54:00,AGT1099,Mi Instan Rebus,Makanan,porsi,1,10000,0,Rp 10.000,Qris ,Rina,234000.0,0.106,5,Pelanggan tetap
TRX251328,2025-10-29 17:53:00,AGT1228,Map Plastik,Alat Tulis,pcs,2,4000,0,8000,QRIS,Rina,215000.0,,4,
TRX251100,2025-08-10 13:46:00,AGT1030,Air Mineral 600ml,Minumam,botol,4,4000,0,Rp 16.000,Saldo Koperasi,Bagus,81000.0,0.916,4,Pesanan titipan
TRX251020,2025-09-15 14:53:00,AGT1156,Nasi Bungkus,Makanan,porsi,1,12000,10,10800,Tunai,Dimas,170000.0,0.149,5,
TRX250299,2025-08-12 09:45:00,AGT1109,Mi Instan Rebus,Makanan,porsi,2,10000,0,20000,Qris ,Dimas,100000.0,1.113,3,Pesanan titipan
TRX250441,2025-10-30 14:47:00,AGT1126,Mi Instan Rebus,Makanan,porsi,5,10000,0,50000,Transfer,Bagus,353000.0,1.378,4,
TRX250024,2025-11-10 12:47:00,AGT1223,Gorengan 5pcs,Makanan,porsi,5,6000,0,30000,Tunai,Rina,337000.0,1.378,4,
TRX251297,2025-08-19 15:00:00,AGT1042,Pulsa 10rb,Pulsa,voucher,2,12000,0,24000,Saldo Koperasi,Sari,952000.0,,3,
TRX251123,2025-10-29 09:12:00,AGT1258,Roti Isi,Makanan,porsi,7,8000,0,56000,Saldo Koperasi,Rina,1250000.0,2.822,5,
TRX250920,15/10/2025 11:42,AGT1223,Teh Botol,Minuman,botol,3,6000,5,17100,QRIS,Rina,166000.0,0.806,5,Pelanggan tetap
TRX251360,2025-08-20 07:19:00,AGT1103,Air Mineral 600ml,Minuman,botol,6,4000,0,24000,Saldo Koperasi,Rina,29000.0,2.381,4,
TRX250561,2025-10-05 14:27:00,AGT1221,Buku Tulis 38lbr,ATK,pcs,8,5500,0,Rp 44.000,Tunai,Sari,1213000.0,3.35,5,
TRX251209,2025-08-03 13:14:00,AGT1027,Susu Kotak,Minuman,botol,4,7500,0,30000,Tunai,Bagus,422000.0,0.822,4,
TRX250674,31/08/2025 11:21,AGT1011,Fotokopi A4,ATK,pcs,8,500,0,4000,QRIS,Sari,1164000.0,3.1,5,
TRX251354,2025-11-11 15:36:00,AGT1259,Kopi Sachet,Minuman,botol,3,5000,0,Rp 15.000,Tunai,Dimas,,1.47,4,
TRX250459,2025-10-20 13:10:00,AGT1218,Teh Botol,Minuman,botol,6,6000,0,36000,Saldo Koperasi,Bagus,538000.0,1.152,5,
TRX250564,2025-10-07 12:31:00,AGT1008,Pulpen Hitam,ATK,pcs,-6,3500,0,21000,Tunai,Dimas,506000.0,3.43,3,Pelanggan tetap
TRX250828,2025-10-02 12:57:00,AGT1165,Roti Isi,Makanan,porsi,8,8000,0,64000,Tunai,Bagus,,2.802,4,Pelanggan tetap
TRX250941,2025-09-30 16:42:00,AGT1175,Teh Botol,Minuman,botol,8,6000,0,48000,Transfer,Bagus,134000.0,4.538,3,Pelanggan tetap
TRX250300,2025-09-11 15:05:00,AGT1026,Pulsa 25rb,Pulsa,voucher,2,27000,0,54000,QRIS,Rina,198000.0,,2,
TRX250024,2025-11-10 12:47:00,AGT1223,Gorengan 5pcs,Makanan,porsi,5,6000,0,30000,Tunai,rina,337000.0,1.378,4,
TRX250670,2025-08-04 15:30:00,AGT1236,Kopi Sachet,Minuman,botol,5,5000,0,25000,Tunai,Sari,551000.0,1.178,4,
TRX251014,2025-10-05 09:46:00,AGT1177,Map Plastik,ATK,pcs,1,4000,0,4000,Saldo Koperasi,Bagus,411000.0,0.168,5,
TRX250204,2025-08-28 14:30:00,AGT1019,Air Mineral 600ml,MINUMAN,botol,7,4000,0,28000,Tunai,Bagus,431000.0,1.903,-999,
TRX250764,2025-11-13 15:44:00,AGT1253,Mi Instan Rebus,Makanan,porsi,6,10000,0,60000,Tunai,Dimas,,2.125,4,
TRX250215,2025-08-07 17:38:00,AGT1223,Buku Tulis 38lbr,ATK,pcs,8,5500,0,44000,Tunai,Dimas,246000.0,4.164,5,Pesanan titipan
TRX251125,2025-08-30 12:17:00,AGT1047,Gorengan 5pcs,Makanan,porsi,5,6000,0,30000,Tunai,Rina,87000.0,0.267,4,Pesanan titipan
TRX250911,2025-08-23 11:27:00,AGT1140,Roti Isi,Makanan,porsi,2,8000,0,16000,QRIS,Sari,287000.0,0.425,4,
TRX250556,2025-08-06 11:17:00,AGT1077,Print Warna A4,Jasa,lembar,4,2000,0,Rp 8.000,Tunai,Sari,36000.0,,4,
TRX251326,2025-08-10 10:51:00,AGT1162,Jilid Spiral,Jasa,lembar,3,8000,10,21600,Saldo Koperasi,Bagus,58000.0,,4,
TRX251392,2025-11-28 13:06:00,AGT1108,Paket Data 3GB,Pulsa,voucher,2,35000,0,Rp 70.000,QRIS,Bagus,60000.0,,4,
TRX251176,17/08/2025 12:35,AGT1155,Map Plastik,ATK,pcs,4,4000,0,8000,QRIS,Dimas,238000.0,1.234,5,Pesanan titipan
TRX251146,24/09/2025 17:33,AGT1174,Pulpen Hitam,ATK,pcs,2,3500,0,7000,Tunai,Rina,,1.018,5,Minta struk
TRX250887,2025-11-02 15:52:00,AGT1207,Pulsa 10rb,Pulsa,voucher,1,12000,0,12000,Tunai,Sari,452000.0,,5,Minta struk
TRX250684,2025-08-02 16:10:00,AGT1244,Mi Instan Rebus,Makanan,porsi,1,10000,0,10000,Tunai,Bagus,104000.0,0.541,4,
TRX251394,2025-11-23 14:42:00,AGT1130,Mi Instan Rebus,Makanan,porsi,5,10000,0,50000,Saldo Koperasi,Rina,199000.0,0.364,5,
TRX250605,12/09/2025 12:11,AGT1077,Pulsa 10rb,Pulsa,voucher,1,12000,0,Rp 12.000,Transfer,Bagus,888000.0,,5,
TRX250124,2025-08-08 16:39:00,AGT1192,Kopi Sachet,Minuman,botol,4,5000,0,20000,Saldo Koperasi,Sari,499000.0,0.88,5,
TRX251249,17/09/2025 08:20,AGT1152,Roti Isi,Makanan,porsi,3,8000,0,24000,Transfer,Sari,113000.0,0.913,4,
TRX250567,27/08/2025 08:03,AGT1248,Map Plastik,ATK,pcs,2,4000,0,8000,Tunai,Rina,115000.0,1.106,4,
TRX251369,2025-11-13 15:49:00,AGT1150,Print Warna A4,Jasa,lembar,7,2000,0,14000,Tunai,Bagus,234000.0,,3,Minta struk
TRX250503,2025-11-16 11:58:00,AGT1127,Pulsa 10rb,Pulsa,voucher,2,12000,0,Rp 24.000,QRIS,Rina,,,4,Minta struk
TRX251258,29/08/2025 14:39,AGT1220,Paket Data 3GB,Pulsa,voucher,0,35000,0,Rp 35.000,Tunai,Sari,841000.0,,3,
TRX250322,2025-08-12 15:51:00,AGT1053,Susu Kotak,Minumam,botol,7,7500,0,52500,Tunai,Rina,583000.0,2.744,4,
TRX251376,2025-09-08 16:11:00,AGT1205,Map Plastik,ATK,pcs,7,4000,0,28000,Transfer,Sari,272000.0,3.678,5,
TRX250103,2025-09-12 07:12:00,AGT1035,Fotokopi A4,Alat Tulis,pcs,2,500,0,1000,Transfer,Bagus,95000.0,0.419,3,
TRX250950,2025-11-03 16:47:00,AGT1030,Nasi Bungkus,Makanan,porsi,3,12000,0,36000,QRIS,Rina,293000.0,1.085,3,Pelanggan tetap
TRX250446,2025-11-28 08:41:00,AGT1106,Pulpen Hitam,ATK,pcs,5,3500,0,17500,Transfer,Bagus,166000.0,1.96,3,
TRX250392,2025-08-09 17:49:00,AGT1127,Teh Botol,Minumam,botol,8,6000,0,48000,tunai,Rina,103000.0,3.324,4,
TRX250296,2025-11-03 09:50:00,AGT1009,Gorengan 5pcs,Makanan,porsi,7,6000,0,42000,Tunai,Bagus,196000.0,1.071,5,Pelanggan tetap
TRX250741,2025-08-06 16:57:00,AGT1006,Nasi Bungkus,Makanan,porsi,6,12000,0,Rp 72.000,-,Sari,232000.0,2.692,4,
TRX250704,2025-08-30 07:20:00,AGT1149,Gorengan 5pcs,Makanan,porsi,6,6000,0,36000,QRIS,Rina,1036000.0,1.229,5,
TRX250311,17/09/2025 16:25,AGT1167,Map Plastik,ATK,pcs,8,4000,0,32000,Tunai,Bagus,124000.0,2.286,4,Pesanan titipan
TRX250716,2025-10-13 09:49:00,AGT1057,Nasi Bungkus,Makanan,porsi,5,12000,0,60000,Saldo Koperasi,Sari,,0.795,4,
TRX250488,2025-11-09 17:47:00,AGT1203,Print Warna A4,Jasa,lembar,1,2000,0,2000,Tunai,Dimas,211000.0,,5,
TRX250325,2025-11-25 15:43:00,AGT1179,Gorengan 5pcs,Makanan,porsi,8,6000,0,48000,Transfer,Rina,135000.0,3.805,4,
TRX250706,2025-09-29 13:59:00,AGT1206,Print Warna A4,Jasa,lembar,4,2000,5,7600,Transfer,Dimas,307000.0,,5,
TRX250047,25/11/2025 13:43,AGT1019,Air Mineral 600ml,Minuman,botol,6,4000,0,24000,Tunai,Bagus,97000.0,0.508,3,
TRX250163,2025-10-01 07:27:00,AGT1216,Roti Isi,Makanan,porsi,1,8000,0,8000,Saldo Koperasi,Dimas,116000.0,0.337,3,Minta struk
TRX250527,2025-08-18 15:45:00,AGT1255,Buku Tulis 38lbr,ATK,pcs,8,5500,0,44000,QRIS,Dimas,424000.0,2.569,5,
TRX250297,2025-09-11 14:30:00,AGT1010 ,Air Mineral 600ml,Minuman,botol,4,4000,0,Rp 16.000,Tunai,Dimas,287000.0,0.498,-999,
TRX251270,2025-11-18 15:21:00,AGT1001,Buku Tulis 38lbr,ATK,pcs,5,5500,0,Rp 27.500,Tunai,Bagus,915000.0,0.667,4,
TRX251475,2025-08-06 13:49:00,AGT1086,Pulpen Hitam,ATK,pcs,6,3500,0,21000,Tunai,Dimas,61000.0,1.067,5,
TRX250679,2025-10-13 13:24:00,AGT1190,Nasi Bungkus,Makanan,porsi,3,12000,0,Rp 36.000,Tunai,Rina,98000.0,0.861,3,
TRX250615,2025-09-24 11:25:00,AGT1155,Print Warna A4,Jasa,lembar,5,2000,5,Rp 9.500,QRIS,Bagus,368000.0,,3,Pesanan titipan
TRX250018,2025-10-29 17:47:00,AGT1252,Teh Botol,Minuman,botol,5,6000,0,30000,Qris ,Sari,167000.0,1.526,4,
TRX250813,24/10/2025 10:32,AGT1174,Teh Botol, Minuman ,botol,2,6000,0,12000,QRIS,Rina,323000.0,1.059,5,
TRX251453,29/08/2025 13:12,AGT1064,Pulsa 25rb,Pulsa,voucher,1,27000,0,27000,Tunai,Bagus,115000.0,,3,Minta struk
TRX251339,2025-09-06 13:16:00,AGT1057,Nasi Bungkus,Makanan,porsi,1,12000,0,12000,Saldo Koperasi,Sari,210000.0,0.552,4,
TRX251346,17/10/2025 15:17,AGT1171,Print Warna A4,JASA,lembar,7,2000,0,7000,Saldo Koperasi,Rina,252000.0,,3,
TRX251223,06/09/2025 07:58,AGT1166,Teh Botol,Minuman,botol,6,6000,5,Rp 34.200,QRIS,Bagus,270000.0,2.642,5,
TRX250664,10/11/2025 13:49,AGT1161,Nasi Bungkus,Makanan,porsi,6,12000,0,72000,QRIS,Bagus,86000.0,1.733,5,
TRX250349,2025-08-08 07:46:00,AGT1211,Mi Instan Rebus,Makanan,porsi,1,10000,0,10000,Saldo Koperasi,Bagus,212000.0,0.506,4,
TRX250126,2025-11-26 14:51:00,AGT1009,Roti Isi,Makanan,porsi,4,8000,0,Rp 32.000,qris,Rina,115000.0,0.385,3,
TRX251307,2025-11-08 13:40:00,AGT1023,Gorengan 5pcs,Makanan,porsi,7,6000,0,Rp 42.000,Tunai,Bagus,411000.0,3.46,3,Minta struk
TRX250417,2025-10-27 12:17:00,AGT1109,Kopi Sachet,Minuman,botol,2,5000,0,10000,QRIS,Rina,123000.0,0.417,4,Minta struk
TRX250872,2025-09-11 15:01:00,AGT1167,Gorengan 5pcs,Makanan,porsi,6,6000,0,36000,Tunai,Rina,200000.0,3.55,4,Pesanan titipan
TRX250017,2025-11-16 17:17:00,AGT1121,Jilid Spiral,Jasa,lembar,8,8000,0,64000,QRIS,Bagus,281000.0,,5,
TRX250657,2025-08-08 13:18:00,AGT1114,Teh Botol,Minuman,botol,8,6000,0,48000,QRIS,Sari,,3.352,-999,Pelanggan tetap
TRX250044,2025-08-05 17:58:00,AGT1167,Pulpen Hitam,ATK,pcs,4,3500,0,14000,Saldo Koperasi,Dimas,161000.0,1.781,4,Pelanggan tetap
TRX251224,2025-10-23 13:35:00,AGT1110,Map Plastik, ATK ,pcs,1,4000,0,4000,Tunai,Dimas,40000.0,0.444,3,Pelanggan tetap
TRX250588,2025-09-01 11:01:00,AGT1029,Map Plastik,ATK,pcs,7,4000,0,28000,Tunai,Dimas,68000.0,0.484,3,Pelanggan tetap
TRX250759,2025-08-17 16:42:00,AGT1063,Pulsa 10rb,Pulsa,voucher,1,12000,0,12000,Saldo Koperasi,Bagus,184000.0,,3,
TRX250479,2025-11-05 17:30:00,AGT1035,Map Plastik,ATK,pcs,5,4000,0,20000,QRIS,Bagus,147000.0,2.973,3,
TRX250316,2025-10-28 12:58:00,AGT1041,Air Mineral 600ml,Minuman,botol,5,4000,0,20000,QRIS,Rina,80000.0,1.38,3,Pesanan titipan
TRX251096,2025-09-29 07:07:00,AGT1161,Susu Kotak,Minuman,botol,6,7500,0,45000,Tunai,Sari,,0.398,5,Promo mingguan
TRX250838,2025-08-02 11:57:00,AGT1138,Gorengan 5pcs,Makanan,porsi,4,6000,0,24000,Tunai,Rina,557000.0,1.212,5,
TRX250979,2025-11-27 16:46:00,AGT1129,Gorengan 5pcs,Makanan,porsi,4,6000,5,Rp 22.800,Transfer,Bagus,32000.0,1.942,4,
TRX250886,2025-11-02 16:41:00,AGT1083,Roti Isi,Makanan,porsi,5,8000,0,Rp 40.000,QRIS,Bagus,214000.0,2.223,3,
TRX250529,2025-11-14 10:47:00,AGT1219,Teh Botol,Minuman,botol,2,6000,0,12000,QRIS,Bagus,,0.218,5,
TRX251447,2025-09-24 12:30:00,AGT1195,Laminating A4,Jasa,lembar,8,5000,0,40000,Transfer,Rina,172000.0,,5,Pelanggan tetap
TRX250849,2025-08-05 14:29:00,AGT1068,Fotokopi A4,ATK,pcs,2,500,0,1000,QRIS,Sari,335000.0,,3,Promo mingguan
TRX250054,2025-08-29 12:09:00,AGT1141,Gorengan 5pcs,Makanan,porsi,3,6000,0,18000,Saldo Koperasi,Rina,197000.0,0.568,3,
TRX251377,18/11/2025 07:25,AGT1066,Fotokopi A4,ATK,pcs,4,500,0,2000,Tunai,Sari,148000.0,0.955,4,Pelanggan tetap
TRX250423,2025-09-29 07:36:00,AGT1042,Nasi Bungkus,Makanan,porsi,2,12000,0,24000,Tunai,Bagus,286000.0,0.8,5,
TRX250811,2025-10-12 13:04:00,AGT1142,Mi Instan Rebus,Makanan,porsi,3,10000,0,30000,QRIS,Rina,661000.0,1.292,5,
TRX250581,2025-08-12 16:11:00,AGT1212,Pulpen Hitam,Alat Tulis,pcs,8,3500,0,28000,Tunai,Rina,76000.0,1.02,4,Pelanggan tetap
TRX251040,2025-10-15 10:41:00,AGT1170,Teh Botol,Minuman,botol,-3,6000,0,18000,Tunai,Bagus,673000.0,1.601,4,Pelanggan tetap
TRX250251,2025-10-11 11:45:00,AGT1063,Nasi Bungkus,Makanan,porsi,4,12000,0,Rp 48.000,Tunai,Bagus,163000.0,1.114,5,Minta struk
TRX250580,2025-08-11 15:19:00,AGT1191,Teh Botol,Minuman,botol,7,6000,0,Rp 42.000,Tunai,Sari,249000.0,3.495,4,
TRX250997,2025-09-05 11:03:00,AGT1153,Mi Instan Rebus,Makanan,porsi,4,10000,0,40000,QRIS,Sari,254000.0,1.17,5,Pesanan titipan
TRX250658,28/09/2025 16:06,AGT1009,Fotokopi A4,ATK,pcs,5,500,0,2500,Qris ,Sari,122000.0,0.73,4,
TRX251493,2025-09-25 14:18:00,AGT1073,Map Plastik,ATK,pcs,1,4000,5,3800,QRIS,Rina,103000.0,0.371,3,Pelanggan tetap
TRX250878,2025-08-20 16:26:00,AGT1053,Air Mineral 600ml,Minuman,botol,5,4000,0,20000,QRIS,Bagus,273000.0,1.174,4,
TRX251202,15/09/2025 16:37,AGT1023,Jilid Spiral,Jasa,lembar,3,8000,0,24000,Tunai,Rina,361000.0,,3,
TRX250661,2025-09-25 15:29:00,AGT1072,Susu Kotak,Minuman,botol,2,7500,0,15000,QRIS,Bagus,307000.0,0.862,4,
TRX250405,2025-11-07 15:59:00,AGT1102,Kopi Sachet,Minuman,botol,5,5000,10,225000,Saldo Koperasi,Rina,,1.751,4,
TRX251337,2025-08-07 08:24:00,AGT1243,Gorengan 5pcs, Makanan ,porsi,2,6000,0,12000,Tunai,Bagus,226000.0,1.008,5,Promo mingguan
TRX251449,2025-10-17 12:14:00,AGT1248,Gorengan 5pcs,Makanan,porsi,4,6000,0,24000,Saldo Koperasi,Bagus,25000.0,0.752,4,
TRX251183,2025-11-14 11:21:00,AGT1251,Teh Botol,Minuman,botol,6,6000,0,36000,Transfer,Rina,139000.0,3.185,4,Minta struk
TRX250534,2025-11-20 16:51:00,AGT1198,Roti Isi,Makanan,porsi,7,8000,0,56000,QRIS,Rina,296000.0,0.901,4,
TRX251196,2025-08-13 09:54:00,AGT1184,Mi Instan Rebus,Makanan,porsi,3,10000,0,30000,Saldo Koperasi,Bagus,115000.0,0.57,4,
TRX250032,25/09/2025 09:37,AGT1177,Gorengan 5pcs,Makanan,porsi,8,6000,0,Rp 48.000,QRIS,Dimas,996000.0,1.668,5,
TRX250686,2025-10-12 15:04:00,AGT1154,Teh Botol,Minuman,botol,8,6000,0,480000,Tunai,Bagus,124000.0,4.546,4,
TRX251275,2025-08-26 14:13:00,AGT1164,Pulpen Hitam,ATK,pcs,6,3500,0,21000,QRIS,Dimas,137000.0,1.542,4,Pesanan titipan
TRX250559,2025-09-17 11:56:00,AGT1145,Roti Isi,Makanan,porsi,5,8000,0,40000,Transfer,Rina,95000.0,2.913,-999,
TRX251120,2025-10-05 10:12:00,AGT1089,Jilid Spiral,Jasa,lembar,4,8000,0,Rp 32.000,Tunai,Bagus,172000.0,,3,
TRX250606,2025-10-18 17:34:00,AGT1118,Susu Kotak,Minuman,botol,6,7500,0,90000,Saldo Koperasi,Dimas,157000.0,3.099,3,Pesanan titipan
TRX250965,2025-10-29 17:39:00,AGT1043,Roti Isi,Makanan,porsi,5,8000,0,40000,Transfer,Sari,,0.665,3,Minta struk
TRX251182,2025-11-23 10:55:00,AGT1114,Paket Data 3GB,Pulsa,voucher,2,35000,0,70000,QRIS,Rina,556000.0,,4,Pelanggan tetap
TRX250604,2025-10-29 07:48:00,AGT1204,Roti Isi,Makanan,porsi,8,8000,0,64000,Tunai,Dimas,134000.0,4.379,4,
TRX250308,2025-08-31 12:36:00,AGT1181,Susu Kotak,Minuman,botol,8,7500,0,60000,Qris ,Sari,97000.0,2.92,3,
TRX250822,2025-09-26 10:33:00,AGT1259,Teh Botol,Minuman,botol,6,6000,0,18000,Saldo Koperasi,Rina,41000.0,2.488,5,Pesanan titipan
TRX250499,2025-08-23 15:44:00,AGT1238 ,Jilid Spiral,Jasa,lembar,4,8000,0,32000,Tunai,Bagus,,,5,Pelanggan tetap
TRX251349,2025-10-05 07:57:00,AGT1124,Print Warna A4,Jasa,lembar,1,2000,0,2000,QRIS,Dimas,107000.0,,5,Pesanan titipan
TRX250765,2025-10-30 16:27:00,AGT1061,Roti Isi,Makanan,porsi,6,8000,0,48000,Saldo Koperasi,Bagus,180000.0,1.648,3,
TRX250922,23/08/2025 08:00,AGT1249,Fotokopi A4,ATK,pcs,6,500,0,3000,Saldo Koperasi,Dimas,106000.0,1.937,-999,
TRX250993,2025-08-11 17:54:00,AGT1040,Pulsa 25rb,Pulsa,voucher,2,27000,0,540000,QRIS,Dimas,1034000.0,,4,
TRX250406,2025-10-13 07:37:00,AGT1195,Roti Isi,Makanan,porsi,3,8000,10,21600,QRIS,Bagus,95000.0,1.473,-999,Pelanggan tetap
TRX250025,2025-08-15 12:58:00,AGT1094,Roti Isi,Makanan,porsi,8,8000,0,64000,Tunai,Dimas,63000.0,0.407,5,
TRX250207,2025-10-05 17:04:00,AGT1061,Susu Kotak,Minuman,botol,6,7500,5,42750,Tunai,Dimas,82000.0,3.234,5,
TRX251195,2025-08-04 11:39:00,AGT1209,Air Mineral 600ml,Minuman,botol,1,4000,0,4000,Tunai,Dimas,302000.0,0.469,-999,
TRX250502,2025-09-25 17:01:00,AGT1085,Pulpen Hitam, ATK ,pcs,7,3500,10,22050,QRIS,Rina,114000.0,3.423,4,
TRX250607,28/11/2025 15:59,AGT1253,Pulpen Hitam,ATK,pcs,6,3500,0,21000,Saldo Koperasi,Sari,546000.0,2.408,5,
TRX251069,2025-09-29 11:57:00,AGT1127,Pulsa 10rb,Pulsa,voucher,1,12000,0,12000,QRIS,Bagus,556000.0,,3,
TRX250609,2025-10-09 17:09:00,AGT1034 ,Map Plastik,Alat Tulis,pcs,6,4000,0,24000,QRIS,Bagus,608000.0,2.938,4,Minta struk
TRX250665,2025-08-27 09:43:00,AGT1014,Map Plastik,Alat Tulis,pcs,5,4000,0,20000,Tunai,Dimas,45000.0,1.72,5,Minta struk
TRX250550,02/11/2025 13:15,AGT1140,Nasi Bungkus,Makanan,porsi,4,12000,0,48000,Qris ,Bagus,321000.0,2.198,5,
TRX250393,2025-09-01 10:56:00,AGT1016,Kopi Sachet,Minuman,botol,4,5000,0,200000,Saldo Koperasi,Sari,,0.645,5,
TRX250578,2025-09-19 07:53:00,AGT1115,Roti Isi,Makanan,porsi,8,8000,0,64000,Tunai,Rina,124000.0,1.315,4,
TRX250363,2025-10-24 15:51:00,AGT1113,Nasi Bungkus,Makanan,porsi,3,12000,0,36000,QRIS,Bagus,155000.0,1.101,3,
TRX250494,2025-11-18 07:48:00,AGT1182,Mi Instan Rebus,Makanan,porsi,7,10000,0,70000,Saldo Koperasi,Bagus,133000.0,3.3,5,
TRX251106,2025-11-01 15:32:00,AGT1243,Nasi Bungkus,Makanan,porsi,8,12000,0,96000,Saldo Koperasi,Dimas,836000.0,3.797,4,
TRX250368,07/09/2025 10:01,AGT1224,Mi Instan Rebus,Makanan,porsi,5,10000,0,Rp 50.000,Saldo Koperasi,Sari,107000.0,2.293,5,
TRX250415,25/09/2025 11:17,AGT1003,Air Mineral 600ml,Minuman,botol,2,4000,0,8000,Transfer,Bagus,236000.0,0.901,5,Pelanggan tetap
TRX251026,09/09/2025 07:40,AGT1255,Pulpen Hitam, ATK ,pcs,8,3500,0,28000,QRIS,Bagus,60000.0,0.712,3,
TRX250553,10/10/2025 15:04,AGT1124,Kopi Sachet,Minuman,botol,4,5000,0,20000,Saldo Koperasi,Dimas,740000.0,0.887,5,Pelanggan tetap
TRX251236,13/09/2025 08:24,AGT1062,Kopi Sachet,Minuman,botol,6,5000,0,30000,Tunai,Rina,115000.0,3.205,4,
TRX250971,2025-08-26 10:42:00,AGT1028,Mi Instan Rebus, Makanan ,porsi,7,10000,0,70000,Qris ,Dimas,503000.0,2.101,-999,
TRX251280,2025-08-30 11:52:00,AGT1171,Teh Botol,Minuman,botol,1,6000,0,6000,Tunai,Bagus,108000.0,0.294,5,Pesanan titipan
TRX250669,2025-08-06 12:57:00,AGT1025,Fotokopi A4,Alat Tulis,pcs,2,500,0,1000,Saldo Koperasi,Bagus,1784000.0,0.155,4,
TRX250427,25/08/2025 09:57,AGT1078,Jilid Spiral,Jasa,lembar,6,8000,0,Rp 48.000,Saldo Koperasi,Dimas,,,4,
TRX251372,2025-11-19 14:32:00,AGT1050,Pulsa 10rb,PULSA,voucher,1,12000,0,12000,QRIS,Dimas,162000.0,,5,
TRX251425,2025-10-06 08:33:00,AGT1257,Map Plastik,ATK,pcs,4,4000,0,16000,QRIS,Rina,89000.0,2.155,5,Pesanan titipan
TRX250369,2025-08-07 08:07:00,AGT1070,Fotokopi A4,ATK,pcs,4,500,0,2000,Saldo Koperasi,Rina,,1.391,4,
TRX250283,26/11/2025 09:09,AGT1008,Kopi Sachet,Minuman,botol,6,5000,0,30000,Saldo Koperasi,Bagus,,1.888,4,Pesanan titipan
TRX251127,2025-10-27 14:46:00,AGT1227,Mi Instan Rebus,MAKANAN,porsi,1,10000,0,10000,QRIS,Bagus,288000.0,0.245,5,
TRX250645,2025-10-05 15:13:00,AGT1130,Gorengan 5pcs,Makanan,porsi,8,6000,0,48000,Saldo Koperasi,Rina,598000.0,1.417,4,Promo mingguan
TRX250739,2025-09-04 13:00:00,AGT1003,Pulpen Hitam,ATK,pcs,6,3500,0,21000,Tunai,Rina,281000.0,2.928,4,
TRX250924,2025-09-22 13:52:00,AGT1057,Roti Isi,Makanan,porsi,4,8000,5,30400,Tunai,Bagus,214000.0,0.593,3,Pesanan titipan
TRX250796,2025-11-02 14:40:00,AGT1060,Map Plastik,ATK,pcs,8,4000,0,32000,Tunai,Bagus,499000.0,2.26,5,Pelanggan tetap
TRX251207,2025-11-17 12:59:00,AGT1135,Kopi Sachet,Minuman,botol,6,5000,0,30000,Tunai,Dimas,422000.0,2.908,5,
TRX251348,23/10/2025 09:52,AGT1138,Nasi Bungkus,Makanan,porsi,3,12000,0,36000,Tunai,Bagus,112000.0,1.601,5,Pesanan titipan
TRX250810,23/10/2025 09:59,AGT1248,Teh Botol,Minuman,botol,5,6000,0,30000,Tunai,Sari,181000.0,0.622,5,
TRX251332,2025-11-04 12:01:00,AGT1098,Nasi Bungkus,Makanan,porsi,5,12000,0,60000,QRIS,Sari,77000.0,2.835,3,Minta struk
TRX250294,2025-10-30 08:48:00,AGT1105,Teh Botol,Minuman,botol,2,6000,0,12000,Tunai,Sari,1694000.0,0.287,3,
TRX250981,2025-10-30 16:52:00,AGT1128,Mi Instan Rebus,Makanan,porsi,3,10000,0,30000,QRIS,Bagus,400000.0,1.039,3,
TRX250749,06/08/2025 09:22,AGT1032,Nasi Bungkus,Makanan,porsi,6,12000,0,72000,Saldo Koperasi,Sari,194000.0,3.442,5,Promo mingguan
TRX250210,2025-08-21 09:44:00,AGT1049,Mi Instan Rebus,Makanan,porsi,4,10000,0,40000,QRIS,Rina,132000.0,1.966,5,
TRX251435,2025-11-07 15:28:00,AGT1206,Buku Tulis 38lbr,Alat Tulis,pcs,-8,5500,-20,41800,Tunai,Bagus,251000.0,1.255,4,
TRX250947,2025-11-22 08:51:00,AGT1023,Roti Isi,Makanan,porsi,8,8000,0,64000,Tunai,Bagus,603000.0,1.004,5,
TRX251311,21/11/2025 16:17,AGT1079 ,Roti Isi,Makanan,porsi,5,8000,0,40000,Tunai,Dimas,38000.0,2.698,5,
TRX250342,2025-09-23 16:34:00,AGT1016,Teh Botol,Minuman,botol,2,6000,0,Rp 12.000,Tunai,Dimas,,0.268,4,
TRX250264,2025-09-08 15:35:00,AGT1230,Pulpen Hitam,Alat Tulis,pcs,1,3500,0,3500,Tunai,Bagus,124000.0,,4,Minta struk
TRX250653,2025-09-30 15:36:00,AGT1108,Buku Tulis 38lbr,ATK,pcs,1,5500,0,5500,Transfer,Bagus,1200000.0,,5,
TRX250037,2025-10-30 11:48:00,AGT1193,Mi Instan Rebus,Makanan,porsi,3,10000,0,30000,QRIS,Rina,388000.0,1.627,4,Minta struk
TRX250330,2025-10-16 15:02:00,AGT1255,Mi Instan Rebus,MAKANAN,porsi,8,10000,0,80000,Tunai,Bagus,603000.0,0.704,4,
TRX251011,2025-08-16 08:14:00,AGT1239,Gorengan 5pcs, Makanan ,porsi,5,6000,0,30000,Tunai,Dimas,52000.0,2.156,4,
TRX251213,2025-09-18 13:00:00,AGT1196,Buku Tulis 38lbr,ATK,pcs,7,5500,5,Rp 36.575,Tunai,Bagus,128000.0,2.73,4,
TRX250487,2025-08-23 11:16:00,AGT1201,Pulpen Hitam,ATK,pcs,1,3500,0,Rp 3.500,QRIS,Rina,144000.0,0.172,4,Minta struk
TRX251301,2025-08-16 07:48:00,AGT1078,Air Mineral 600ml,Minuman,botol,2,4000,5,7600,Transfer,Rina,1377000.0,0.182,4,
TRX250155,2025-11-16 10:34:00,AGT1107,Map Plastik,ATK,pcs,2,4000,0,8000,Saldo Koperasi,Dimas,419000.0,0.98,3,
TRX250269,2025-11-18 08:24:00,AGT1132,Nasi Bungkus,Makanan,porsi,4,12000,0,48000,Saldo Koperasi,Dimas,40000.0,1.149,3,Promo mingguan
TRX251461,2025-08-24 14:45:00,AGT1183,Mi Instan Rebus,MAKANAN,porsi,6,10000,0,60000,QRIS,Dimas,200000.0,3.515,5,
TRX250983,2025-10-28 13:02:00,AGT1171 ,Roti Isi,Makanan,porsi,1,8000,0,8000,Tunai,Sari,161000.0,0.093,5,
TRX251309,07/08/2025 11:30,AGT1043,Mi Instan Rebus,Makanan,porsi,2,10000,5,19000,Saldo Koperasi,Rina,267000.0,1.016,5,Pesanan titipan
TRX251408,2025-11-27 08:32:00,AGT1063,Pulsa 25rb,Pulsa,voucher,2,27000,0,54000,Transfer,Sari,160000.0,,5,
TRX250014,2025-11-12 17:49:00,AGT1159,Nasi Bungkus,Makanan,porsi,5,12000,0,60000,Tunai,Dimas,24000.0,2.678,5,
TRX250629,2025-10-19 14:36:00,AGT1132,Buku Tulis 38lbr,ATK,pcs,2,5500,0,11000,Saldo Koperasi,rina,201000.0,0.529,4,
TRX251253,2025-09-07 10:10:00,AGT1208,Laminating A4,Jasa,lembar,6,5000,0,60000,QRIS,Dimas,163000.0,,4,
TRX251218,2025-10-20 12:29:00,AGT1191,Teh Botol,Minuman,botol,1,6000,0,6000,QRIS,Rina,82000.0,0.439,5,
TRX250365,2025-11-08 16:39:00,AGT1135,Teh Botol,Minuman,botol,3,6000,0,18000,Saldo Koperasi,Dimas,207000.0,1.731,4,
TRX251185,2025-10-02 07:47:00,AGT1006,Air Mineral 600ml, Minuman ,botol,-1,4000,10,3600,Tunai,Sari,45000.0,0.376,3,
TRX251166,2025-11-17 16:59:00,AGT1189,Nasi Bungkus, Makanan ,porsi,6,12000,10,64800,tunai,Dimas,115000.0,0.96,-999,
TRX251483,25/11/2025 11:25,AGT1204,Buku Tulis 38lbr,ATK,pcs,8,5500,10,39600,tunai,Sari,295000.0,0.43,5,Minta struk
TRX250451,2025-09-29 09:52:00,AGT1015,Print Warna A4,Jasa,lembar,1,2000,0,2000,Transfer,Sari,,,5,
TRX250642,2025-09-06 08:15:00,AGT1058,Roti Isi,Makanan,porsi,5,8000,0,40000,Tunai,Sari,141000.0,2.772,3,Pesanan titipan
TRX250519,23/09/2025 17:36,AGT1221,Print Warna A4,Jasa,lembar,3,2000,0,6000,QRIS,Sari,48000.0,,5,
TRX251171,2025-08-05 13:55:00,AGT1198 ,Jilid Spiral,Jasa,lembar,2,8000,0,16000,Tunai,Bagus,436000.0,,5,
TRX250597,2025-10-31 08:15:00,AGT1196,Susu Kotak,Minuman,botol,7,7500,10,47250,Tunai,Rina,316000.0,0.959,5,
TRX251237,2025-08-16 16:46:00,AGT1164,Roti Isi,Makanan,porsi,7,8000,0,Rp 56.000,Saldo Koperasi,Dimas,706000.0,2.685,3,Pelanggan tetap
TRX251245,2025-09-27 16:00:00,AGT1154,Teh Botol,MINUMAN,botol,3,6000,0,18000,Saldo Koperasi,Bagus,268000.0,1.403,4,
TRX250537,2025-11-20 12:36:00,AGT1047,Gorengan 5pcs,Makanan,porsi,6,6000,0,36000,null,Sari,48000.0,0.438,4,
TRX250099,10/09/2025 11:07,AGT1168,Susu Kotak,Minuman,botol,7,7500,0,52500,QRIS,Dimas,118000.0,0.691,4,Minta struk
TRX250112,2025-09-04 08:38:00,AGT1195,Teh Botol,Minuman,botol,5,6000,0,30000,QRIS,Dimas,79000.0,1.645,4,
TRX250004,2025-11-04 07:23:00,AGT1253,Map Plastik,ATK,pcs,2,4000,0,8000,Tunai,Bagus,111000.0,,3,
TRX251386,2025-10-26 07:53:00,AGT1030,Roti Isi,Makanan,porsi,4,8000,0,Rp 32.000,QRIS,Dimas,358000.0,1.198,3,Promo mingguan
TRX250041,2025-10-28 15:55:00,AGT1067,Pulsa 10rb,Pulsa,voucher,2,12000,0,Rp 24.000,Saldo Koperasi,Bagus,589000.0,,5,
TRX250051,2025-10-01 14:31:00,AGT1258,Map Plastik,ATK,pcs,2,4000,0,8000,Saldo Koperasi,Rina,137000.0,,4,
TRX250362,13/08/2025 14:29,AGT1120,Paket Data 3GB,Pulsa,voucher,2,35000,0,70000,QRIS,Sari,126000.0,,5,Pesanan titipan
TRX250914,2025-08-30 13:55:00,AGT1230,Gorengan 5pcs,Makanan,porsi,8,6000,0,48000,Transfer,Bagus,205000.0,4.205,5,
TRX251268,2025-08-16 10:49:00,AGT1146,Susu Kotak,Minuman,botol,3,7500,5,21375,QRIS,Rina,67000.0,1.697,5,
TRX250003,2025-10-02 16:57:00,AGT1045,Map Plastik,Alat Tulis,pcs,4,4000,0,16000,Tunai,Rina,501000.0,0.646,5,
TRX251018,2025-08-23 14:55:00,AGT1085,Susu Kotak,Minuman,botol,0,7500,0,52500,Tunai,Bagus,,1.651,4,
TRX250152,2025-09-08 12:38:00,AGT1195,Nasi Bungkus,Makanan,porsi,6,12000,0,72000,Transfer,Sari,1017000.0,3.102,5,
TRX251340,14/10/2025 16:11,AGT1112,Kopi Sachet,MINUMAN,botol,8,5000,0,40000,Tunai,Sari,200000.0,0.447,5,
TRX251404,2025-08-07 11:15:00,AGT1175,Pulpen Hitam,ATK,pcs,4,3500,0,14000,Saldo Koperasi,Bagus,49000.0,0.222,3,
TRX250146,08/08/2025 11:19,AGT1112,Kopi Sachet,Minuman,botol,1,5000,0,Rp 5.000,Tunai,Dimas,424000.0,0.196,3,Promo mingguan
TRX250751,2025-11-09 13:04:00,AGT1255,Mi Instan Rebus,Makanan,porsi,5,10000,0,50000,Transfer,Rina,110000.0,1.374,3,
TRX250090,2025-08-23 14:07:00,AGT1245,Pulpen Hitam,Alat Tulis,pcs,2,3500,0,Rp 7.000,Saldo Koperasi,Sari,1296000.0,,3,
TRX251030,2025-11-22 16:03:00,AGT1187,Mi Instan Rebus,Makanan,porsi,1,10000,0,Rp 10.000,QRIS,Sari,394000.0,0.411,5,
TRX250194,04/08/2025 11:46,AGT1112,Roti Isi,Makanan,porsi,1,8000,0,8000,QRIS,Bagus,,0.341,3,
TRX251417,2025-09-11 13:10:00,AGT1252,Gorengan 5pcs,Makanan,porsi,1,6000,0,6000,Saldo Koperasi,Sari,76000.0,0.074,5,Minta struk
TRX251314,23/09/2025 09:55,AGT1107,Nasi Bungkus,MAKANAN,porsi,4,12000,0,48000,Transfer,Sari,464000.0,0.525,4,
TRX251393,2025-10-21 07:20:00,AGT1094,Gorengan 5pcs,Makanan,porsi,2,6000,0,12000,Tunai,Bagus,183000.0,0.241,5,
TRX250535,2025-10-02 16:09:00,AGT1186,Mi Instan Rebus,Makanan,porsi,1,10000,0,10000,Saldo Koperasi,Rina,286000.0,0.117,5,Pesanan titipan
TRX250104,2025-10-19 13:06:00,AGT1205,Nasi Bungkus,Makanan,porsi,7,12000,0,84000,Saldo Koperasi,Bagus,,3.318,5,
TRX250857,2025-11-19 09:21:00,AGT1156,Map Plastik,ATK,pcs,7,4000,0,14000,Saldo Koperasi,Rina,159000.0,0.711,5,
TRX250549,2025-08-06 08:47:00,AGT1228,Air Mineral 600ml,Minumam,botol,2,4000,0,Rp 8.000,Transfer,Rina,375000.0,1.019,4,
TRX250599,2025-11-12 10:32:00,AGT1150,Air Mineral 600ml,Minuman,botol,3,4000,5,11400,Transfer,Sari,538000.0,1.761,4,
TRX250565,2025-09-28 16:19:00,AGT1126,Pulpen Hitam,ATK,pcs,2,3500,10,6300,QRIS,Sari,197000.0,1.051,4,
TRX251158,2025-08-29 17:44:00,AGT1089,Map Plastik,ATK,pcs,3,4000,0,12000,Qris ,Sari,779000.0,0.25,4,
TRX251147,2025-08-31 07:01:00,AGT1114,Gorengan 5pcs,Makanan,porsi,3,6000,0,18000,QRIS,Rina,266000.0,0.352,4,
TRX250782,2025-10-31 16:47:00,AGT1152,Paket Data 3GB,Pulsa,voucher,1,35000,0,35000,Transfer,Dimas,366000.0,,5,Pelanggan tetap
TRX250643,2025-11-06 08:19:00,AGT1136,Mi Instan Rebus,Makanan,porsi,4,10000,0,40000,Saldo Koperasi,Bagus,95000.0,2.156,4,
TRX250648,2025-11-12 07:18:00,AGT1065,Susu Kotak,Minuman,botol,8,7500,0,60000,Qris ,Dimas,191000.0,0.467,4,Pelanggan tetap
TRX250254,22/11/2025 13:46,AGT1048,Kopi Sachet,Minuman,botol,7,5000,10,31500,Saldo Koperasi,Rina,159000.0,3.288,4,
TRX250903,16/08/2025 08:38,AGT1228,Air Mineral 600ml,Minumam,botol,1,4000,0,Rp 4.000,Saldo Koperasi,Rina,857000.0,0.588,4,
TRX250968,2025-08-27 14:15:00,AGT1069,Pulpen Hitam,ATK,pcs,3,3500,0,10500,QRIS,Dimas,38000.0,1.316,5,
TRX250867,2025-10-24 11:36:00,AGT1257,Paket Data 3GB,Pulsa,voucher,1,35000,0,35000,QRIS,Dimas,733000.0,,4,Minta struk
TRX250310,2025-10-06 07:29:00,AGT1028,Paket Data 3GB,Pulsa,voucher,1,35000,0,350000,Tunai,Rina,73000.0,,5,Pelanggan tetap
TRX250724,2025-08-12 15:16:00,AGT1044,Laminating A4,Jasa,lembar,8,5000,10,Rp 36.000,QRIS,Dimas,412000.0,,3,Minta struk
TRX251358,2025-10-22 15:57:00,AGT1164,Laminating A4,Jasa,lembar,7,5000,0,17500,Tunai,Bagus,440000.0,,4,
TRX250972,2025-11-14 11:48:00,AGT1090,Mi Instan Rebus,Makanan,porsi,7,10000,0,70000,Tunai,Rina,318000.0,3.12,5,Pelanggan tetap
TRX251264,12/08/2025 13:05,AGT1068,Pulpen Hitam,Alat Tulis,pcs,7,3500,0,24500,Tunai,Dimas,386000.0,0.849,3,Pesanan titipan
TRX250726,2025-09-08 10:21:00,AGT1139,Print Warna A4,Jasa,lembar,8,2000,0,16000,QRIS,Dimas,,,3,
TRX250444,2025-10-30 11:53:00,AGT1009,Nasi Bungkus,Makanan,porsi,1,12000,0,12000,QRIS,Sari,324000.0,0.401,5,
TRX250708,09/08/2025 16:52,AGT1217,Roti Isi,Makanan,porsi,5,8000,0,40000,Tunai,Bagus,344000.0,1.716,4,
TRX250396,13/08/2025 17:11,AGT1022,Susu Kotak,Minuman,botol,2,7500,0,15000,Saldo Koperasi,Bagus,48000.0,0.669,3,Promo mingguan
TRX251145,2025-10-08 07:55:00,AGT1172,Air Mineral 600ml,Minuman,botol,2,4000,0,8000,Tunai,Dimas,83000.0,0.43,4,Pelanggan tetap
TRX251139,2025-10-08 13:24:00,AGT1168,Gorengan 5pcs,Makanan,porsi,7,6000,0,42000,Tunai,Dimas,58000.0,0.367,5,
TRX250191,19/08/2025 13:28,AGT1155 ,Nasi Bungkus,Makanan,porsi,4,12000,0,Rp 48.000,Tunai,Sari,193000.0,0.705,4,Pelanggan tetap
TRX250498,03/09/2025 07:57,AGT1227,Teh Botol,Minuman,botol,5,6000,0,30000,QRIS,Rina,107000.0,1.958,4,Pelanggan tetap
TRX250969,2025-10-27 16:31:00,AGT1092,Teh Botol,Minuman,botol,5,6000,5,28500,Tunai,Dimas,,2.579,4,
TRX251442,2025-10-31 13:17:00,AGT1136,Print Warna A4,Jasa,lembar,2,2000,10,3600,Tunai,Sari,327000.0,,3,Minta struk
TRX250533,2025-09-19 11:33:00,AGT1149,Fotokopi A4,ATK,pcs,6,500,0,Rp 3.000,Transfer,Rina,544000.0,3.405,5,
,2025-11-05 16:14:00,AGT1252,Map Plastik,ATK,pcs,2,4000,10,Rp 7.200,Saldo Koperasi,Dimas,447000.0,0.252,4,Pelanggan tetap
TRX251169,2025-09-12 11:05:00,AGT1247,Buku Tulis 38lbr,Alat Tulis,pcs,5,5500,0,Rp 27.500,Tunai,Rina,192000.0,1.936,4,
TRX251239,2025-09-06 09:30:00,AGT1072,Pulpen Hitam,ATK,pcs,1,3500,0,3500,QRIS,Dimas,425000.0,0.095,5,
TRX251051,2025-09-23 13:46:00,AGT1066 ,Susu Kotak,Minuman,botol,7,7500,0,52500,Tunai,Sari,309000.0,1.166,4,
TRX250893,2025-09-08 12:22:00,AGT1067,Roti Isi,Makanan,porsi,7,8000,0,Rp 56.000,tunai,Sari,302000.0,3.62,4,Pelanggan tetap
TRX250046,2025-11-07 13:36:00,AGT1108,Kopi Sachet,Minuman,botol,8,5000,0,40000,transfer,Sari,338000.0,3.745,4,
TRX251057,2025-11-24 17:12:00,AGT1151,Susu Kotak,Minuman,botol,4,7500,0,Rp 30.000,Transfer,Dimas,66000.0,0.415,4,Promo mingguan
TRX250861,2025-11-25 13:42:00,AGT1073,Pulpen Hitam,ATK,pcs,7,3500,0,24500,Tunai,Dimas,299000.0,2.285,5,Pelanggan tetap
TRX250008,2025-08-11 09:06:00,AGT1116,Teh Botol, Minuman ,botol,8,6000,0,48000,QRIS,Bagus,102000.0,1.317,4,
TRX250747,2025-08-15 15:23:00,AGT1043,Buku Tulis 38lbr,ATK,pcs,4,5500,0,11000,QRIS,Bagus,470000.0,0.541,4,
TRX251024,2025-11-08 11:39:00,AGT1133,Mi Instan Rebus,Makanan,porsi,8,10000,0,80000,Tunai,Dimas,626000.0,2.96,4,
TRX250402,2025-09-25 09:52:00,AGT1168,Roti Isi,Makanan,porsi,6,8000,0,48000,QRIS,Sari,80000.0,0.958,4,
TRX251477,2025-09-07 11:29:00,AGT1086,Teh Botol,Minuman,botol,3,6000,0,18000,Saldo Koperasi,Sari,304000.0,1.583,3,Pelanggan tetap
TRX250089,12/10/2025 11:24,AGT1027,Teh Botol,Minuman,botol,7,6000,10,37800,Tunai,Dimas,58000.0,1.43,4,
TRX250127,2025-10-11 10:24:00,AGT1081,Roti Isi,Makanan,porsi,8,8000,0,64000,QRIS,Rina,86000.0,3.201,4,
TRX250953,2025-08-03 08:33:00,AGT1151,Pulsa 10rb,Pulsa,voucher,1,12000,0,12000,Tunai,Bagus,103000.0,,5,Promo mingguan
TRX250275,2025-08-10 08:18:00,AGT1248,Fotokopi A4, ATK ,pcs,-5,500,0,2500,transfer,Bagus,140000.0,0.714,5,
TRX250476,2025-09-12 10:38:00,AGT1199,Jilid Spiral,Jasa,lembar,6,8000,0,48000,Transfer,Rina,89000.0,,5,
TRX250287,2025-08-04 10:59:00,AGT1009,Print Warna A4,Jasa,lembar,1,2000,0,Rp 2.000,QRIS,Bagus,390000.0,,5,Minta struk
TRX250518,2025-08-15 12:02:00,AGT1063,Print Warna A4,Jasa,lembar,8,2000,0,16000,Tunai,Dimas,304000.0,,4,
TRX250612,2025-10-11 17:19:00,AGT1075,Gorengan 5pcs,Makanan,porsi,1,6000,0,Rp 6.000,QRIS,Bagus,161000.0,0.318,5,Pelanggan tetap
TRX250500,2025-09-29 10:18:00,AGT1226,Pulsa 10rb,Pulsa,voucher,1,12000,0,Rp 12.000,Saldo Koperasi,Bagus,382000.0,,5,
TRX250594,2025-08-07 11:18:00,AGT1212,Nasi Bungkus,Makanan,porsi,6,12000,0,72000,Tunai,Rina,41000.0,3.161,3,Pelanggan tetap
TRX250891,27/09/2025 11:37,AGT1253,Paket Data 3GB,Pulsa,voucher,1,35000,0,35000,QRIS,Sari,86000.0,,4,Minta struk
,21/10/2025 08:44,AGT1188,Roti Isi,Makanan,porsi,8,8000,0,Rp 64.000,QRIS,Sari,,3.745,5,
TRX250795,2025-09-15 08:32:00,AGT1193,Pulsa 10rb,PULSA,voucher,2,12000,0,24000,QRIS,Rina,,,5,Pesanan titipan
TRX250315,11/11/2025 09:33,AGT1204,Susu Kotak,Minuman,botol,2,7500,0,15000,Tunai,Rina,30000.0,0.611,5,
TRX251092,2025-11-09 12:52:00,AGT1097,Fotokopi A4,ATK,pcs,8,500,5,3800,Saldo Koperasi,Rina,49000.0,0.909,5,Pelanggan tetap
TRX250383,2025-10-20 12:12:00,AGT1041,Buku Tulis 38lbr,ATK,pcs,2,5500,0,11000,qris,Rina,269000.0,,3,
TRX250359,2025-08-11 15:48:00,AGT1142,Kopi Sachet,Minuman,botol,-3,5000,0,15000,Tunai,Rina,731000.0,1.158,5,
TRX250919,2025-11-05 17:32:00,AGT1037,Paket Data 3GB,Pulsa,voucher,1,35000,0,35000,Tunai,dimas,649000.0,,4,
TRX251418,2025-09-30 07:50:00,AGT1041,Fotokopi A4,ATK,pcs,2,500,0,1000,QRIS,Sari,,,4,
TRX250699,2025-08-18 13:43:00,AGT1180,Pulpen Hitam,ATK,pcs,4,3500,0,14000,Transfer,Sari,179000.0,0.791,4,Pelanggan tetap
TRX251407,2025-09-05 08:20:00,AGT1053 ,Print Warna A4,Jasa,lembar,8,2000,0,16000,Transfer,Bagus,39000.0,,5,
TRX250992,15/09/2025 10:55,AGT1081,Jilid Spiral,Jasa,lembar,2,8000,0,16000,Tunai,Sari,,,4,Minta struk
TRX250011,2025-09-29 16:04:00,AGT1228,Pulpen Hitam,ATK,pcs,7,3500,0,24500,Transfer,Sari,272000.0,1.217,5,
TRX250074,04/11/2025 10:27,AGT1003,Pulpen Hitam,ATK,pcs,6,3500,0,21000,QRIS,Sari,1281000.0,0.349,4,Pesanan titipan
TRX250192,17/08/2025 09:12,AGT1140,Nasi Bungkus,Makanan,porsi,3,12000,0,36000,Saldo Koperasi,Dimas,328000.0,0.811,4,
TRX250977,2025-10-14 15:44:00,AGT1154 ,Roti Isi,Makanan,porsi,1,8000,0,8000,Transfer,Sari,282000.0,0.204,4,
TRX250176,2025-11-14 11:21:00,AGT1010,Air Mineral 600ml,Minuman,botol,8,4000,0,32000,Tunai,Sari,206000.0,4.21,4,
TRX250970,2025-09-10 16:35:00,AGT1191,Roti Isi,Makanan,porsi,2,8000,0,16000,QRIS,Sari,,0.508,4,
TRX250788,2025-09-05 11:32:00,AGT1218,Fotokopi A4,ATK,pcs,5,500,0,2500,Transfer,Bagus,273000.0,0.595,4,Minta struk
TRX251206,08/08/2025 15:54,AGT1067,Kopi Sachet,Minuman,botol,5,5000,10,22500,Saldo Koperasi,Bagus,156000.0,1.511,4,
TRX250070,2025-08-10 12:21:00,AGT1088 ,Buku Tulis 38lbr,ATK,pcs,7,5500,5,36575,Tunai,Sari,116000.0,2.537,3,
TRX251122,2025-09-29 13:43:00,AGT1151,Susu Kotak,Minuman,botol,6,7500,0,45000,QRIS,Dimas,857000.0,2.177,2,Pesanan titipan
TRX250174,2025-08-10 07:27:00,AGT1083,Susu Kotak,Minuman,botol,6,7500,0,Rp 45.000,Tunai,Bagus,103000.0,3.116,4,Pesanan titipan
TRX250678,2025-11-19 15:10:00,AGT1065,Laminating A4,Jasa,lembar,4,5000,0,20000,Tunai,Dimas,31000.0,,4,
TRX251107,2025-11-18 10:05:00,AGT1076 ,Map Plastik,ATK,pcs,7,4000,0,28000,QRIS,Bagus,,2.071,2,Promo mingguan
TRX251162,04/10/2025 09:14,AGT1035,Roti Isi,Makanan,porsi,8,8000,0,Rp 64.000,Tunai,Sari,292000.0,3.549,4,Minta struk
TRX250439,2025-11-06 09:14:00,AGT1172,Pulsa 10rb,Pulsa,voucher,2,12000,0,24000,tunai,Rina,721000.0,,3,
TRX251432,2025-09-10 08:43:00,AGT1228,Map Plastik,ATK,pcs,2,4000,0,16000,Tunai,Rina,217000.0,,4,Pelanggan tetap
TRX250804,2025-08-14 07:05:00,AGT1140,Jilid Spiral,Jasa,lembar,3,8000,0,Rp 24.000,Saldo Koperasi,Bagus,243000.0,,3,Pesanan titipan
TRX251400,2025-09-07 15:04:00,AGT1138,Roti Isi,Makanan,porsi,6,8000,0,480000,Transfer,Sari,127000.0,0.594,4,
TRX250273,2025-08-20 10:58:00,AGT1177,Nasi Bungkus,Makanan,porsi,3,12000,0,36000,Tunai,Bagus,38000.0,0.802,5,
TRX250007,2025-11-03 12:21:00,AGT1207,Nasi Bungkus,Makanan,porsi,7,12000,0,84000,Tunai,Sari,323000.0,0.964,5,Pelanggan tetap
TRX250184,2025-08-14 16:23:00,AGT1001,Map Plastik,ATK,pcs,5,4000,0,20000,Transfer,Rina,,2.365,4,Pelanggan tetap
TRX250386,2025-10-08 17:29:00,AGT1058,Air Mineral 600ml,Minuman,botol,1,4000,0,4000,Tunai,Sari,753000.0,0.247,4,
TRX250803,2025-08-14 11:31:00,AGT1051,Fotokopi A4,ATK,pcs,1,500,0,500,Saldo Koperasi,Sari,109000.0,,5,Promo mingguan
TRX250086,2025-09-21 15:08:00,AGT1213,Gorengan 5pcs, Makanan ,porsi,3,6000,0,18000,-,Sari,2699000.0,1.565,3,
TRX250020,23/09/2025 16:02,AGT1256,Fotokopi A4,ATK,pcs,7,500,5,Rp 3.325,QRIS,Rina,98000.0,2.58,3,
TRX251491,13/09/2025 14:34,AGT1133,Fotokopi A4,ATK,pcs,8,500,0,4000,Tunai,Bagus,501000.0,4.117,5,Minta struk
TRX251186,2025-11-13 09:32:00,AGT1254,Susu Kotak,Minuman,botol,3,7500,0,22500,Tunai,Rina,,0.493,4,
TRX251303,2025-08-04 07:47:00,AGT1134,Pulsa 10rb,Pulsa,voucher,2,12000,0,24000,Tunai,Bagus,377000.0,,5,
TRX251406,2025-08-03 09:02:00,AGT1050,Pulsa 10rb,Pulsa,voucher,-2,12000,0,Rp 24.000,QRIS,Sari,175000.0,,4,
TRX250890,05/09/2025 12:58,AGT1005,Pulpen Hitam,ATK,pcs,7,3500,0,24500,QRIS,Dimas,693000.0,2.653,5,Pelanggan tetap
TRX250555,2025-08-12 15:18:00,AGT1151,Map Plastik,ATK,pcs,3,4000,0,12000,QRIS,Sari,314000.0,0.994,5,Pelanggan tetap
TRX250178,2025-09-15 16:08:00,AGT1109,Mi Instan Rebus, Makanan ,porsi,1,10000,10,9000,QRIS,Sari,407000.0,0.288,4,Promo mingguan
TRX250904,2025-10-13 16:00:00,AGT1071,Roti Isi,Makanan,porsi,3,8000,0,Rp 24.000,Tunai,Bagus,70000.0,0.696,4,
TRX250175,2025-08-05 14:44:00,AGT1154,Air Mineral 600ml,Minuman,botol,6,4000,0,24000,Tunai,Sari,,1.342,4,
TRX251079,17/11/2025 07:42,AGT1057,Nasi Bungkus,MAKANAN,porsi,4,12000,0,48000,Tunai,Bagus,620000.0,1.242,4,
TRX250137,2025-08-15 07:34:00,AGT1044,Mi Instan Rebus,Makanan,porsi,8,10000,0,80000,tunai,Sari,180000.0,3.376,3,
TRX250558,26/10/2025 13:20,AGT1225,Roti Isi,Makanan,porsi,7,8000,0,56000,QRIS,Sari,99000.0,3.406,3,
TRX250769,2025-09-20 16:07:00,AGT1202 ,Teh Botol,Minuman,botol,1,6000,0,6000,Tunai,Bagus,276000.0,0.143,5,
TRX251263,11/08/2025 13:08,AGT1175,Gorengan 5pcs, Makanan ,porsi,7,6000,0,42000,Tunai,Sari,,0.719,4,
TRX250856,2025-09-26 07:53:00,AGT1009,Kopi Sachet,Minuman,botol,4,5000,0,Rp 20.000,QRIS,Bagus,116000.0,1.023,5,
TRX250151,2025-09-26 07:56:00,AGT1256,Roti Isi,Makanan,porsi,6,8000,0,Rp 48.000,Tunai,Dimas,153000.0,2.314,5,
TRX250380,22/10/2025 16:21,AGT1254,Pulsa 10rb,Pulsa,voucher,1,12000,0,12000,QRIS,Bagus,194000.0,,4,
TRX250525,2025-10-12 07:01:00,AGT1035,Mi Instan Rebus,Makanan,porsi,5,10000,0,50000,Tunai,Rina,65000.0,2.002,5,
TRX250980,2025-10-05 15:02:00,AGT1081,Gorengan 5pcs,Makanan,porsi,6,6000,0,Rp 36.000,QRIS,Rina,136000.0,2.355,4,Pelanggan tetap
TRX250023,2025-09-13 13:44:00,AGT1174,Kopi Sachet,Minuman,botol,7,5000,0,Rp 35.000,Tunai,Bagus,,0.429,5,
TRX250877,31/08/2025 12:39,AGT1049,Laminating A4,Jasa,lembar,6,5000,5,28500,Tunai,Rina,590000.0,,4,
TRX250624,2025-09-24 07:27:00,AGT1110,Map Plastik,ATK,pcs,5,4000,0,20000,Saldo Koperasi,Bagus,142000.0,1.664,3,
TRX250265,2025-11-26 17:19:00,AGT1061,Roti Isi,Makanan,porsi,2,8000,0,16000,QRIS,Dimas,99000.0,0.725,4,Pelanggan tetap
TRX250221,2025-10-18 08:31:00,AGT1016,Gorengan 5pcs,Makanan,porsi,1,6000,0,6000,Tunai,Bagus,105000.0,0.437,5,
TRX250410,2025-10-03 10:18:00,AGT1071,Pulpen Hitam,ATK,pcs,3,3500,0,Rp 10.500,QRIS,Rina,208000.0,1.011,4,
TRX250831,2025-10-23 08:10:00,AGT1238,Buku Tulis 38lbr,ATK,pcs,2,5500,0,11000,Tunai,Sari,152000.0,0.721,5,
TRX250071,2025-11-23 11:15:00,AGT1234,Gorengan 5pcs,Makanan,porsi,6,6000,0,Rp 36.000,Transfer,Sari,198000.0,2.464,4,
TRX250019,2025-08-24 12:52:00,AGT1075,Pulpen Hitam,Alat Tulis,pcs,1,3500,0,3500,Tunai,Sari,514000.0,,3,Pelanggan tetap
TRX250277,2025-08-16 13:03:00,AGT1019,Nasi Bungkus,Makanan,porsi,8,12000,0,96000,Tunai,Dimas,79000.0,2.613,5,Pesanan titipan
TRX250288,2025-09-19 14:03:00,AGT1001,Fotokopi A4,ATK,pcs,7,500,0,3500,Saldo Koperasi,Sari,,2.579,4,Pelanggan tetap
TRX250912,11/08/2025 09:24,AGT1109,Roti Isi,Makanan,porsi,8,8000,0,64000,Saldo Koperasi,Bagus,75000.0,4.517,5,
TRX250466,03/10/2025 09:53,AGT1026,Laminating A4,Jasa,lembar,7,5000,0,350000,QRIS,Rina,,,5,Pelanggan tetap
TRX250839,2025-11-05 16:54:00,AGT1041,Nasi Bungkus,Makanan,porsi,1,12000,0,12000,QRIS,Rina,201000.0,0.278,4,
TRX251273,2025-11-15 10:16:00,AGT1030,Kopi Sachet,Minuman,botol,1,5000,0,Rp 5.000,Tunai,Sari,380000.0,0.137,4,Promo mingguan
TRX251064,2025-10-02 12:34:00,AGT1033,Kopi Sachet,Minuman,botol,3,5000,0,Rp 15.000,Transfer,Sari,268000.0,0.288,4,Pelanggan tetap
TRX250416,27/11/2025 14:48,AGT1221,Print Warna A4,Jasa,lembar,8,2000,0,16000,Transfer,Dimas,711000.0,,4,Minta struk
TRX250036,2025-10-05 14:27:00,AGT1096,Air Mineral 600ml,Minuman,botol,7,4000,0,28000,Saldo Koperasi,Dimas,1915000.0,3.379,4,
TRX250118,2025-10-11 12:33:00,AGT1077,Buku Tulis 38lbr,ATK,pcs,2,5500,0,11000,Tunai,Rina,147000.0,,3,Pesanan titipan
TRX250366,08/10/2025 14:40,AGT1248,Roti Isi,Makanan,porsi,6,8000,5,45600,Tunai,Sari,,1.901,5,
TRX250094,2025-11-06 11:48:00,AGT1155,Pulsa 25rb,Pulsa,voucher,1,27000,0,27000,QRIS,Dimas,968000.0,,5,
TRX251334,2025-08-14 17:55:00,AGT1025,Roti Isi,Makanan,porsi,5,8000,0,40000,Saldo Koperasi,Rina,1110000.0,0.682,4,Promo mingguan
TRX250583,2025-09-14 17:48:00,AGT1166,Map Plastik,ATK,pcs,2,4000,0,8000,Saldo Koperasi,Dimas,335000.0,,4,
TRX251485,2025-09-20 11:17:00,AGT1031,Gorengan 5pcs,Makanan,porsi,4,6000,0,24000,Tunai,Dimas,,1.983,3,
TRX251495,2025-08-16 09:30:00,AGT1056 ,Fotokopi A4,ATK,pcs,5,500,0,Rp 2.500,transfer,Dimas,703000.0,1.38,5,
TRX250770,2025-11-13 15:40:00,AGT1236 ,Nasi Bungkus,Makanan,porsi,5,12000,0,600000,Transfer,Sari,193000.0,1.628,5,
TRX250690,2025-09-25 07:31:00,AGT1218,Pulsa 10rb,Pulsa,voucher,1,12000,0,12000,Saldo Koperasi,Bagus,1064000.0,,5,
TRX251167,2025-09-10 11:34:00,AGT1159,Print Warna A4,Jasa,lembar,4,2000,0,8000,Tunai,Sari,298000.0,,4,Pesanan titipan
TRX251087,2025-09-02 14:36:00,AGT1134,Air Mineral 600ml,Minuman,botol,1,4000,0,4000,QRIS,Rina,206000.0,0.065,5,Minta struk
TRX251003,2025-09-15 16:26:00,AGT1173,Pulsa 25rb,Pulsa,voucher,2,27000,0,54000,Transfer,Bagus,447000.0,,4,
TRX251251,2025-11-11 11:30:00,AGT1175,Roti Isi,Makanan,porsi,0,8000,0,32000,Saldo Koperasi,Rina,,1.162,4,
TRX251001,29/09/2025 15:51,AGT1199 ,Pulsa 10rb,Pulsa,voucher,2,12000,0,24000,Saldo Koperasi,Dimas,147000.0,,5,Pesanan titipan
TRX251044,2025-11-25 12:23:00,AGT1103,Print Warna A4,Jasa,lembar,1,2000,0,2000,QRIS,Bagus,433000.0,,5,Promo mingguan
TRX250066,2025-08-30 13:59:00,AGT1083,Fotokopi A4,ATK,pcs,7,500,0,3500,Saldo Koperasi,Dimas,108000.0,2.312,4,
TRX250654,2025-10-15 08:24:00,AGT1082,Susu Kotak,Minuman,botol,2,7500,0,15000,Tunai,Sari,744000.0,0.838,3,Minta struk
TRX250421,2025-08-04 07:04:00,AGT1208,Roti Isi,Makanan,porsi,7,8000,5,53200,QRIS,Bagus,47000.0,4.011,5,
TRX250819,2025-11-14 11:21:00,AGT1166 ,Teh Botol,Minuman,botol,6,6000,0,Rp 36.000,QRIS,Bagus,52000.0,2.458,5,
TRX250320,2025-08-24 11:41:00,AGT1231,Nasi Bungkus,Makanan,porsi,7,12000,0,84000,Transfer,Sari,163000.0,0.943,3,
TRX250895,2025-08-22 11:16:00,AGT1235,Paket Data 3GB,Pulsa,voucher,1,35000,0,35000,Tunai,Dimas,,,4,
TRX251318,2025-08-13 12:35:00,AGT1008,Map Plastik,ATK,pcs,4,4000,0,16000,Saldo Koperasi,Dimas,219000.0,0.674,3,Promo mingguan
TRX250931,2025-08-18 14:30:00,AGT1208 ,Print Warna A4, Jasa ,lembar,7,2000,0,Rp 14.000,Saldo Koperasi,Sari,207000.0,,5,
TRX250801,25/10/2025 08:47,AGT1136,Teh Botol,Minuman,botol,8,6000,0,48000,Transfer,Dimas,385000.0,1.085,5,Minta struk
TRX250197,2025-08-09 11:12:00,AGT1190,Mi Instan Rebus,Makanan,porsi,7,10000,0,70000,Transfer,Rina,225000.0,3.802,5,
TRX251396,2025-08-13 12:56:00,AGT1241,Mi Instan Rebus,Makanan,porsi,5,10000,0,50000,Transfer,Sari,630000.0,1.093,4,
TRX250138,2025-09-16 15:47:00,AGT1053,Fotokopi A4,Alat Tulis,pcs,7,500,0,3500,Tunai,Bagus,42000.0,2.248,4,Pesanan titipan
TRX251456,2025-09-25 14:07:00,AGT1126,Gorengan 5pcs,Makanan,porsi,5,6000,0,30000,Saldo Koperasi,Bagus,206000.0,2.405,4,Pelanggan tetap
TRX250123,2025-10-13 09:45:00,AGT1030,Map Plastik,ATK,pcs,6,4000,-20,24000,Tunai,Dimas,83000.0,3.187,4,Pesanan titipan
TRX250730,2025-11-08 15:48:00,AGT1020,Paket Data 3GB,Pulsa,voucher,1,35000,0,35000,Transfer,Bagus,2166000.0,,4,
TRX250652,2025-11-14 16:18:00,AGT1158,Pulsa 25rb,Pulsa,voucher,2,27000,0,54000,QRIS,Sari,,,4,
TRX250373,2025-09-07 07:28:00,AGT1100,Paket Data 3GB,Pulsa,voucher,2,35000,0,Rp 70.000,Saldo Koperasi,Rina,713000.0,,4,Pesanan titipan
TRX251330,2025-10-26 16:37:00,AGT1107,Roti Isi,Makanan,porsi,8,8000,0,64000,Tunai,Rina,249000.0,0.683,4,
TRX251179,2025-09-16 13:09:00,AGT1016,Jilid Spiral,Jasa,lembar,1,8000,0,8000,Saldo Koperasi,Dimas,190000.0,,4,
TRX250048,2025-08-20 11:14:00,AGT1054,Susu Kotak,Minuman,botol,6,7500,0,45000,Tunai,Sari,39000.0,2.939,3,
TRX251157,2025-11-08 12:52:00,AGT1081,Jilid Spiral,Jasa,lembar,5,8000,0,Rp 40.000,Transfer,Sari,,,5,
TRX250600,2025-11-24 07:39:00,AGT1179,Roti Isi,Makanan,porsi,3,8000,0,24000,Saldo Koperasi,Bagus,517000.0,1.674,4,
TRX250789,2025-08-16 17:21:00,AGT1091,Roti Isi,Makanan,porsi,0,8000,0,56000,QRIS,Rina,566000.0,4.083,3,
TRX250140,2025-09-09 07:49:00,AGT1033,Buku Tulis 38lbr,Alat Tulis,pcs,4,5500,0,22000,QRIS,Bagus,135000.0,2.224,5,Pelanggan tetap
TRX250042,2025-11-03 10:49:00,AGT1052,Map Plastik, ATK ,pcs,6,4000,0,24000,Transfer,Rina,150000.0,0.794,5,
TRX250173,2025-11-18 13:01:00,AGT1153,Laminating A4,Jasa,lembar,1,5000,0,5000,Saldo Koperasi,Dimas,296000.0,,4,Pelanggan tetap
TRX250252,06/09/2025 09:16,AGT1041,Nasi Bungkus,Makanan,porsi,6,12000,5,68400,Tunai,Sari,,0.782,4,
TRX250929,19/09/2025 12:09,AGT1090,Gorengan 5pcs,Makanan,porsi,3,6000,0,18000,QRIS,Bagus,161000.0,1.174,5,
TRX250268,2025-11-09 17:38:00,AGT1072,Roti Isi,Makanan,porsi,3,8000,0,24000,Tunai,Dimas,,0.483,4,Minta struk
TRX250548,08/08/2025 14:05,AGT1243,Buku Tulis 38lbr, ATK ,pcs,6,5500,0,33000,QRIS,Rina,110000.0,2.874,3,
TRX250397,23/09/2025 07:22,AGT1166,Gorengan 5pcs,Makanan,porsi,7,6000,150,42000,Tunai,Bagus,86000.0,3.056,5,
TRX251359,2025-08-18 07:07:00,AGT1109,Gorengan 5pcs, Makanan ,porsi,3,6000,0,18000,transfer,Sari,208000.0,1.132,4,
TRX251411,2025-10-14 14:28:00,AGT1002,Air Mineral 600ml,Minuman,botol,1,4000,0,4000,Transfer,Rina,436000.0,0.527,5,
TRX250497,2025-10-19 14:51:00,AGT1045,Nasi Bungkus,Makanan,porsi,4,12000,10,43200,Tunai,Rina,419000.0,0.846,4,Minta struk
TRX251410,2025-09-06 12:54:00,AGT1138,Buku Tulis 38lbr,ATK,pcs,2,5500,0,11000,Tunai,Dimas,98000.0,1.128,3,Pelanggan tetap
TRX250414,30/10/2025 07:58,AGT1081,Pulpen Hitam,ATK,pcs,6,3500,0,21000,QRIS,Rina,,3.598,5,Minta struk
TRX250482,2025-08-27 09:20:00,AGT1102,Gorengan 5pcs,Makanan,porsi,4,6000,0,24000,Tunai,Bagus,,2.008,-999,Minta struk
TRX250692,2025-08-15 08:40:00,AGT1020,Kopi Sachet,Minuman,botol,3,5000,0,7500,Tunai,Dimas,425000.0,1.278,5,
TRX250524,2025-08-16 08:42:00,AGT1142,Teh Botol, Minuman ,botol,3,6000,0,18000,Saldo Koperasi,Sari,769000.0,0.471,4,
TRX250302,2025-08-09 15:22:00,AGT1124,Mi Instan Rebus,Makanan,porsi,6,10000,0,60000,Saldo Koperasi,Rina,29000.0,2.05,4,
TRX250822,2025-09-26 10:33:00,AGT1259,Teh Botol,Minuman,botol,6,6000,0,18000,Saldo Koperasi,Rina,41000.0,2.488,5,Pesanan titipan
TRX250735,28/09/2025 17:09,AGT1233,Air Mineral 600ml,Minuman,botol,4,4000,0,16000,Tunai,Dimas,953000.0,2.228,4,Pelanggan tetap
TRX250339,2025-11-24 07:23:00,AGT1077 ,Pulpen Hitam,ATK,pcs,5,3500,5,16625,QRIS,Sari,244000.0,0.518,4,
TRX251062,12/08/2025 10:07,AGT1144,Air Mineral 600ml,Minuman,botol,3,4000,0,12000,Tunai,Rina,,1.58,5,
TRX250608,2025-09-18 13:36:00,AGT1211,Pulsa 25rb,Pulsa,voucher,1,27000,0,27000,QRIS,Sari,189000.0,,5,
TRX250635,2025-08-06 17:23:00,AGT1219,Nasi Bungkus,Makanan,porsi,8,12000,0,96000,QRIS,Rina,220000.0,1.906,5,
TRX251254,2025-09-20 17:07:00,AGT1126,Print Warna A4,Jasa,lembar,8,2000,0,Rp 16.000,Saldo Koperasi,Bagus,73000.0,,4,
TRX251423,2025-10-15 17:23:00,AGT1015,Print Warna A4,JASA,lembar,8,2000,0,16000,Tunai,Sari,1094000.0,,3,
TRX251113,2025-10-10 07:08:00,AGT1045,Pulsa 10rb,Pulsa,voucher,2,12000,0,24000,Transfer,Bagus,190000.0,,5,
TRX250719,2025-09-22 17:42:00,AGT1139,Mi Instan Rebus,Makanan,porsi,7,10000,0,70000,QRIS,Sari,37000.0,2.387,4,
TRX250873,24/09/2025 17:58,AGT1138,Buku Tulis 38lbr,ATK,pcs,3,5500,0,16500,Tunai,Dimas,606000.0,1.093,4,
TRX250647,2025-09-06 12:08:00,AGT1241,Fotokopi A4,Alat Tulis,pcs,1,500,0,500,Saldo Koperasi,Bagus,234000.0,,3,Pelanggan tetap
TRX250250,2025-08-16 17:40:00,AGT1036,Pulsa 10rb,PULSA,voucher,1,12000,0,12000,Tunai,Dimas,151000.0,,5,Pelanggan tetap
TRX250627,07/08/2025 15:00,AGT1036,Paket Data 3GB,Pulsa,voucher,2,35000,0,70000,Qris ,Sari,101000.0,,4,
TRX250262,2025-10-20 17:19:00,AGT1201,Kopi Sachet, Minuman ,botol,1,5000,0,5000,QRIS,Bagus,55000.0,0.053,5,
TRX251037,2025-11-13 08:02:00,AGT1054,Nasi Bungkus,Makanan,porsi,3,12000,0,36000,Tunai,Bagus,,1.516,3,Promo mingguan
TRX251471,2025-09-05 11:04:00,AGT1258,Pulpen Hitam,ATK,pcs,2,3500,10,Rp 6.300,Saldo Koperasi,Rina,298000.0,0.637,4,
TRX250802,2025-10-10 17:43:00,AGT1047,Laminating A4,Jasa,lembar,5,5000,0,25000,Tunai,Rina,210000.0,,4,
TRX251199,2025-09-28 10:08:00,AGT1107,Buku Tulis 38lbr,ATK,pcs,4,5500,0,22000,Qris ,Sari,293000.0,2.35,5,
TRX251050,04/08/2025 16:51,AGT1107,Laminating A4,Jasa,lembar,6,5000,0,30000,Transfer,Rina,294000.0,,4,
TRX250907,2025-08-15 08:36:00,AGT1196,Kopi Sachet,Minuman,botol,2,5000,0,Rp 10.000,QRIS,Bagus,16000.0,0.352,4,
TRX250336,29/09/2025 17:29,AGT1251,Pulsa 10rb,Pulsa,voucher,2,12000,0,24000,Saldo Koperasi,Rina,356000.0,,3,
TRX250095,2025-11-25 08:27:00,AGT1149,Roti Isi,Makanan,porsi,1,8000,0,Rp 8.000,QRIS,Bagus,613000.0,0.257,4,
TRX251101,2025-10-30 14:42:00,AGT1167,Pulsa 25rb,Pulsa,voucher,2,27000,0,54000,QRIS,Sari,151000.0,,4,
TRX251302,2025-10-12 14:43:00,AGT1213,Nasi Bungkus,Makanan,porsi,8,12000,5,91200,Transfer,Rina,1800000.0,1.756,3,Minta struk
TRX250650,2025-10-20 10:12:00,AGT1244,Roti Isi,Makanan,porsi,1,8000,0,8000,QRIS,Bagus,306000.0,0.552,5,
TRX251289,2025-08-19 07:57:00,AGT1248,Roti Isi,Makanan,porsi,6,8000,0,48000,Tunai,Sari,242000.0,2.281,5,
TRX251208,2025-09-26 14:04:00,AGT1074,Susu Kotak,Minuman,botol,5,7500,5,35625,Tunai,Bagus,119000.0,1.171,4,
TRX250084,2025-09-17 07:55:00,AGT1098,Air Mineral 600ml,Minuman,botol,1,4000,0,4000,Tunai,Sari,158000.0,0.407,4,
TRX250147,2025-10-20 07:02:00,AGT1215,Mi Instan Rebus,Makanan,porsi,5,10000,0,50000,Saldo Koperasi,Bagus,173000.0,0.867,5,Minta struk
TRX250754,2025-09-29 16:00:00,AGT1164,Kopi Sachet,Minumam,botol,8,5000,0,400000,QRIS,Rina,542000.0,4.081,5,
TRX251156,2025-09-23 14:21:00,AGT1004,Teh Botol,Minuman,botol,1,6000,0,6000,QRIS,Sari,376000.0,0.545,4,
TRX250743,2025-10-06 08:20:00,AGT1122,Jilid Spiral,Jasa,lembar,5,8000,0,40000,Saldo Koperasi,Dimas,,,4,
TRX250999,2025-08-19 08:29:00,AGT1016,Pulsa 10rb,PULSA,voucher,2,12000,0,24000,QRIS,Bagus,90000.0,,3,
TRX250361,15/09/2025 09:21,AGT1058,Mi Instan Rebus,Makanan,porsi,5,10000,0,Rp 50.000,QRIS,Bagus,,0.738,4,Pelanggan tetap
TRX251052,12/08/2025 10:28,AGT1257,Mi Instan Rebus,MAKANAN,porsi,8,10000,10,72000,Saldo Koperasi,Dimas,776000.0,3.565,2,
TRX251108,2025-09-23 09:13:00,AGT1103,Print Warna A4, Jasa ,lembar,5,2000,0,10000,Saldo Koperasi,Rina,,,5,
TRX250427,25/08/2025 09:57,AGT1078,Jilid Spiral,Jasa,lembar,6,8000,0,Rp 48.000,Saldo Koperasi,Dimas,,,4,
TRX250964,2025-08-22 11:42:00,AGT1078,Teh Botol,Minuman,botol,6,6000,0,36000,QRIS,Sari,315000.0,3.309,3,Pesanan titipan
TRX251016,2025-09-26 16:13:00,AGT1245,Mi Instan Rebus,Makanan,porsi,2,10000,0,Rp 20.000,QRIS,Rina,268000.0,0.381,4,
TRX250651,07/09/2025 10:06,AGT1138 ,Map Plastik,ATK,pcs,5,4000,0,Rp 20.000,QRIS,Sari,,2.723,4,Pelanggan tetap
TRX250586,2025-09-15 16:59:00,AGT1186,Mi Instan Rebus,Makanan,porsi,3,10000,0,30000,QRIS,Rina,966000.0,0.534,4,
TRX251237,2025-08-16 16:46:00,AGT1164,Roti Isi,Makanan,porsi,7,8000,0,Rp 56.000,Saldo Koperasi,Dimas,706000.0,2.685,3,Pelanggan tetap
TRX250631,2025-09-16 14:17:00,AGT1043,Pulpen Hitam,ATK,pcs,8,3500,0,28000,tunai,Rina,94000.0,0.887,3,Minta struk
TRX250149,2025-10-11 08:11:00,AGT1071,Buku Tulis 38lbr,ATK,pcs,2,5500,0,11000,Qris ,Dimas,85000.0,,4,Pelanggan tetap
TRX251399,2025-10-20 15:02:00,AGT1089 ,Map Plastik,ATK,pcs,2,4000,0,8000,-,Bagus,131000.0,,4,
TRX251039,2025-11-09 16:40:00,AGT1212,Teh Botol,Minuman,botol,4,6000,0,24000,tunai,Sari,,0.815,5,Minta struk
TRX250232,2025-08-10 14:49:00,AGT1164,Buku Tulis 38lbr,ATK,pcs,7,5500,0,38500,qris,Bagus,1994000.0,0.951,5,
TRX250378,2025-11-05 16:01:00,AGT1013,Susu Kotak,Minuman,botol,7,7500,0,52500,Tunai,Sari,861000.0,2.084,5,
TRX250569,2025-10-30 09:40:00,AGT1024,Fotokopi A4,ATK,pcs,7,500,0,3500,QRIS,Dimas,80000.0,0.584,4,
TRX250276,2025-11-02 15:39:00,AGT1134,Roti Isi,Makanan,porsi,7,8000,0,56000,QRIS,Sari,180000.0,3.864,5,
TRX250067,2025-11-06 07:48:00,AGT1098,Mi Instan Rebus,Makanan,porsi,5,10000,0,50000,QRIS,Rina,748000.0,1.228,5,
TRX250978,2025-11-24 12:51:00,AGT1010,Print Warna A4,Jasa,lembar,5,2000,0,20000,Tunai,Dimas,297000.0,,4,
TRX250026,2025-09-19 07:55:00,AGT1201,Air Mineral 600ml,Minumam,botol,2,4000,0,8000,Saldo Koperasi,Sari,120000.0,0.488,5,Promo mingguan
TRX250662,11/09/2025 11:42,AGT1030,Teh Botol,Minuman,botol,3,6000,0,Rp 18.000,Tunai,Dimas,74000.0,1.735,3,
TRX251378,2025-09-11 09:10:00,AGT1070,Teh Botol,Minuman,botol,8,6000,0,48000,qris,Sari,281000.0,0.836,3,
TRX250203,2025-08-14 10:28:00,AGT1065,Gorengan 5pcs,Makanan,porsi,7,6000,0,Rp 42.000,QRIS,Bagus,46000.0,2.373,4,
TRX251343,2025-11-03 14:26:00,AGT1010,Nasi Bungkus,Makanan,porsi,3,12000,0,36000,Transfer,Bagus,452000.0,1.312,4,
TRX250545,05/09/2025 13:43,AGT1176,Roti Isi,Makanan,porsi,8,8000,5,60800,Saldo Koperasi,Sari,259000.0,0.809,5,
TRX251154,10/09/2025 17:13,AGT1048,Gorengan 5pcs,Makanan,porsi,1,6000,5,5700,Saldo Koperasi,Dimas,168000.0,0.428,5,
TRX250843,2025-11-05 11:05:00,AGT1213,Roti Isi,Makanan,porsi,4,8000,0,Rp 32.000,Tunai,Sari,202000.0,1.733,4,
TRX250908,2025-10-25 17:15:00,AGT1148 ,Paket Data 3GB,Pulsa,voucher,2,35000,0,70000,Tunai,Dimas,276000.0,,4,
TRX250593,2025-08-30 10:31:00,AGT1198,Map Plastik,ATK,pcs,3,4000,0,Rp 12.000,Tunai,Rina,432000.0,0.473,4,
TRX251117,16/10/2025 16:22,AGT1070,Print Warna A4,Jasa,lembar,7,2000,0,14000,qris,Bagus,616000.0,,3,
TRX250942,2025-08-12 11:05:00,AGT1075,Buku Tulis 38lbr,ATK,pcs,6,5500,0,33000,Tunai,Rina,279000.0,0.679,3,Minta struk
TRX250513,2025-11-24 07:18:00,AGT1186,Laminating A4,Jasa,lembar,5,5000,0,25000,Saldo Koperasi,Dimas,28000.0,,5,
TRX250028,2025-09-17 17:33:00,AGT1238,Paket Data 3GB,Pulsa,voucher,1,35000,0,35000,qris,Rina,545000.0,,4,
TRX250387,31/10/2025 10:22,AGT1023,Fotokopi A4,ATK,pcs,4,500,0,Rp 2.000,Saldo Koperasi,Sari,,2.048,3,Minta struk
TRX250242,06/08/2025 13:41,AGT1188,Roti Isi,Makanan,porsi,1,8000,0,8000,QRIS,Bagus,45000.0,0.544,4,
TRX251019,08/10/2025 08:54,AGT1215,Teh Botol,Minuman,botol,2,6000,0,12000,Saldo Koperasi,Bagus,211000.0,1.171,4,
TRX250530,2025-10-10 09:26:00,AGT1189,Map Plastik,ATK,pcs,8,4000,0,32000,QRIS,Bagus,1155000.0,2.986,5,Promo mingguan
TRX250083,2025-09-11 11:07:00,AGT1160,Kopi Sachet,Minuman,botol,8,5000,0,40000,Tunai,Sari,90000.0,3.255,4,Pesanan titipan
TRX250474,2025-08-25 12:03:00,AGT1156,Roti Isi,Makanan,porsi,4,8000,0,Rp 32.000,Saldo Koperasi,Bagus,90000.0,1.644,5,
TRX250985,2025-10-04 07:07:00,AGT1124,Air Mineral 600ml,Minuman,botol,7,4000,0,28000,Tunai,Bagus,31000.0,3.637,5,Pelanggan tetap
TRX250546,2025-09-10 17:22:00,AGT1166,Pulpen Hitam,ATK,pcs,1,3500,0,3500,Saldo Koperasi,Rina,271000.0,0.063,3,
TRX250460,2025-10-10 14:20:00,AGT1126,Laminating A4,Jasa,lembar,2,5000,0,10000,QRIS,Sari,70000.0,,4,
TRX251119,2025-08-25 15:41:00,AGT1144,Map Plastik,ATK,pcs,2,4000,0,8000,Tunai,Sari,165000.0,,4,Pelanggan tetap
TRX250212,2025-10-02 13:54:00,AGT1207,Teh Botol, Minuman ,botol,6,6000,0,36000,QRIS,Rina,425000.0,2.088,5,
TRX250428,2025-08-13 08:03:00,AGT1212,Pulsa 10rb,Pulsa,voucher,2,12000,0,24000,Transfer,Rina,42000.0,,4,
TRX251184,2025-10-13 12:34:00,AGT1005,Map Plastik,ATK,pcs,1,4000,0,4000,Tunai,Bagus,,,5,Pelanggan tetap
TRX250015,20/10/2025 13:24,AGT1220,Fotokopi A4,ATK,pcs,2,500,5,Rp 950,QRIS,Dimas,2977000.0,0.418,4,Minta struk
TRX251438,2025-08-11 15:23:00,AGT1198,Susu Kotak,Minuman,botol,3,7500,0,22500,-,Rina,419000.0,0.342,5,Pelanggan tetap
TRX251479,2025-10-20 10:16:00,AGT1048,Susu Kotak,Minuman,botol,2,7500,0,15000,Tunai,Sari,406000.0,0.143,4,
TRX250171,31/10/2025 11:24,AGT1258,Pulsa 25rb,Pulsa,voucher,2,27000,0,54000,Tunai,Bagus,131000.0,,3,
TRX250888,2025-10-07 16:41:00,AGT1114,Mi Instan Rebus,MAKANAN,porsi,1,10000,0,10000,QRIS,Bagus,26000.0,0.251,3,Pelanggan tetap
TRX251047,2025-11-05 10:17:00,AGT1084,Air Mineral 600ml,Minuman,botol,2,4000,0,Rp 8.000,-,Rina,621000.0,0.186,5,
TRX251285,2025-08-06 13:28:00,AGT1173,Air Mineral 600ml,Minuman,botol,2,4000,0,8000,QRIS,Sari,135000.0,0.99,4,
TRX250424,2025-10-21 15:38:00,AGT1134,Buku Tulis 38lbr,Alat Tulis,pcs,4,5500,0,22000,QRIS,Bagus,,0.67,4,Minta struk
TRX250465,2025-10-30 16:20:00,AGT1242,Roti Isi,Makanan,porsi,6,8000,0,48000,Tunai,Rina,241000.0,2.423,4,
TRX250156,2025-11-23 13:45:00,AGT1213,Buku Tulis 38lbr,ATK,pcs,3,5500,0,16500,QRIS,Rina,59000.0,0.942,3,
TRX250167,2025-09-23 09:26:00,AGT1223,Teh Botol,Minuman,botol,2,6000,0,12000,Transfer,Rina,158000.0,1.097,4,Pelanggan tetap
TRX251382,2025-10-03 16:34:00,AGT1150,Pulsa 25rb,Pulsa,voucher,1,27000,10,24300,QRIS,Bagus,488000.0,,4,Pelanggan tetap
TRX250420,23/11/2025 11:36,AGT1135,Air Mineral 600ml,Minuman,botol,6,4000,10,21600,Tunai,Sari,205000.0,1.769,5,
TRX250729,2025-08-18 08:38:00,AGT1108 ,Kopi Sachet,Minumam,botol,1,5000,0,5000,Saldo Koperasi,Bagus,418000.0,0.443,3,Promo mingguan
TRX250825,2025-08-17 14:59:00,AGT1085,Susu Kotak,MINUMAN,botol,2,7500,0,Rp 15.000,Saldo Koperasi,Dimas,126000.0,0.464,4,Pelanggan tetap
TRX250270,2025-10-13 16:49:00,AGT1011,Map Plastik,ATK,pcs,2,4000,0,8000,Saldo Koperasi,Rina,185000.0,,5,
TRX251335,2025-10-27 12:04:00,AGT1188,Buku Tulis 38lbr, ATK ,pcs,3,5500,0,16500,Saldo Koperasi,Sari,,0.947,4,Promo mingguan
TRX251462,13/09/2025 10:25,AGT1103,Nasi Bungkus,Makanan,porsi,7,12000,5,79800,Tunai,Dimas,277000.0,4.166,5,Minta struk
TRX250467,26/11/2025 08:14,AGT1123 ,Map Plastik,ATK,pcs,3,4000,0,12000,Saldo Koperasi,Bagus,415000.0,1.334,-999,
TRX250915,2025-10-21 11:34:00,AGT1098,Fotokopi A4,ATK,pcs,2,500,5,950,QRIS,Rina,177000.0,1.045,4,Pelanggan tetap
TRX250076,2025-08-06 09:00:00,AGT1207,Roti Isi,Makanan,porsi,6,8000,0,48000,Tunai,Bagus,200000.0,0.65,3,
TRX251466,2025-08-06 09:38:00,AGT1134 ,Print Warna A4,Jasa,lembar,8,2000,0,Rp 16.000,Transfer,Rina,414000.0,,3,
TRX250179,2025-10-29 17:44:00,AGT1210,Teh Botol,Minuman,botol,4,6000,0,24000,Tunai,bagus,298000.0,0.358,3,
TRX251197,2025-10-25 16:45:00,AGT1062,Teh Botol,Minuman,botol,7,6000,0,42000,Saldo Koperasi,Bagus,617000.0,3.956,3,
TRX250848,2025-10-11 15:07:00,AGT1145,Pulsa 10rb,Pulsa,voucher,1,12000,0,12000,QRIS,Sari,278000.0,,4,
TRX251099,2025-09-18 14:25:00,AGT1103,Susu Kotak,Minuman,botol,6,7500,0,45000,Tunai,Rina,224000.0,2.506,4,Pelanggan tetap
TRX251203,2025-11-21 10:26:00,AGT1195,Susu Kotak,Minumam,botol,4,7500,0,Rp 30.000,Tunai,Rina,745000.0,0.719,5,
TRX251013,12/10/2025 12:31,AGT1254,Air Mineral 600ml,Minuman,botol,5,4000,5,Rp 19.000,QRIS,Bagus,118000.0,2.082,5,
TRX250092,04/08/2025 08:05,AGT1158,Mi Instan Rebus,Makanan,porsi,8,10000,0,800000,N/A,Dimas,62000.0,2.186,5,
TRX251164,2025-08-31 13:14:00,AGT1157,Susu Kotak,Minuman,botol,3,7500,0,Rp 22.500,Tunai,Rina,731000.0,1.135,5,Pelanggan tetap
TRX250110,06/10/2025 12:46,AGT1170,Mi Instan Rebus,Makanan,porsi,3,10000,0,30000,Qris ,Dimas,139000.0,0.296,3,
TRX250235,29/09/2025 07:09,AGT1027,Air Mineral 600ml,Minuman,botol,2,4000,0,8000,Transfer,Rina,312000.0,1.047,-999,Pesanan titipan
TRX250307,05/10/2025 15:00,AGT1189,Teh Botol,Minuman,botol,2,6000,0,12000,qris,Rina,90000.0,0.78,4,Promo mingguan
TRX250869,2025-11-07 07:19:00,AGT1224,Teh Botol,Minuman,botol,7,6000,0,42000,Transfer,Rina,344000.0,3.146,5,Pelanggan tetap
TRX250961,2025-08-15 17:33:00,AGT1169,Print Warna A4,Jasa,lembar,1,2000,0,Rp 2.000,QRIS,Bagus,403000.0,,5,
TRX250973,2025-09-18 09:31:00,AGT1237,Teh Botol,Minuman,botol,1,6000,0,6000,Tunai,Bagus,118000.0,0.468,4,Minta struk
TRX251021,2025-08-04 12:55:00,AGT1006,Gorengan 5pcs,Makanan,porsi,8,6000,0,48000,Transfer,Bagus,372000.0,1.516,4,
TRX251033,2025-09-16 08:29:00,AGT1047,Air Mineral 600ml,Minuman,botol,6,4000,0,12000,QRIS,Sari,118000.0,2.394,4,
TRX250717,2025-10-16 16:52:00,AGT1068,Teh Botol,Minuman,botol,3,6000,0,18000,Tunai,Dimas,53000.0,0.308,4,
TRX251370,20/10/2025 10:15,AGT1100,Fotokopi A4,Alat Tulis,pcs,8,500,0,4000,saldo koperasi,Bagus,181000.0,1.022,5,
TRX250547,28/10/2025 17:03,AGT1122,Laminating A4,Jasa,lembar,6,5000,0,Rp 30.000,Tunai,Dimas,365000.0,,4,Pesanan titipan
TRX251325,2025-08-13 13:16:00,AGT1236,Air Mineral 600ml,Minuman,botol,7,4000,0,28000,QRIS,Dimas,444000.0,1.324,-999,Pesanan titipan
TRX251055,2025-10-29 08:54:00,AGT1216,Susu Kotak,Minuman,botol,-5,7500,0,37500,Saldo Koperasi,Bagus,228000.0,0.779,5,Promo mingguan
TRX250883,2025-08-10 08:31:00,AGT1170,Jilid Spiral,Jasa,lembar,4,8000,0,32000,Tunai,Bagus,210000.0,,5,
TRX250364,24/09/2025 14:05,AGT1028,Mi Instan Rebus,Makanan,porsi,4,10000,0,40000,Saldo Koperasi,Bagus,82000.0,0.897,4,
TRX250377,2025-09-11 13:59:00,AGT1229,Map Plastik,ATK,pcs,2,4000,0,Rp 8.000,QRIS,Rina,74000.0,,5,
TRX251216,13/10/2025 13:37,AGT1040,Kopi Sachet,Minuman,botol,1,5000,0,5000,QRIS,Sari,247000.0,0.179,4,
TRX251284,2025-09-06 14:29:00,AGT1242,Roti Isi,Makanan,porsi,5,8000,0,40000,Transfer,Dimas,287000.0,0.283,3,
TRX250812,25/08/2025 12:30,AGT1142,Print Warna A4,Jasa,lembar,1,2000,0,2000,Tunai,Dimas,799000.0,,5,
TRX251008,2025-08-22 14:55:00,AGT1116,Jilid Spiral,Jasa,lembar,5,8000,0,40000,Tunai,Dimas,64000.0,,3,Minta struk
TRX250703,2025-11-26 15:06:00,AGT1064,Nasi Bungkus,Makanan,porsi,2,12000,0,24000,QRIS,Dimas,61000.0,0.17,5,
TRX250101,2025-09-26 15:27:00,AGT1069,Kopi Sachet,MINUMAN,botol,8,5000,5,Rp 38.000,Saldo Koperasi,Sari,247000.0,2.522,3,Pesanan titipan
TRX251220,2025-09-29 17:30:00,AGT1241,Kopi Sachet,Minuman,botol,8,5000,5,38000,Transfer,Rina,1473000.0,3.458,3,
TRX250781,2025-08-07 11:51:00,AGT1222,Nasi Bungkus,Makanan,porsi,1,12000,5,11400,QRIS,Sari,268000.0,0.221,5,
TRX250220,2025-08-17 13:36:00,AGT1247,Print Warna A4,Jasa,lembar,5,2000,0,Rp 10.000,Tunai,Sari,2561000.0,,4,Pelanggan tetap
TRX250668,2025-11-25 17:32:00,AGT1171,Pulsa 25rb,Pulsa,voucher,1,27000,0,27000,QRIS,Bagus,195000.0,,4,
TRX250625,2025-08-24 13:09:00,AGT1075,Pulsa 10rb, Pulsa ,voucher,2,12000,0,24000,Tunai,Sari,87000.0,,5,
TRX250932,2025-09-24 15:58:00,AGT1252 ,Jilid Spiral,Jasa,lembar,2,8000,10,14400,Saldo Koperasi,Sari,558000.0,,4,Promo mingguan
TRX251292,2025-11-26 10:05:00,AGT1159,Gorengan 5pcs,Makanan,porsi,1,6000,0,6000,Saldo Koperasi,Rina,46000.0,0.074,4,Pesanan titipan
TRX251310,2025-11-23 08:55:00,AGT1039,Map Plastik,ATK,pcs,3,4000,0,12000,Transfer,Dimas,860000.0,0.689,4,
TRX250069,02/11/2025 17:28,AGT1068,Nasi Bungkus,Makanan,porsi,7,12000,0,84000,QRIS,Sari,141000.0,1.266,3,
TRX250172,2025-09-19 07:09:00,AGT1140,Pulpen Hitam,ATK,pcs,8,3500,5,26600,QRIS,Sari,690000.0,1.81,5,
TRX250432,2025-11-11 11:13:00,AGT1246,Kopi Sachet,MINUMAN,botol,3,5000,0,15000,Tunai,Bagus,385000.0,0.398,4,
TRX250149,2025-10-11 08:11:00,AGT1071,Buku Tulis 38lbr,ATK,pcs,2,5500,0,11000,Qris ,Dimas,85000.0,,4,Pelanggan tetap
TRX250481,2025-10-30 11:12:00,AGT1160,Roti Isi,Makanan,porsi,7,8000,0,56000,qris,Sari,144000.0,2.508,4,
TRX250282,2025-09-15 09:42:00,AGT1027,Roti Isi,Makanan,porsi,8,8000,0,64000,QRIS,Sari,404000.0,1.539,4,Promo mingguan
TRX250385,2025-08-12 14:13:00,AGT1021,Map Plastik,Alat Tulis,pcs,7,4000,0,Rp 28.000,Transfer,Rina,,0.654,3,
TRX250344,02/10/2025 12:48,AGT1064,Pulpen Hitam, ATK ,pcs,4,3500,5,13300,QRIS,Rina,175000.0,0.298,4,
TRX250209,2025-11-02 17:03:00,AGT1058,Pulsa 25rb,PULSA,voucher,1,27000,0,27000,tunai,Dimas,121000.0,,4,Pelanggan tetap
TRX250340,2025-09-02 14:51:00,AGT1090,Teh Botol,Minuman,botol,5,6000,0,30000,QRIS,Bagus,10000.0,0.667,5,
TRX250598,2025-09-17 10:54:00,AGT1150,Mi Instan Rebus,Makanan,porsi,4,10000,0,40000,QRIS,Dimas,143000.0,1.694,5,
TRX251151,2025-11-26 13:44:00,AGT1163,Pulsa 10rb,Pulsa,voucher,1,12000,0,12000,Tunai,Dimas,313000.0,,3,
TRX251351,2025-11-09 09:53:00,AGT1087,Buku Tulis 38lbr,ATK,pcs,-3,5500,0,16500,Saldo Koperasi,Bagus,269000.0,0.373,4,Minta struk
TRX250338,2025-10-11 10:01:00,AGT1135,Teh Botol,Minuman,botol,3,6000,0,18000,Transfer,Dimas,334000.0,0.274,5,Pesanan titipan
TRX251426,01/08/2025 17:18,AGT1171,Mi Instan Rebus,Makanan,porsi,4,10000,5,38000,Tunai,Rina,,1.887,4,Minta struk
TRX250521,2025-11-10 10:56:00,AGT1210,Teh Botol,Minuman,botol,2,6000,0,12000,Tunai,Bagus,231000.0,0.631,4,
TRX250389,2025-09-06 10:59:00,AGT1185,Gorengan 5pcs,Makanan,porsi,4,6000,0,24000,Qris ,Rina,254000.0,0.384,5,
TRX251077,2025-09-06 15:30:00,AGT1066,Map Plastik,ATK,pcs,3,4000,10,Rp 10.800,Qris ,Rina,528000.0,1.728,5,Pelanggan tetap
TRX250035,2025-10-24 12:05:00,AGT1068,Roti Isi,Makanan,porsi,5,8000,5,38000,QRIS,Dimas,135000.0,0.465,5,
TRX250286,2025-08-04 14:25:00,AGT1088,Air Mineral 600ml,MINUMAN,botol,7,4000,0,28000,Transfer,Sari,,2.497,-999,
TRX250622,08/11/2025 13:01,AGT1174,Fotokopi A4,ATK,pcs,4,500,0,2000,QRIS,Rina,111000.0,1.837,5,
,2025-08-15 17:05:00,AGT1205,Fotokopi A4,ATK,pcs,8,500,0,Rp 4.000,Saldo Koperasi,Dimas,164000.0,1.592,4,
TRX251031,2025-09-23 13:41:00,AGT1235,Mi Instan Rebus,Makanan,porsi,1,10000,0,10000,Saldo Koperasi,Bagus,82000.0,0.311,3,Pelanggan tetap
TRX251137,2025-10-09 09:20:00,AGT1054,Pulpen Hitam,ATK,pcs,7,3500,0,24500,Tunai,Dimas,57000.0,2.054,3,Pelanggan tetap
TRX250318,2025-11-22 10:38:00,AGT1123,Gorengan 5pcs,Makanan,porsi,8,6000,0,48000,tidak diketahui,Sari,328000.0,4.771,5,Pelanggan tetap
TRX250774,2025-08-18 17:11:00,AGT1008,Kopi Sachet,Minuman,botol,8,5000,0,40000,Transfer,Bagus,188000.0,2.562,5,
TRX251274,01/10/2025 10:15,AGT1167,Map Plastik,ATK,pcs,3,4000,5,11400,Tunai,Bagus,163000.0,1.504,4,Pelanggan tetap
TRX251279,08/08/2025 13:23,AGT1057,Pulpen Hitam,ATK,pcs,2,3500,0,7000,Saldo Koperasi,Rina,386000.0,,3,
TRX250715,2025-11-05 07:23:00,AGT1242,Pulsa 10rb,Pulsa,voucher,2,12000,0,Rp 24.000,Tunai,Rina,241000.0,,3,
TRX251110,2025-09-18 12:15:00,AGT1049,Nasi Bungkus,Makanan,porsi,4,12000,0,48000,QRIS,Rina,237000.0,1.16,3,
TRX251499,2025-11-23 14:20:00,AGT1182 ,Buku Tulis 38lbr,ATK,pcs,4,5500,0,Rp 22.000,Saldo Koperasi,Dimas,57000.0,1.409,5,
TRX250061,13/11/2025 11:41,AGT1076,Buku Tulis 38lbr,ATK,pcs,1,5500,0,5500,QRIS,Sari,464000.0,,3,Pesanan titipan
TRX250452,2025-08-25 13:30:00,AGT1257,Map Plastik,ATK,pcs,4,4000,5,15200,QRIS,Dimas,19000.0,1.117,4,Pelanggan tetap
TRX250630,2025-11-10 15:03:00,AGT1221,Gorengan 5pcs, MAKANAN ,porsi,6,6000,5,34200,Tunai,Rina,852000.0,1.074,4,
TRX251212,2025-09-30 07:57:00,AGT1044,Air Mineral 600ml,Minuman,botol,7,4000,0,28000,Saldo Koperasi,Sari,176000.0,3.895,4,Pelanggan tetap
TRX250162,2025-09-01 08:11:00,AGT1150,Jilid Spiral,Jasa,lembar,3,8000,0,24000,Saldo Koperasi,Rina,512000.0,,5,
TRX251009,2025-10-14 17:39:00,AGT1088,Pulsa 10rb,Pulsa,voucher,1,12000,0,12000,Tunai,Bagus,354000.0,,-999,
TRX251168,2025-08-03 10:12:00,AGT1002,Air Mineral 600ml,Minuman,botol,2,4000,5,7600,Tunai,Dimas,68000.0,0.313,4,
TRX250728,25/09/2025 16:38,AGT1215 ,Fotokopi A4,ATK,pcs,5,500,0,2500,Tunai,Bagus,163000.0,1.097,5,Pelanggan tetap
TRX250875,2025-09-03 10:33:00,AGT1207,Teh Botol,Minuman,botol,7,6000,0,42000,Saldo Koperasi,Sari,,1.897,4,
TRX250357,2025-11-09 09:12:00,AGT1132,Laminating A4,Jasa,lembar,6,5000,0,30000,Saldo Koperasi,Rina,767000.0,,5,
TRX250253,2025-09-09 11:53:00,AGT1230,Roti Isi,Makanan,porsi,7,8000,0,56000,Tunai,Rina,420000.0,1.557,4,
TRX250096,2025-10-26 08:05:00,AGT1049,Susu Kotak,Minuman,botol,6,7500,0,45000,Tunai,Sari,284000.0,1.544,3,
TRX250244,2025-08-06 10:37:00,AGT1211,Gorengan 5pcs,Makanan,porsi,2,6000,0,12000,QRIS,Rina,815000.0,0.623,4,
TRX250113,2025-11-04 17:26:00,AGT1010,Pulsa 25rb,Pulsa,voucher,2,27000,5,51300,Tunai,Bagus,389000.0,,5,
TRX251452,2025-11-24 08:32:00,AGT1112,Teh Botol,Minuman,botol,1,6000,0,6000,QRIS,Rina,31000.0,0.486,5,
TRX250744,2025-11-05 13:15:00,AGT1221,Roti Isi,Makanan,porsi,1,8000,0,8000,Tunai,Rina,140000.0,0.187,5,Pelanggan tetap
TRX251109,2025-11-09 13:50:00,AGT1047,Mi Instan Rebus,Makanan,porsi,7,10000,0,70000,Tunai,Sari,3516000.0,3.642,5,
TRX250136,2025-08-22 11:31:00,AGT1156,Pulpen Hitam,ATK,pcs,4,3500,0,Rp 14.000,Tunai,Dimas,248000.0,1.267,4,
TRX250012,2025-09-05 15:58:00,AGT1029,Susu Kotak,Minuman,botol,3,7500,0,22500,Tunai,Sari,709000.0,1.5,4,Pesanan titipan
TRX250391,2025-11-12 14:41:00,AGT1106,Map Plastik,ATK,pcs,5,4000,0,20000,Saldo Koperasi,Bagus,81000.0,2.925,4,
TRX251187,26/10/2025 10:22,AGT1185,Pulsa 25rb,Pulsa,voucher,1,27000,0,27000,Saldo Koperasi,Sari,2658000.0,,5,
TRX251366,2025-09-20 10:26:00,AGT1224,Map Plastik,Alat Tulis,pcs,1,4000,0,4000,Transfer,Bagus,316000.0,0.441,5,Pesanan titipan
TRX251316,2025-11-12 12:28:00,AGT1122,Laminating A4,Jasa,lembar,1,5000,0,5000,Tunai,Sari,112000.0,,4,
TRX250505,22/09/2025 09:08,AGT1245,Nasi Bungkus,Makanan,porsi,2,12000,0,Rp 24.000,QRIS,Dimas,60000.0,0.961,4,
TRX250492,2025-10-22 12:21:00,AGT1164,Gorengan 5pcs,Makanan,porsi,7,6000,0,42000,Saldo Koperasi,Bagus,,1.174,4,
TRX250293,2025-09-12 13:25:00,AGT1137,Laminating A4,Jasa,lembar,8,5000,0,Rp 40.000,tunai,Dimas,,,4,
TRX250206,2025-10-27 11:15:00,AGT1107,Kopi Sachet,Minuman,botol,8,5000,-20,40000,Tunai,Sari,378000.0,3.844,4,
TRX250806,2025-09-16 09:24:00,AGT1052,Print Warna A4,Jasa,lembar,3,2000,0,Rp 6.000,Qris ,Bagus,766000.0,,3,Pesanan titipan
TRX251256,2025-09-25 12:02:00,AGT1092,Teh Botol,Minuman,botol,2,6000,0,Rp 12.000,QRIS,Rina,69000.0,0.451,4,
TRX251470,02/09/2025 08:08,AGT1054,Kopi Sachet,Minuman,botol,6,5000,5,Rp 28.500,Tunai,Sari,537000.0,0.337,4,
TRX250713,2025-11-27 07:51:00,AGT1187,Gorengan 5pcs,Makanan,porsi,8,6000,0,48000,QRIS,Dimas,126000.0,3.508,4,Minta struk
TRX250816,2025-08-02 13:25:00,AGT1092,Susu Kotak,Minuman,botol,8,7500,0,60000,Tunai,Rina,129000.0,0.476,5,Minta struk
TRX250079,2025-09-14 09:29:00,AGT1026,Nasi Bungkus,Makanan,porsi,8,12000,10,86400,Transfer,Dimas,255000.0,1.109,5,
TRX250882,2025-11-22 17:16:00,AGT1144,Teh Botol,Minuman,botol,8,6000,0,48000,Tunai,Dimas,396000.0,1.646,3,
TRX251025,2025-10-12 14:49:00,AGT1025,Mi Instan Rebus,Makanan,porsi,7,10000,0,70000,Tunai,Sari,171000.0,1.658,4,
TRX250400,26/09/2025 07:26,AGT1020,Pulsa 25rb,Pulsa,voucher,1,27000,0,27000,QRIS,Bagus,305000.0,,-999,
TRX250157,2025-10-22 10:06:00,AGT1206,Susu Kotak,Minuman,botol,3,7500,0,11250,-,Bagus,55000.0,1.44,5,Pelanggan tetap
TRX250491,2025-09-19 15:26:00,AGT1051,Gorengan 5pcs,Makanan,porsi,6,6000,0,36000,QRIS,Sari,191000.0,2.316,3,
TRX251403,2025-11-16 07:30:00,AGT1213,Gorengan 5pcs,Makanan,porsi,5,6000,0,30000,QRIS,Sari,,2.541,5,
TRX250725,2025-08-31 08:25:00,AGT1181,Map Plastik,ATK,pcs,8,4000,0,32000,Tunai,Sari,399000.0,0.663,4,Promo mingguan
TRX250680,2025-11-17 07:17:00,AGT1155 ,Mi Instan Rebus,Makanan,porsi,3,10000,0,30000,Tunai,Sari,141000.0,0.651,3,
TRX250401,2025-11-28 10:24:00,AGT1219,Pulsa 25rb,Pulsa,voucher,2,27000,0,Rp 54.000,QRIS,Rina,,,2,
TRX251180,2025-11-18 14:51:00,AGT1259,Map Plastik,ATK,pcs,8,4000,0,Rp 32.000,Tunai,Dimas,,4.101,5,
TRX250179,2025-10-29 17:44:00,AGT1210,Teh Botol,Minuman,botol,4,6000,0,24000,Tunai,Bagus,298000.0,0.358,3,Promo mingguan
TRX250921,2025-10-23 11:52:00,AGT1191,Map Plastik,ATK,pcs,6,4000,0,48000,null,Dimas,539000.0,0.997,5,
TRX250078,2025-10-09 16:27:00,AGT1243 ,Pulsa 10rb,Pulsa,voucher,1,12000,0,12000,QRIS,Sari,211000.0,,5,
TRX250986,17/09/2025 11:33,AGT1060,Teh Botol,Minuman,botol,6,6000,0,36000,Tunai,Sari,158000.0,1.65,4,
TRX251454,2025-08-08 11:05:00,AGT1178,Teh Botol,Minuman,botol,4,6000,0,24000,Tunai,Bagus,177000.0,1.614,4,
TRX251116,2025-11-16 15:17:00,AGT1028,Kopi Sachet,Minuman,botol,2,5000,0,Rp 10.000,Transfer,Dimas,155000.0,0.146,5,
TRX250736,2025-10-11 16:56:00,AGT1146,Air Mineral 600ml,Minuman,botol,4,4000,0,Rp 16.000,transfer,Dimas,113000.0,1.901,4,
TRX250694,2025-09-24 07:52:00,AGT1007,Print Warna A4,Jasa,lembar,1,2000,0,2000,Tunai,Rina,223000.0,,5,Pesanan titipan
TRX250319,2025-09-17 09:52:00,AGT1041,Print Warna A4,Jasa,lembar,5,2000,0,10000,QRIS,Sari,169000.0,,5,Promo mingguan
TRX250484,12/09/2025 08:35,AGT1156,Buku Tulis 38lbr,ATK,pcs,2,5500,0,11000,Tunai,Sari,397000.0,,5,Minta struk
TRX250198,2025-08-22 09:37:00,AGT1098,Nasi Bungkus,Makanan,porsi,8,12000,0,96000,QRIS,Dimas,190000.0,0.593,4,
TRX251128,2025-08-09 14:28:00,AGT1136,Air Mineral 600ml,Minuman,botol,4,4000,0,16000,Saldo Koperasi,Sari,97000.0,1.592,4,Minta struk
TRX250817,24/08/2025 13:54,AGT1042,Pulpen Hitam,ATK,pcs,6,3500,0,21000,Tunai,Dimas,130000.0,0.387,4,
TRX250711,2025-10-07 15:03:00,AGT1199,Roti Isi,Makanan,porsi,4,8000,0,32000,QRIS,Sari,1819000.0,1.888,4,Promo mingguan
TRX250620,16/09/2025 15:49,AGT1066,Nasi Bungkus,Makanan,porsi,7,12000,0,84000,QRIS,Bagus,232000.0,3.994,4,
TRX251046,2025-10-14 17:17:00,AGT1036,Pulsa 10rb,Pulsa,voucher,2,12000,5,22800,Tunai,Bagus,,,4,
TRX250438,10/10/2025 14:10,AGT1004,Mi Instan Rebus,Makanan,porsi,4,10000,0,40000,Tunai,Dimas,188000.0,1.407,5,Minta struk
TRX251494,2025-08-16 10:50:00,AGT1241,Gorengan 5pcs,MAKANAN,porsi,7,6000,0,42000,QRIS,Sari,,2.995,4,Pesanan titipan
TRX250133,07/08/2025 12:37,AGT1248,Print Warna A4,Jasa,lembar,1,2000,0,2000,Tunai,Dimas,429000.0,,4,Pelanggan tetap
TRX251142,2025-09-03 14:14:00,AGT1202,Nasi Bungkus,Makanan,porsi,3,12000,0,36000,Tunai,Rina,417000.0,0.345,4,
TRX250814,05/11/2025 12:01,AGT1022,Teh Botol,Minuman,botol,8,6000,0,48000,Qris ,Sari,133000.0,1.694,3,
TRX250646,2025-09-03 10:48:00,AGT1146,Pulpen Hitam,ATK,pcs,8,3500,0,28000,Tunai,Bagus,382000.0,2.595,5,Minta struk
TRX250862,2025-10-26 14:32:00,AGT1247,Air Mineral 600ml,Minuman,botol,1,4000,0,4000,QRIS,Dimas,279000.0,0.103,4,
TRX250899,2025-09-27 10:09:00,AGT1169 ,Pulsa 25rb,Pulsa,voucher,2,27000,0,54000,Tunai,Sari,104000.0,,5,
TRX250407,2025-11-25 10:18:00,AGT1036,Air Mineral 600ml,Minuman,botol,3,4000,0,12000,QRIS,Rina,337000.0,1.168,5,
TRX250154,2025-08-16 10:27:00,AGT1024,Teh Botol,Minuman,botol,1,6000,0,6000,Tunai,Dimas,692000.0,0.385,5,Pelanggan tetap
TRX251029,2025-11-16 10:25:00,AGT1159,Jilid Spiral,Jasa,lembar,8,8000,10,57600,Tunai,Bagus,493000.0,,5,
TRX250278,2025-08-26 17:29:00,AGT1006,Fotokopi A4,ATK,pcs,2,500,0,1000,QRIS,Sari,88000.0,,5,
TRX250794,2025-08-02 11:09:00,AGT1048 ,Air Mineral 600ml,Minuman,botol,5,4000,5,Rp 19.000,Tunai,Sari,127000.0,2.399,3,
TRX250115,06/08/2025 07:05,AGT1035,Print Warna A4,Jasa,lembar,4,2000,0,Rp 8.000,Saldo Koperasi,Sari,156000.0,,5,
TRX251232,2025-10-13 12:55:00,AGT1178,Map Plastik,ATK,pcs,3,4000,0,12000,Tunai,Sari,437000.0,0.381,4,
TRX250596,2025-09-11 15:03:00,AGT1233,Fotokopi A4,Alat Tulis,pcs,2,500,0,1000,tunai,Bagus,,1.012,5,Promo mingguan
TRX251367,2025-09-13 07:29:00,AGT1139,Map Plastik,ATK,pcs,5,4000,5,19000,tunai,Bagus,,0.899,-999,
TRX250208,2025-09-03 10:29:00,AGT1187,Pulsa 25rb,Pulsa,voucher,1,27000,0,27000,Saldo Koperasi,Dimas,460000.0,,3,
TRX250718,2025-08-31 11:03:00,AGT1018,Roti Isi,Makanan,porsi,7,8000,0,56000,Saldo Koperasi,Bagus,33000.0,1.821,4,Pesanan titipan
TRX250585,2025-11-23 15:58:00,AGT1083,Kopi Sachet,Minuman,botol,1,5000,5,4750,Saldo Koperasi,Sari,223000.0,0.548,5,
TRX251032,2025-08-03 15:17:00,AGT1016,Roti Isi,Makanan,porsi,3,8000,0,24000,QRIS,Bagus,223000.0,1.053,4,Promo mingguan
TRX251246,2025-11-15 13:12:00,AGT1215,Gorengan 5pcs,Makanan,porsi,5,6000,5,28500,Tunai,Rina,468000.0,1.195,4,
TRX250468,2025-11-08 07:42:00,AGT1060,Jilid Spiral,Jasa,lembar,3,8000,0,24000,Tunai,Sari,313000.0,,4,Pelanggan tetap
TRX251286,2025-09-20 09:10:00,AGT1212,Map Plastik,ATK,pcs,8,4000,0,32000,QRIS,Rina,245000.0,3.839,4,Pelanggan tetap
TRX250539,2025-09-05 11:13:00,AGT1164,Pulpen Hitam,ATK,pcs,5,3500,0,Rp 17.500,Tunai,Rina,,0.649,5,Pesanan titipan
TRX250835,02/10/2025 07:12,AGT1069,Kopi Sachet,Minuman,botol,3,5000,0,15000,tunai,Rina,46000.0,0.658,3,
TRX250528,10/09/2025 08:04,AGT1197,Mi Instan Rebus,MAKANAN,porsi,2,10000,0,20000,Qris ,Sari,327000.0,0.496,5,
TRX250239,2025-08-30 10:34:00,AGT1050,Pulsa 10rb,Pulsa,voucher,1,12000,0,12000,QRIS,Rina,84000.0,,-999,Minta struk
TRX251458,2025-08-25 14:36:00,AGT1041,Map Plastik,ATK,pcs,1,4000,10,3600,Transfer,Bagus,821000.0,0.212,5,Minta struk
TRX251296,22/08/2025 08:49,AGT1015,Pulsa 10rb,Pulsa,voucher,1,12000,0,12000,saldo koperasi,Bagus,99000.0,,4,
TRX251392,2025-11-28 13:06:00,AGT1108,Paket Data 3GB,Pulsa,voucher,2,35000,0,Rp 70.000,QRIS,bagus,60000.0,,4,
TRX250457,2025-09-27 09:03:00,AGT1112,Pulsa 10rb,Pulsa,voucher,2,12000,0,24000,Tunai,Rina,510000.0,,3,
TRX250419,2025-08-01 10:05:00,AGT1075,Teh Botol,Minuman,botol,8,6000,5,45600,Saldo Koperasi,Sari,814000.0,3.116,4,
TRX250263,10/08/2025 10:15,AGT1145,Jilid Spiral,Jasa,lembar,6,8000,0,48000,QRIS,Bagus,165000.0,,4,
TRX251103,2025-09-07 10:45:00,AGT1233,Print Warna A4,Jasa,lembar,3,2000,0,Rp 6.000,Tunai,Bagus,34000.0,,4,Minta struk
TRX250919,2025-11-05 17:32:00,AGT1037,Paket Data 3GB,Pulsa,voucher,1,35000,0,35000,Tunai,Dimas,649000.0,,4,
TRX251083,2025-08-15 08:52:00,AGT1022,Fotokopi A4,ATK,pcs,7,500,0,3500,Saldo Koperasi,Rina,,0.852,5,
TRX250946,2025-11-23 15:12:00,AGT1174 ,Mi Instan Rebus,Makanan,porsi,3,10000,0,Rp 30.000,Tunai,Bagus,148000.0,1.774,5,Pesanan titipan
TRX250905,2025-10-10 16:48:00,AGT1108,Roti Isi,Makanan,porsi,4,8000,0,32000,QRIS,Sari,,1.666,5,
TRX250430,21/10/2025 15:31,AGT1148,Buku Tulis 38lbr,ATK,pcs,6,5500,0,Rp 33.000,Saldo Koperasi,Rina,274000.0,2.126,4,
TRX250202,2025-11-02 10:01:00,AGT1030,Air Mineral 600ml,Minuman,botol,1,4000,0,Rp 4.000,QRIS,Bagus,,0.224,4,
TRX250183,2025-09-12 08:26:00,AGT1229,Kopi Sachet,Minuman,botol,-2,5000,0,5000,Tunai,Rina,226000.0,0.873,5,
TRX250177,2025-08-13 13:04:00,AGT1051,Mi Instan Rebus,Makanan,porsi,1,10000,0,10000,Saldo Koperasi,Rina,66000.0,0.31,-999,Pesanan titipan
TRX250936,2025-08-27 16:08:00,AGT1030 ,Air Mineral 600ml,MINUMAN,botol,5,4000,0,20000,Tunai,Bagus,274000.0,1.677,4,
TRX251460,2025-08-09 07:50:00,AGT1103,Susu Kotak,Minuman,botol,3,7500,0,Rp 22.500,QRIS,Rina,61000.0,0.929,4,Pelanggan tetap
TRX251192,2025-10-09 16:24:00,AGT1138,Paket Data 3GB,Pulsa,voucher,2,35000,10,63000,null,Bagus,599000.0,,5,
TRX251484,2025-11-10 17:39:00,AGT1181,Air Mineral 600ml,Minuman,botol,2,4000,0,8000,QRIS,Bagus,405000.0,0.291,4,Promo mingguan
TRX251225,2025-09-22 12:22:00,AGT1196,Gorengan 5pcs,Makanan,porsi,3,6000,0,Rp 18.000,Tunai,Rina,938000.0,0.498,3,
TRX250082,02/08/2025 09:17,AGT1017,Fotokopi A4,ATK,pcs,5,500,5,2375,QRIS,Rina,113000.0,0.777,5,Pelanggan tetap
TRX251443,2025-09-28 11:47:00,AGT1140,Gorengan 5pcs,Makanan,porsi,6,6000,0,Rp 36.000,Tunai,rina,121000.0,2.866,4,
TRX250158,2025-10-24 16:05:00,AGT1188,Nasi Bungkus,Makanan,porsi,1,12000,10,10800,Tunai,Dimas,71000.0,0.51,4,Minta struk
TRX250085,2025-11-16 16:29:00,AGT1173,Buku Tulis 38lbr,ATK,pcs,2,5500,0,11000,Tunai,Sari,115000.0,,3,
TRX250153,12/08/2025 15:03,AGT1190,Paket Data 3GB,Pulsa,voucher,1,35000,0,350000,QRIS,Rina,,,5,
TRX251178,2025-10-21 14:02:00,AGT1123,Pulsa 10rb,Pulsa,voucher,1,12000,0,12000,Transfer,Bagus,160000.0,,5,
TRX250884,2025-08-12 13:41:00,AGT1140,Air Mineral 600ml,Minuman,botol,2,4000,0,8000,N/A,Sari,128000.0,0.977,5,
TRX250633,2025-09-16 10:14:00,AGT1173,Map Plastik,ATK,pcs,3,4000,0,12000,QRIS,Dimas,220000.0,0.696,-999,Promo mingguan
TRX250125,2025-10-17 12:39:00,AGT1169,Teh Botol, Minuman ,botol,5,6000,5,Rp 28.500,QRIS,Sari,710000.0,2.792,4,Minta struk
TRX250522,2025-11-10 10:06:00,AGT1069,Buku Tulis 38lbr,ATK,pcs,3,5500,0,16500,QRIS,Sari,217000.0,1.506,4,
TRX250823,2025-11-24 13:03:00,AGT1137,Gorengan 5pcs,Makanan,porsi,8,6000,0,48000,Saldo Koperasi,Dimas,156000.0,3.431,4,
TRX251327,2025-10-08 15:39:00,AGT1181,Roti Isi,Makanan,porsi,5,8000,0,40000,Qris ,Rina,620000.0,2.665,4,Minta struk
TRX251141,2025-09-29 13:17:00,AGT1185,Kopi Sachet,Minuman,botol,7,5000,0,35000,QRIS,Bagus,274000.0,1.738,3,
TRX250619,2025-11-10 08:56:00,AGT1003,Roti Isi,MAKANAN,porsi,7,8000,0,56000,Tunai,Rina,507000.0,2.52,4,Pelanggan tetap
TRX250975,2025-11-27 17:38:00,AGT1220,Nasi Bungkus,Makanan,porsi,7,12000,0,84000,QRIS,Rina,868000.0,3.28,5,Minta struk
TRX251007,2025-11-01 16:20:00,AGT1198,Teh Botol,Minuman,botol,4,6000,0,24000,QRIS,Bagus,361000.0,1.464,4,Pesanan titipan
TRX250710,2025-11-19 15:20:00,AGT1021,Pulsa 25rb,Pulsa,voucher,1,27000,0,Rp 27.000,Tunai,Rina,,,5,
TRX250948,2025-09-20 11:32:00,AGT1072 ,Mi Instan Rebus,Makanan,porsi,2,10000,0,20000,Tunai,Sari,341000.0,0.679,5,Minta struk
TRX250738,2025-10-13 09:07:00,AGT1211,Buku Tulis 38lbr,ATK,pcs,5,5500,0,27500,QRIS,Dimas,,1.807,5,Pesanan titipan
TRX250353,2025-11-03 16:25:00,AGT1210,Teh Botol,Minuman,botol,7,6000,0,42000,Tunai,Rina,117000.0,0.563,4,
TRX251053,2025-09-07 09:22:00,AGT1087,Roti Isi,Makanan,porsi,7,8000,0,56000,QRIS,Sari,356000.0,3.904,4,Pelanggan tetap
TRX250847,2025-10-04 10:15:00,AGT1002,Roti Isi,Makanan,porsi,8,8000,0,64000,Transfer,Bagus,333000.0,4.468,3,
TRX250966,19/11/2025 10:20,AGT1041,Roti Isi,Makanan,porsi,2,8000,0,Rp 16.000,Saldo Koperasi,Dimas,743000.0,0.78,3,
TRX250523,2025-10-16 08:48:00,AGT1019,Mi Instan Rebus,Makanan,porsi,4,10000,0,40000,QRIS,Sari,68000.0,1.811,4,Pelanggan tetap
TRX251166,2025-11-17 16:59:00,AGT1189,Nasi Bungkus, Makanan ,porsi,6,12000,10,64800,tunai,Dimas,115000.0,0.96,-999,
TRX250906,2025-10-12 13:32:00,AGT1258,Kopi Sachet,Minuman,botol,3,5000,0,15000,Transfer,Bagus,28000.0,1.282,4,Pelanggan tetap
TRX251455,2025-10-24 08:00:00,AGT1246,Buku Tulis 38lbr,ATK,pcs,7,5500,0,38500,Saldo Koperasi,Dimas,84000.0,2.248,5,Pelanggan tetap
TRX250285,2025-10-01 16:18:00,AGT1120,Air Mineral 600ml,Minuman,botol,6,4000,0,24000,QRIS,Rina,,1.616,4,
TRX250737,2025-11-14 07:55:00,AGT1198,Air Mineral 600ml,Minuman,botol,6,4000,0,Rp 24.000,QRIS,Rina,1278000.0,2.771,4,
TRX251091,2025-08-16 16:14:00,AGT1171,Kopi Sachet,Minuman,botol,3,5000,0,Rp 15.000,Tunai,Bagus,135000.0,1.291,3,
TRX250778,2025-08-15 09:02:00,AGT1100,Kopi Sachet,Minuman,botol,7,5000,0,35000,QRIS,Dimas,101000.0,0.647,4,Minta struk
TRX250483,2025-08-05 16:51:00,AGT1187,Fotokopi A4,Alat Tulis,pcs,1,500,0,500,Transfer,Dimas,166000.0,,5,Pelanggan tetap
TRX251362,2025-08-19 07:05:00,AGT1096,Pulpen Hitam,ATK,pcs,-4,3500,0,14000,Tunai,Sari,433000.0,0.426,4,
TRX250836,2025-11-02 16:19:00,AGT1094 ,Map Plastik,ATK,pcs,5,4000,0,20000,Tunai,Rina,334000.0,1.674,4,Pelanggan tetap
TRX250963,2025-11-15 17:55:00,AGT1083,Mi Instan Rebus,Makanan,porsi,7,10000,0,70000,Tunai,Bagus,42000.0,3.21,4,
TRX250375,2025-08-15 10:15:00,AGT1041,Buku Tulis 38lbr, ATK ,pcs,4,5500,0,22000,Saldo Koperasi,Rina,,0.894,4,
TRX250841,2025-10-14 12:01:00,AGT1188,Susu Kotak,Minuman,botol,1,7500,0,7500,Tunai,Dimas,86000.0,0.312,4,Promo mingguan
TRX250298,21/10/2025 07:51,AGT1112,Susu Kotak,Minuman,botol,5,7500,0,Rp 37.500,Tunai,Bagus,171000.0,1.34,4,Minta struk
TRX250826,2025-10-08 13:11:00,AGT1228,Kopi Sachet,Minumam,botol,4,5000,0,200000,Transfer,Dimas,291000.0,0.32,4,Minta struk
TRX251272,2025-11-15 09:42:00,AGT1029,Laminating A4,Jasa,lembar,6,5000,0,30000,QRIS,Sari,154000.0,,5,
TRX251329,2025-10-10 10:41:00,AGT1021,Gorengan 5pcs,Makanan,porsi,2,6000,0,12000,QRIS,Bagus,1299000.0,0.886,4,
TRX251287,2025-09-29 14:23:00,AGT1213,Laminating A4,Jasa,lembar,4,5000,0,20000,Saldo Koperasi,Rina,433000.0,,4,
TRX250945,2025-08-02 12:43:00,AGT1258,Roti Isi,Makanan,porsi,7,8000,0,56000,QRIS,Rina,517000.0,1.479,-999,
TRX250898,2025-08-09 14:19:00,AGT1064,Pulsa 25rb,Pulsa,voucher,1,27000,0,27000,QRIS,Sari,692000.0,,3,Pesanan titipan
TRX250305,2025-08-21 12:22:00,AGT1065,Buku Tulis 38lbr,ATK,pcs,3,5500,0,16500,QRIS,Sari,263000.0,0.762,5,
TRX251436,2025-09-09 12:42:00,AGT1016,Pulsa 10rb,Pulsa,voucher,2,12000,0,24000,Tunai,Dimas,232000.0,,5,
TRX251043,13/09/2025 11:17,AGT1247,Print Warna A4,JASA,lembar,7,2000,0,14000,Transfer,Bagus,431000.0,,4,Pelanggan tetap
TRX250043,30/08/2025 07:18,AGT1153,Mi Instan Rebus,Makanan,porsi,5,10000,0,50000,QRIS,Dimas,121000.0,2.543,4,
TRX250121,2025-11-01 14:41:00,AGT1113,Nasi Bungkus,Makanan,porsi,4,12000,0,48000,Tunai,Bagus,140000.0,1.182,4,
TRX251160,2025-09-07 15:08:00,AGT1092,Air Mineral 600ml,Minuman,botol,6,4000,0,24000,Tunai,Rina,60000.0,2.164,3,Pelanggan tetap
TRX251067,2025-09-01 10:25:00,AGT1074,Pulpen Hitam,ATK,pcs,3,3500,5,19950,saldo koperasi,Bagus,116000.0,1.036,4,
TRX250714,14/10/2025 09:39,AGT1139,Gorengan 5pcs,Makanan,porsi,5,6000,0,30000,Tunai,Sari,141000.0,1.402,4,Minta struk
TRX251298,2025-09-12 12:25:00,AGT1040,Fotokopi A4,ATK,pcs,1,500,0,Rp 500,Saldo Koperasi,Rina,739000.0,,4,
TRX250696,2025-10-19 16:47:00,AGT1037,Pulsa 25rb,Pulsa,voucher,2,27000,0,54000,Transfer,Bagus,1254000.0,,5,
TRX251496,2025-09-28 14:09:00,AGT1075,Jilid Spiral,Jasa,lembar,5,8000,0,40000,Transfer,Rina,326000.0,,4,
TRX251401,2025-08-24 17:04:00,AGT1250,Roti Isi,Makanan,porsi,6,8000,0,48000,QRIS,Dimas,308000.0,1.968,5,
TRX250573,2025-10-19 10:48:00,AGT1051,Air Mineral 600ml,Minuman,botol,8,4000,0,32000,QRIS,Bagus,290000.0,3.925,3,Minta struk
TRX251437,2025-09-05 15:35:00,AGT1208,Air Mineral 600ml,MINUMAN,botol,2,4000,5,7600,Tunai,Sari,513000.0,0.27,3,
TRX251250,2025-11-24 09:54:00,AGT1141 ,Gorengan 5pcs,Makanan,porsi,3,6000,5,8550,Tunai,Bagus,,1.077,3,Minta struk
TRX250470,13/11/2025 09:54,AGT1148,Fotokopi A4,ATK,pcs,1,500,0,Rp 500,Saldo Koperasi,Rina,,0.303,4,Promo mingguan
TRX250291,2025-11-09 11:31:00,AGT1061,Gorengan 5pcs,Makanan,porsi,3,6000,0,Rp 18.000,Tunai,Bagus,550000.0,0.697,5,
TRX250698,2025-10-13 13:47:00,AGT1104,Jilid Spiral,Jasa,lembar,8,8000,0,64000,QRIS,Rina,73000.0,,-999,Promo mingguan
TRX250623,2025-10-24 10:09:00,AGT1143,Laminating A4,Jasa,lembar,7,5000,0,35000,Tunai,Rina,167000.0,,4,
TRX250033,2025-08-05 07:42:00,AGT1030,Kopi Sachet,Minuman,botol,6,5000,0,30000,Tunai,Rina,249000.0,3.187,-999,
TRX250685,18/11/2025 12:07,AGT1027,Print Warna A4,Jasa,lembar,3,2000,0,6000,tunai,Sari,591000.0,,4,
TRX250000,03/10/2025 15:42,AGT1211,Air Mineral 600ml,Minuman,botol,5,4000,0,20000,QRIS,Dimas,311000.0,2.439,5,
,2025-10-16 09:09:00,AGT1132,Kopi Sachet,Minuman,botol,5,5000,10,22500,Saldo Koperasi,Dimas,431000.0,2.069,3,
TRX251159,2025-09-18 14:30:00,AGT1222,Teh Botol,Minuman,botol,3,6000,0,18000,null,Sari,263000.0,0.32,3,Minta struk
TRX251382,2025-10-03 16:34:00,AGT1150,Pulsa 25rb,Pulsa,voucher,1,27000,10,24300,QRIS,Bagus,488000.0,,4,Pelanggan tetap
TRX250573,2025-10-19 10:48:00,AGT1051,Air Mineral 600ml,Minuman,botol,8,4000,0,32000,QRIS,Bagus,290000.0,3.925,3,Minta struk
,2025-11-28 16:25:00,AGT1002 ,Nasi Bungkus,Makanan,porsi,2,12000,0,24000,Tunai,Bagus,315000.0,0.205,5,Minta struk
TRX251350,04/09/2025 15:24,AGT1077,Mi Instan Rebus,Makanan,porsi,5,10000,0,50000,Qris ,Sari,349000.0,1.319,3,
TRX251214,2025-11-15 11:48:00,AGT1251,Mi Instan Rebus,Makanan,porsi,5,10000,0,50000,QRIS,Dimas,123000.0,0.85,4,
TRX251428,2025-11-10 09:57:00,AGT1125,Buku Tulis 38lbr,ATK,pcs,1,5500,0,5500,Saldo Koperasi,Rina,361000.0,,4,
TRX250243,2025-10-31 11:20:00,AGT1078,Print Warna A4, Jasa ,lembar,5,2000,0,10000,QRIS,Sari,120000.0,,3,
TRX250266,29/08/2025 13:02,AGT1016,Susu Kotak,Minuman,botol,8,7500,10,54000,Tunai,Sari,382000.0,0.809,3,
TRX250885,2025-11-02 07:40:00,AGT1057,Roti Isi,Makanan,porsi,8,8000,150,64000,Tunai,Rina,525000.0,3.013,5,
TRX250786,2025-11-20 09:59:00,AGT1095,Buku Tulis 38lbr,ATK,pcs,1,5500,0,5500,tidak diketahui,Bagus,31000.0,,3,
TRX251439,2025-09-09 12:48:00,AGT1229 ,Air Mineral 600ml,Minuman,botol,-4,4000,0,16000,QRIS,Sari,226000.0,0.881,4,
TRX250944,2025-08-17 17:42:00,AGT1033 ,Nasi Bungkus,Makanan,porsi,1,12000,0,Rp 12.000,Tunai,Rina,55000.0,0.262,4,
TRX251072,2025-11-11 10:49:00,AGT1230,Air Mineral 600ml,MINUMAN,botol,8,4000,0,32000,QRIS,Rina,149000.0,0.415,5,Minta struk
TRX251228,2025-08-03 15:21:00,AGT1147,Nasi Bungkus,Makanan,porsi,1,12000,0,12000,Saldo Koperasi,Rina,341000.0,0.341,3,Minta struk
TRX251126,2025-10-22 07:26:00,AGT1198,Jilid Spiral,Jasa,lembar,1,8000,0,8000,Tunai,Dimas,323000.0,,5,
TRX251090,2025-09-04 11:15:00,AGT1004,Roti Isi,Makanan,porsi,7,8000,10,Rp 50.400,Tunai,Bagus,433000.0,3.554,5,
,2025-08-10 10:21:00,AGT1245,Mi Instan Rebus,Makanan,porsi,5,10000,5,47500,Tunai,Bagus,426000.0,2.675,3,
TRX250022,2025-09-09 15:19:00,AGT1172,Pulsa 10rb,Pulsa,voucher,1,12000,0,12000,Transfer,Rina,192000.0,,5,
TRX251419,25/08/2025 15:07,AGT1069,Gorengan 5pcs,Makanan,porsi,6,6000,0,36000,Transfer,Rina,49000.0,3.188,5,
TRX250463,05/10/2025 16:23,AGT1059,Nasi Bungkus,Makanan,porsi,2,12000,0,24000,Tunai,Rina,,0.847,3,
TRX251356,2025-11-12 14:17:00,AGT1133,Laminating A4,Jasa,lembar,1,5000,0,5000,Saldo Koperasi,Sari,121000.0,,3,
TRX251374,2025-09-17 17:14:00,AGT1125,Gorengan 5pcs,MAKANAN,porsi,3,6000,0,Rp 18.000,QRIS,Dimas,108000.0,0.716,4,
TRX250752,10/09/2025 09:56,AGT1100,Kopi Sachet,Minuman,botol,8,5000,0,Rp 40.000,Tunai,Sari,,2.377,4,Pelanggan tetap
TRX251277,2025-08-08 12:28:00,AGT1142,Nasi Bungkus,Makanan,porsi,4,12000,0,Rp 48.000,Tunai,Bagus,98000.0,0.563,5,
TRX250727,03/09/2025 10:42,AGT1032,Pulsa 25rb,Pulsa,voucher,1,27000,0,27000,Tunai,Bagus,91000.0,,-999,
TRX250853,2025-09-30 11:44:00,AGT1233,Pulsa 25rb,Pulsa,voucher,1,27000,0,27000,Transfer,Sari,110000.0,,5,
TRX250656,2025-10-24 07:58:00,AGT1200,Gorengan 5pcs,Makanan,porsi,1,6000,0,6000,Tunai,Dimas,242000.0,0.388,4,
TRX250864,2025-10-05 17:07:00,AGT1196,Gorengan 5pcs,Makanan,porsi,3,6000,0,18000,Saldo Koperasi,Bagus,736000.0,1.121,3,
TRX250469,2025-08-30 11:12:00,AGT1111,Fotokopi A4,ATK,pcs,7,500,10,3150,QRIS,Rina,299000.0,3.526,4,Pelanggan tetap
TRX250982,2025-09-15 14:16:00,AGT1086,Teh Botol,Minuman,botol,7,6000,0,42000,Tunai,Sari,,2.752,4,
TRX250161,2025-10-04 14:01:00,AGT1256,Pulsa 10rb,Pulsa,voucher,1,12000,10,10800,QRIS,Bagus,369000.0,,5,
TRX251398,2025-09-03 08:23:00,AGT1255,Map Plastik,ATK,pcs,0,4000,5,19000,Transfer,Bagus,135000.0,0.666,5,Pelanggan tetap
TRX250876,2025-11-14 14:21:00,AGT1221,Buku Tulis 38lbr,ATK,pcs,1,5500,0,Rp 5.500,QRIS,Sari,524000.0,0.408,5,
TRX250897,2025-10-24 14:32:00,AGT1130,Mi Instan Rebus,Makanan,porsi,6,10000,0,60000,Saldo Koperasi,Sari,125000.0,1.325,2,Minta struk
TRX251088,2025-10-03 17:48:00,AGT1033,Print Warna A4,Jasa,lembar,7,2000,5,13300,Tunai,Rina,541000.0,,5,
TRX250987,2025-09-04 13:38:00,AGT1156,Roti Isi,Makanan,porsi,4,8000,0,32000,Saldo Koperasi,Dimas,,0.626,5,Minta struk
TRX251444,27/08/2025 10:50,AGT1114,Air Mineral 600ml, MINUMAN ,botol,3,4000,0,12000,QRIS,Bagus,246000.0,0.741,4,
TRX250928,2025-09-22 07:53:00,AGT1118,Nasi Bungkus,Makanan,porsi,7,12000,0,Rp 84.000,QRIS,Rina,116000.0,3.494,5,
TRX250859,2025-11-22 07:24:00,AGT1220,Map Plastik,ATK,pcs,1,4000,0,4000,Saldo Koperasi,Bagus,52000.0,,5,
TRX250967,2025-08-30 07:33:00,AGT1247,Teh Botol,Minuman,botol,2,6000,0,12000,Tunai,Dimas,67000.0,0.198,4,
TRX251227,2025-09-26 09:03:00,AGT1062,Gorengan 5pcs,Makanan,porsi,6,6000,0,36000,Tunai,Sari,320000.0,1.689,4,
TRX250526,2025-10-29 12:47:00,AGT1107,Gorengan 5pcs,Makanan,porsi,6,6000,5,34200,QRIS,Rina,60000.0,2.171,3,
TRX250996,2025-09-06 12:58:00,AGT1227,Nasi Bungkus,Makanan,porsi,6,12000,0,72000,Tunai,Bagus,1145000.0,0.395,4,
TRX251487,2025-11-02 07:01:00,AGT1021,Print Warna A4,Jasa,lembar,5,2000,0,10000,Saldo Koperasi,Bagus,28000.0,,5,
TRX251478,2025-10-22 17:20:00,AGT1099,Map Plastik,Alat Tulis,pcs,6,4000,0,24000,Saldo Koperasi,Bagus,,1.624,5,
TRX251248,2025-08-15 08:21:00,AGT1089,Kopi Sachet,Minuman,botol,3,5000,0,15000,Qris ,Dimas,198000.0,0.357,4,Pelanggan tetap
TRX251233,2025-10-31 08:07:00,AGT1038,Laminating A4,Jasa,lembar,6,5000,0,30000,Saldo Koperasi,Sari,907000.0,,4,Pesanan titipan
TRX250688,2025-08-25 11:54:00,AGT1039,Susu Kotak,Minuman,botol,2,7500,0,15000,QRIS,Sari,722000.0,0.579,4,
TRX251427,2025-10-26 12:40:00,AGT1160,Teh Botol,Minuman,botol,2,6000,0,12000,Transfer,Sari,262000.0,0.494,3,Promo mingguan
TRX250306,2025-10-24 14:19:00,AGT1119,Laminating A4,Jasa,lembar,4,5000,0,Rp 20.000,Saldo Koperasi,Dimas,239000.0,,5,Pesanan titipan
TRX250682,2025-11-28 09:19:00,AGT1044,Laminating A4,Jasa,lembar,1,5000,0,5000,QRIS,Rina,283000.0,,4,
TRX250169,2025-11-02 09:26:00,AGT1003,Print Warna A4,Jasa,lembar,1,2000,0,2000,qris,Bagus,33000.0,,5,
TRX251390,17/10/2025 12:31,AGT1151,Air Mineral 600ml,Minuman,botol,8,4000,0,32000,Transfer,Sari,234000.0,3.439,4,Pelanggan tetap
TRX250354,17/10/2025 07:35,AGT1091,Print Warna A4,Jasa,lembar,3,2000,0,6000,Qris ,Sari,195000.0,,5,Promo mingguan
TRX251497,2025-09-05 16:38:00,AGT1125,Nasi Bungkus,Makanan,porsi,8,12000,0,96000,QRIS,Dimas,341000.0,1.865,5,
TRX250413,2025-10-01 17:13:00,AGT1039,Air Mineral 600ml,Minuman,botol,4,4000,0,16000,Saldo Koperasi,Sari,129000.0,1.497,4,Minta struk
TRX250962,2025-09-10 17:04:00,AGT1183,Kopi Sachet,Minuman,botol,1,5000,0,5000,Transfer,Sari,587000.0,0.285,4,
TRX250230,2025-10-12 15:10:00,AGT1179,Buku Tulis 38lbr,ATK,pcs,8,5500,0,44000,Transfer,Sari,1913000.0,1.011,5,
TRX251070,2025-08-01 10:54:00,AGT1169,Buku Tulis 38lbr,ATK,pcs,8,5500,0,44000,Tunai,Rina,101000.0,1.513,5,Promo mingguan
TRX250240,2025-10-13 15:26:00,AGT1119,Paket Data 3GB,Pulsa,voucher,1,35000,0,35000,Saldo Koperasi,Bagus,612000.0,,5,
TRX250399,14/10/2025 08:42,AGT1030,Susu Kotak,Minuman,botol,7,7500,0,52500,Transfer,Dimas,,2.73,4,
TRX251271,2025-10-28 14:36:00,AGT1215,Pulsa 25rb,Pulsa,voucher,1,27000,0,27000,Tunai,Dimas,63000.0,,5,
TRX250205,2025-11-01 14:49:00,AGT1051,Air Mineral 600ml,Minuman,botol,7,4000,0,Rp 28.000,Tunai,Bagus,185000.0,1.659,5,
TRX251395,2025-11-11 12:07:00,AGT1183,Map Plastik,ATK,pcs,-3,4000,-20,12000,Tunai,Rina,195000.0,0.531,4,
TRX251132,2025-08-15 12:32:00,AGT1082 ,Roti Isi,Makanan,porsi,1,8000,0,8000,Saldo Koperasi,Rina,68000.0,0.501,2,Pelanggan tetap
TRX251243,2025-08-03 09:33:00,AGT1103,Kopi Sachet,Minumam,botol,1,5000,0,5000,Tunai,Dimas,,0.309,4,
TRX251005,2025-11-04 08:16:00,AGT1218,Mi Instan Rebus,Makanan,porsi,6,10000,5,Rp 57.000,QRIS,Dimas,43000.0,1.779,4,
TRX250290,2025-08-07 14:41:00,AGT1019,Teh Botol,Minuman,botol,5,6000,0,30000,Saldo Koperasi,Sari,206000.0,2.275,3,
TRX250001,2025-10-26 17:31:00,AGT1127,Pulsa 25rb,PULSA,voucher,1,27000,10,Rp 24.300,Tunai,Dimas,257000.0,,4,
TRX250328,2025-11-23 11:26:00,AGT1252,Mi Instan Rebus,Makanan,porsi,1,10000,0,Rp 10.000,Saldo Koperasi,Dimas,87000.0,0.112,4,Pesanan titipan
TRX251486,2025-11-23 17:47:00,AGT1094,Buku Tulis 38lbr,Alat Tulis,pcs,3,5500,0,16500,QRIS,Bagus,150000.0,1.621,5,
TRX250926,12/09/2025 09:27,AGT1228,Laminating A4,Jasa,lembar,4,5000,0,20000,Tunai,Dimas,510000.0,,4,
TRX250403,22/11/2025 09:51,AGT1145,Gorengan 5pcs,Makanan,porsi,2,6000,0,24000,Saldo Koperasi,Sari,184000.0,0.198,5,Pelanggan tetap
TRX251012,2025-11-19 08:28:00,AGT1067,Laminating A4,Jasa,lembar,5,5000,0,25000,tidak diketahui,Dimas,112000.0,,5,Minta struk
TRX250261,2025-10-15 08:35:00,AGT1083,Nasi Bungkus,Makanan,porsi,6,12000,0,72000,Transfer,Bagus,440000.0,1.282,4,
TRX250388,2025-09-17 13:09:00,AGT1166,Kopi Sachet,Minuman,botol,5,5000,0,25000,Transfer,Bagus,678000.0,0.769,5,
TRX250144,2025-09-13 15:05:00,AGT1234,Mi Instan Rebus,Makanan,porsi,8,10000,0,80000,Tunai,Bagus,213000.0,2.464,4,
TRX250440,2025-08-20 08:10:00,AGT1231,Buku Tulis 38lbr,ATK,pcs,6,5500,0,33000,QRIS,Dimas,228000.0,3.256,4,
TRX250842,2025-11-10 16:38:00,AGT1143,Susu Kotak,Minuman,botol,5,7500,0,37500,Tunai,Sari,122000.0,2.957,4,Promo mingguan
TRX250640,2025-08-01 14:40:00,AGT1084,Laminating A4,Jasa,lembar,4,5000,0,20000,Qris ,Bagus,255000.0,,5,
TRX250186,18/08/2025 08:34,AGT1082,Gorengan 5pcs,Makanan,porsi,3,6000,0,18000,QRIS,Rina,715000.0,1.41,4,
TRX251076,15/11/2025 13:48,AGT1176 ,Laminating A4,Jasa,lembar,5,5000,0,25000,Transfer,Sari,135000.0,,4,
TRX250355,19/09/2025 07:33,AGT1175,Pulpen Hitam,ATK,pcs,2,3500,0,Rp 7.000,Tunai,Bagus,351000.0,0.6,4,
TRX250245,2025-08-26 15:19:00,AGT1031,Pulsa 10rb,Pulsa,voucher,2,12000,0,24000,Tunai,Bagus,459000.0,,4,
TRX250772,2025-09-04 14:43:00,AGT1154,Teh Botol,Minuman,botol,5,6000,0,30000,QRIS,Dimas,102000.0,2.788,3,
TRX250966,19/11/2025 10:20,AGT1041,Roti Isi,Makanan,porsi,2,8000,0,Rp 16.000,Saldo Koperasi,dimas,743000.0,0.78,3,
TRX250434,24/09/2025 07:36,AGT1235,Roti Isi,Makanan,porsi,6,8000,5,45600,QRIS,Rina,295000.0,3.285,4,
TRX250790,2025-11-15 15:22:00,AGT1153,Jilid Spiral,Jasa,lembar,7,8000,0,56000,QRIS,Bagus,492000.0,,5,
TRX250182,26/08/2025 07:43,AGT1120,Teh Botol,Minuman,botol,7,6000,10,37800,Tunai,Rina,,2.33,5,
TRX251163,19/10/2025 16:54,AGT1230,Nasi Bungkus,Makanan,porsi,6,12000,0,Rp 72.000,Saldo Koperasi,bagus,273000.0,2.813,4,
TRX250510,2025-10-03 07:03:00,AGT1105,Susu Kotak,Minuman,botol,7,7500,0,Rp 52.500,Tunai,sari,301000.0,3.949,5,
TRX250058,2025-10-13 10:47:00,AGT1208,Print Warna A4,Jasa,lembar,6,2000,0,12000,-,Rina,114000.0,,5,
TRX250443,2025-10-30 11:58:00,AGT1233,Gorengan 5pcs,Makanan,porsi,5,6000,0,30000,Saldo Koperasi,Rina,131000.0,0.583,4,
TRX250360,2025-09-02 10:43:00,AGT1124,Jilid Spiral,Jasa,lembar,2,8000,0,16000,Tunai,Rina,512000.0,,4,
TRX250959,2025-09-01 13:49:00,AGT1052,Paket Data 3GB,Pulsa,voucher,1,35000,0,35000,QRIS,Sari,315000.0,,-999,
TRX250049,2025-11-13 07:52:00,AGT1168,Print Warna A4,JASA,lembar,7,2000,0,14000,QRIS,Bagus,,,5,
TRX251336,26/11/2025 13:04,AGT1207,Map Plastik,Alat Tulis,pcs,5,4000,0,Rp 20.000,Transfer,Rina,108000.0,1.205,5,
TRX251161,2025-08-25 07:33:00,AGT1138,Paket Data 3GB,Pulsa,voucher,1,35000,0,35000,Tunai,Rina,326000.0,,3,Pelanggan tetap
TRX251299,13/10/2025 10:59,AGT1239,Jilid Spiral,Jasa,lembar,4,8000,0,320000,Tunai,Rina,18000.0,,4,
TRX250933,2025-08-03 09:25:00,AGT1189,Teh Botol,Minuman,botol,3,6000,0,18000,QRIS,Sari,198000.0,0.658,-999,
TRX250395,27/11/2025 11:45,AGT1090,Mi Instan Rebus,Makanan,porsi,4,10000,0,40000,QRIS,Sari,142000.0,1.693,4,
TRX250739,2025-09-04 13:00:00,AGT1003,Pulpen Hitam,ATK,pcs,6,3500,0,21000,Tunai,Rina,281000.0,2.928,4,
TRX250129,2025-10-27 11:32:00,AGT1081,Pulsa 10rb,Pulsa,voucher,1,12000,0,12000,QRIS,Rina,94000.0,,2,Pesanan titipan
TRX250214,2025-09-10 15:43:00,AGT1090,Print Warna A4, Jasa ,lembar,3,2000,0,6000,N/A,Rina,1663000.0,,5,Pesanan titipan
TRX250274,2025-09-01 09:45:00,AGT1143,Paket Data 3GB,Pulsa,voucher,2,35000,0,70000,QRIS,Rina,33000.0,,3,
TRX251036,2025-10-18 08:14:00,AGT1232,Roti Isi,Makanan,porsi,2,8000,0,16000,QRIS,Rina,121000.0,0.676,4,Minta struk
TRX250632,2025-08-02 16:27:00,AGT1187,Roti Isi,Makanan,porsi,2,8000,10,14400,QRIS,Rina,243000.0,0.437,5,
TRX250892,2025-11-16 11:46:00,AGT1085,Jilid Spiral,Jasa,lembar,3,8000,10,21600,Tunai,Dimas,187000.0,,4,Pelanggan tetap
TRX250234,2025-10-05 09:58:00,AGT1182,Kopi Sachet,Minuman,botol,3,5000,10,13500,Tunai,Bagus,306000.0,1.626,4,Pesanan titipan
TRX250830,02/08/2025 17:08,AGT1010,Mi Instan Rebus,Makanan,porsi,7,10000,0,70000,Tunai,Bagus,76000.0,3.457,5,
TRX250931,2025-08-18 14:30:00,AGT1208 ,Print Warna A4, Jasa ,lembar,7,2000,0,Rp 14.000,Saldo Koperasi,Sari,207000.0,,5,
TRX250952,2025-08-12 14:00:00,AGT1168,Roti Isi,Makanan,porsi,6,8000,0,48000,QRIS,Bagus,65000.0,2.38,3,
TRX250472,2025-11-19 12:44:00,AGT1102,Roti Isi,Makanan,porsi,2,8000,0,16000,Saldo Koperasi,Sari,383000.0,1.113,5,
TRX251211,2025-10-29 13:53:00,AGT1096,Kopi Sachet,Minuman,botol,8,5000,10,36000,Saldo Koperasi,Dimas,319000.0,3.977,3,
TRX250238,2025-11-20 10:53:00,AGT1216,Map Plastik,ATK,pcs,2,4000,0,8000,Transfer,Sari,688000.0,,4,
TRX250956,01/11/2025 15:48,AGT1142,Nasi Bungkus,Makanan,porsi,4,12000,0,48000,Transfer,Sari,122000.0,0.321,5,Pesanan titipan
TRX250988,2025-10-13 08:50:00,AGT1079,Kopi Sachet,Minuman,botol,3,5000,0,15000,Transfer,Bagus,161000.0,1.097,4,
TRX250733,16/08/2025 13:23,AGT1255,Kopi Sachet,Minuman,botol,5,5000,0,25000,Tunai,Rina,353000.0,2.229,3,
TRX251441,2025-11-23 13:43:00,AGT1256,Air Mineral 600ml,Minuman,botol,3,4000,0,12000,Tunai,Sari,305000.0,1.336,5,Minta struk
TRX250347,2025-08-28 07:26:00,AGT1041,Susu Kotak,Minuman,botol,4,7500,0,30000,QRIS,Bagus,54000.0,1.652,4,
TRX250241,2025-08-18 11:47:00,AGT1047,Jilid Spiral,Jasa,lembar,1,8000,0,8000,Transfer,Rina,486000.0,,5,
TRX251320,22/09/2025 09:49,AGT1143,Paket Data 3GB,Pulsa,voucher,2,35000,0,70000,Transfer,Bagus,481000.0,,4,
TRX250571,2025-11-13 11:12:00,AGT1163,Pulsa 10rb,Pulsa,voucher,2,12000,0,24000,Tunai,Sari,162000.0,,4,Pelanggan tetap
TRX250436,2025-10-02 15:28:00,AGT1173,Teh Botol,Minuman,botol,2,6000,0,12000,QRIS,Dimas,163000.0,0.179,5,
TRX250577,2025-10-14 17:14:00,AGT1151,Mi Instan Rebus,Makanan,porsi,7,10000,0,70000,QRIS,Rina,,3.78,4,
TRX251149,2025-10-22 11:47:00,AGT1169,Kopi Sachet,Minuman,botol,2,5000,0,10000,Tunai,Bagus,369000.0,0.602,3,
TRX250918,2025-10-07 17:33:00,AGT1098,Roti Isi,Makanan,porsi,8,8000,0,64000,transfer,Bagus,728000.0,1.245,4,
TRX250056,24/10/2025 17:23,AGT1054,Jilid Spiral,Jasa,lembar,5,8000,0,40000,Saldo Koperasi,Dimas,73000.0,,5,
TRX250501,2025-08-27 10:24:00,AGT1019,Jilid Spiral,Jasa,lembar,8,8000,0,64000,Tunai,Rina,581000.0,,5,Pesanan titipan
TRX250638,2025-08-22 17:22:00,AGT1185,Air Mineral 600ml,Minuman,botol,2,4000,0,8000,Saldo Koperasi,Dimas,248000.0,0.434,5,
TRX250348,2025-08-26 09:42:00,AGT1218,Pulsa 25rb,Pulsa,voucher,2,27000,5,51300,Tunai,Sari,138000.0,,5,Pesanan titipan
TRX250382,2025-08-12 17:51:00,AGT1190,Susu Kotak,Minuman,botol,3,7500,0,22500,QRIS,Sari,112000.0,0.971,5,
