id_peserta,nama_lengkap,nik_dummy,no_hp,email,alamat_jalan,kelurahan,kecamatan,kota,tanggal_lahir,jenis_kelamin,pendidikan_terakhir,status_disabilitas,jumlah_anak,penghasilan_pribadi_bulanan,nama_usaha,kategori_usaha,produk_utama,lama_usaha_tahun,jumlah_karyawan,omzet_usaha_bulanan,pernah_ikut_pelatihan,kanal_pendaftaran,tanggal_daftar,kehadiran_persen,skor_prates,skor_pascates,tingkat_kepuasan
PLT-2025-1309,Ratna Hidayat,99991405899249,080004260813,ratna.hidayat@contoh.example,Jl. Cempaka No. 106 RT 02/RW 10,Sukatani,Tapos,Depok,1989-05-14,P,SMP,Tidak,3,500000,CV Mandiri Jaya,Kuliner,Roti dan kue,12.8,4,2950000,Tidak,Datang langsung,2025-04-04,75,52,67.0,5.0
PLT-2025-1512,Bunga Santoso,99992410874363,080003466291,bunga.santoso@contoh.example,Jl. Bougenville No. 80 RT 10/RW 02,Mampang,Pancoran Mas,Depok,1987-10-24,P,D3,Tidak,1,950000,Dapur Cahaya Abadi,Jasa Digital,Servis gawai,6.5,3,7750000,Tidak,Formulir daring,2025-02-02,70,59,75.0,4.9
PLT-2025-1360,Endah Ramadhan,99991107987303,080002656095,endah.ramadhan@contoh.example,Jl. Anggrek No. 138 RT 07/RW 08,Limo,Limo,Depok,1998-07-11,P,D3,Tidak,2,1500000,Griya Harum Makmur,Kuliner,Katering rumahan,2.5,0,7550000,Tidak,WhatsApp,2025-03-26,90,51,61.0,4.9
PLT-2025-1025,Agus Pratama,99991111832435,080008296254,agus.pratama@contoh.example,Jl. Kenanga No. 52 RT 04/RW 08,Serua,Bojongsari,Depok,1983-11-11,L,SMA/SMK,Tidak,2,1250000,Dapur Lestari Jaya,Kuliner,Roti dan kue,12.1,11,6300000,Ya,WhatsApp,2025-05-11,94,50,63.0,5.0
PLT-2025-1060,Hesti Safitri,99991906737643,080005573317,hesti.safitri@contoh.example,Jl. Kenanga No. 69 RT 04/RW 08,Baktijaya,Sukmajaya,Depok,1973-06-19,P,SMP,Tidak,2,2650000,Studio Sejahtera Abadi,Jasa Digital,Desain grafis,3.2,0,12050000,Tidak,Formulir daring,2025-05-05,89,54,69.0,5.0
PLT-2025-1204,Taufik Nuraini,99990602906896,080005670981,taufik.nuraini@contoh.example,Jl. Anggrek No. 15 RT 08/RW 08,Cilangkap,Tapos,Depok,1990-02-06,L,SMA/SMK,Tidak,0,500000,Dapur Cahaya Jaya,Kriya,Anyaman bambu,2.4,2,2750000,Ya,Rujukan kelurahan,2025-03-11,74,54,,3.4
PLT-2025-1188,Oktavia Kusuma,99992401062760,080006593881,oktavia.kusuma@contoh.example,Jl. Melati No. 93 RT 06/RW 03,Pangkalan Jati,Cinere,Depok,2006-01-24,P,S1,Tidak,2,550000,Dapur Mandiri Makmur,Kriya,Lilin aroma,0.3,1,3400000,Tidak,Formulir daring,2025-03-23,83,65,68.0,4.9
PLT-2025-1613,Joko Hidayat,99990807868120,080004079913,joko.hidayat@contoh.example,Jl. Cempaka No. 114 RT 01/RW 08,Pondok Cina,Beji,Depok,1986-07-08,L,SMA/SMK,Tidak,2,1200000,CV Berkah Abadi,Pertanian,Hidroponik sayur,1.5,4,4200000,Ya,WhatsApp,2025-05-15,82,35,54.0,3.0
PLT-2025-1424,Maya Wulandari,99992009847800,080005151124,maya.wulandari@contoh.example,Jl. Flamboyan No. 58 RT 12/RW 03,Curug,Cimanggis,Depok,1984-09-20,P,D3,Tidak,2,500000,Griya Berkah Makmur,Pertanian,Hidroponik sayur,1.8,2,3350000,Tidak,WhatsApp,2025-03-08,66,56,67.0,
PLT-2025-1473,Tuti Handayani,99990102913627,080003391995,tuti.handayani@contoh.example,Jl. Kenanga No. 92 RT 08/RW 03,Cilangkap,Tapos,Depok,1991-02-01,P,SMP,Tidak,1,500000,UD Sejahtera Makmur,Kriya,Sabun artisan,4.5,2,1750000,Tidak,Rujukan kelurahan,2025-05-01,66,69,81.0,4.4
PLT-2025-1532,Oki Handayani,99991601799579,080008559281,oki.handayani@contoh.example,Jl. Melati No. 70 RT 05/RW 11,Cilangkap,Tapos,Depok,1979-01-16,L,SMA/SMK,Tidak,1,950000,UD Cahaya Sentosa,Pertanian,Bibit tanaman hias,3.3,2,6400000,Tidak,WhatsApp,2025-03-27,100,57,71.0,2.9
PLT-2025-1577,Yanti Anggraini,99990503844033,080003019047,yanti.anggraini@contoh.example,Jl. Cempaka No. 9 RT 07/RW 06,Pondok Cina,Beji,Depok,1984-03-05,P,SMA/SMK,Tidak,0,2750000,UD Berkah Makmur,Kriya,Gerabah hias,2.5,4,10250000,Ya,WhatsApp,2025-03-18,100,68,92.0,3.8
PLT-2025-1109,Usman Wijaya,99990910864815,080006342537,usman.wijaya@contoh.example,Jl. Anggrek No. 70 RT 05/RW 11,Tirtajaya,Sukmajaya,Depok,1986-10-09,L,SMA/SMK,Tidak,2,1600000,UD Berkah Sentosa,Fesyen,Konveksi kaos,3.5,1,6800000,Tidak,Formulir daring,2025-05-16,90,66,81.0,3.5
PLT-2025-1218,Irfan Setiawan,99992410053096,080002388102,irfan.setiawan@contoh.example,Jl. Cempaka No. 81 RT 11/RW 03,Beji,Beji,Depok,2005-10-24,L,S1,Tidak,3,3450000,UD Lestari Makmur,Pertanian,Bibit tanaman hias,4.2,5,17450000,Ya,Formulir daring,2025-04-20,88,48,64.0,4.3
PLT-2025-1344,Joko Santoso,99992907791572,080005832619,joko.santoso@contoh.example,Jl. Bougenville No. 82 RT 14/RW 10,Bojongsari Baru,Bojongsari,Depok,1979-07-29,L,SMP,Tidak,2,8150000,Griya Lestari Abadi,Kuliner,Warung makan,2.2,1,24450000,Ya,WhatsApp,2025-02-22,90,29,28.0,3.5
PLT-2025-1129,Yanti Permana,99992809947698,080008123862,yanti.permana@contoh.example,Jl. Flamboyan No. 24 RT 03/RW 11,Pondok Cina,Beji,Depok,1994-09-28,P,SMA/SMK,Tidak,1,2150000,Toko Cahaya Makmur,Kuliner,Katering rumahan,0.7,0,13150000,Tidak,Formulir daring,2025-03-26,92,55,76.0,4.1
PLT-2025-1357,Juwita Nuraini,99990810019812,080007999557,juwita.nuraini@contoh.example,Jl. Flamboyan No. 71 RT 02/RW 01,Mampang,Pancoran Mas,Depok,2001-10-08,P,S1,Tidak,2,1350000,UD Mandiri Jaya,Jasa Digital,Servis gawai,1.5,2,8500000,Tidak,Formulir daring,2025-02-04,100,63,87.0,3.8
PLT-2025-1481,Juwita Wijaya,99990408011542,080009272286,juwita.wijaya@contoh.example,Jl. Flamboyan No. 82 RT 03/RW 03,Sukatani,Tapos,Depok,2001-08-04,P,SD,Tidak,1,1450000,Toko Berkah Makmur,Fesyen,Hijab dan busana,5.6,4,5550000,Tidak,Formulir daring,2025-02-12,100,64,81.0,5.0
PLT-2025-1240,Ratna Nuraini,99992208992926,080003465449,ratna.nuraini@contoh.example,Jl. Kenanga No. 133 RT 04/RW 03,Mampang,Pancoran Mas,Depok,1999-08-22,P,SMA/SMK,Tidak,0,1200000,Toko Berkah Jaya,Jasa Digital,Desain grafis,10.9,5,5700000,Tidak,WhatsApp,2025-05-10,94,68,84.0,3.3
PLT-2025-1149,Eko Safitri,99990206794619,080002360431,eko.safitri@contoh.example,Jl. Cempaka No. 136 RT 03/RW 10,Tirtajaya,Sukmajaya,Depok,1979-06-02,L,SMA/SMK,Tidak,3,4050000,Studio Harum Abadi,Kriya,Anyaman bambu,2.3,3,21150000,Ya,Formulir daring,2025-03-05,84,45,64.0,4.0
PLT-2025-1298,Fitri Nuraini,99992809978471,080005688373,fitri.nuraini@contoh.example,Jl. Melati No. 42 RT 08/RW 11,Serua,Bojongsari,Depok,1997-09-28,P,D3,Tidak,2,650000,Studio Bahagia Sentosa,Kuliner,Roti dan kue,9.3,2,6800000,Tidak,Datang langsung,2025-04-03,95,41,64.0,3.9
PLT-2025-1088,Taufik Nuraini,99990301782781,080002312352,taufik.nuraini@contoh.example,Jl. Melati No. 64 RT 07/RW 06,Baktijaya,Sukmajaya,Depok,1978-01-03,L,SMP,Ya,1,1400000,UD Cahaya Makmur,Kuliner,Keripik kemasan,0.3,2,5750000,Ya,Formulir daring,2025-03-27,84,69,79.0,3.5
PLT-2025-1288,Endah Nuraini,99992812812076,080007082172,endah.nuraini@contoh.example,Jl. Anggrek No. 55 RT 02/RW 08,Depok Jaya,Pancoran Mas,Depok,1981-12-28,P,SMP,Tidak,0,700000,CV Cahaya Abadi,Pertanian,Olahan jamur,6.0,5,6850000,Tidak,Datang langsung,2025-02-13,93,37,51.0,3.1
PLT-2025-1568,Maya Anggraini,99991910934351,080004424126,maya.anggraini@contoh.example,Jl. Flamboyan No. 63 RT 08/RW 04,Gandul,Cinere,Depok,1993-10-19,P,S1,Tidak,2,2750000,Griya Bahagia Abadi,Pertanian,Bibit tanaman hias,2.1,4,12950000,Tidak,WhatsApp,2025-03-23,78,70,87.0,4.6
PLT-2025-1595,Nanda Maulana,99991004803282,080008097408,nanda.maulana@contoh.example,Jl. Melati No. 89 RT 01/RW 01,Sukatani,Tapos,Depok,1980-04-10,L,SMA/SMK,Tidak,2,1700000,UD Sejahtera Makmur,Kuliner,Keripik kemasan,6.7,4,8250000,Tidak,WhatsApp,2025-05-11,100,46,75.0,3.7
PLT-2025-1148,Ratna Kusuma,99991210916703,080007339144,ratna.kusuma@contoh.example,Jl. Bougenville No. 88 RT 05/RW 01,Rangkapan Jaya,Pancoran Mas,Depok,1991-10-12,P,SMA/SMK,Tidak,2,1750000,Toko Lestari Abadi,Kuliner,Katering rumahan,8.1,2,5700000,Ya,Datang langsung,2025-05-31,93,55,67.0,4.0
PLT-2025-1471,Citra Nuraini,99990405983509,080009775624,citra.nuraini@contoh.example,Jl. Cempaka No. 17 RT 01/RW 03,Tirtajaya,Sukmajaya,Depok,1998-05-04,P,S1,Tidak,2,1250000,Studio Bahagia Sentosa,Kuliner,Katering rumahan,3.1,2,3700000,Ya,WhatsApp,2025-03-02,88,83,100.0,4.2
PLT-2025-1394,Agus Oktaviani,99990107006730,080001793131,agus.oktaviani@contoh.example,Jl. Flamboyan No. 48 RT 11/RW 10,Tirtajaya,Sukmajaya,Depok,2000-07-01,L,SMP,Tidak,2,1850000,Griya Bahagia Abadi,Kuliner,Katering rumahan,3.4,1,8550000,Tidak,Formulir daring,2025-04-29,89,45,64.0,3.6
PLT-2025-1455,Oktavia Nugroho,99991603871831,080008420457,oktavia.nugroho@contoh.example,Jl. Flamboyan No. 57 RT 05/RW 06,Tanah Baru,Beji,Depok,1987-03-16,P,D3,Tidak,1,1300000,Studio Harum Sentosa,Kuliner,Katering rumahan,1.7,5,5050000,Tidak,Rujukan kelurahan,2025-02-05,73,64,78.0,5.0
PLT-2025-1423,Wahyu Saputra,99990501858213,080006165532,wahyu.saputra@contoh.example,Jl. Flamboyan No. 91 RT 14/RW 10,Baktijaya,Sukmajaya,Depok,1985-01-05,L,SMA/SMK,Tidak,3,1050000,Toko Bahagia Sentosa,Fesyen,Hijab dan busana,10.7,2,4400000,Tidak,Formulir daring,2025-04-04,78,55,63.0,4.4
PLT-2025-1547,Joko Rahayu,99991904851979,080003755382,joko.rahayu@contoh.example,Jl. Kenanga No. 80 RT 12/RW 09,Beji,Beji,Depok,1985-04-19,L,SMA/SMK,Tidak,3,3200000,CV Sejahtera Makmur,Fesyen,Sepatu kanvas,6.5,3,17100000,Tidak,Formulir daring,2025-02-21,99,57,74.0,3.9
PLT-2025-1386,Maya Rahayu,99990401781323,080006959772,maya.rahayu@contoh.example,Jl. Cempaka No. 126 RT 02/RW 10,Gandul,Cinere,Depok,1978-01-04,P,SMA/SMK,Tidak,2,500000,CV Harum Abadi,Fesyen,Tas rajut,6.3,1,4850000,Tidak,Datang langsung,2025-04-04,98,53,77.0,3.1
PLT-2025-1389,Rudi Nugroho,99990408803611,080004451906,rudi.nugroho@contoh.example,Jl. Flamboyan No. 61 RT 05/RW 11,Limo,Limo,Depok,1980-08-04,L,SMA/SMK,Tidak,2,1650000,Toko Lestari Abadi,Fesyen,Hijab dan busana,5.7,2,16050000,Tidak,Formulir daring,2025-04-07,100,45,54.0,4.3
PLT-2025-1564,Lukman Oktaviani,99990110877373,080002902568,lukman.oktaviani@contoh.example,Jl. Anggrek No. 120 RT 13/RW 06,Mampang,Pancoran Mas,Depok,1987-10-01,L,SMP,Tidak,1,600000,UD Bahagia Makmur,Kriya,Lilin aroma,3.9,1,4150000,Ya,Datang langsung,2025-05-21,84,52,,4.1
PLT-2025-1578,Wulan Puspita,99991705854571,080009627517,wulan.puspita@contoh.example,Jl. Anggrek No. 67 RT 11/RW 04,Cisalak Pasar,Cimanggis,Depok,1985-05-17,P,S1,Tidak,0,700000,Studio Amanah Makmur,Kuliner,Kedai kopi,2.4,0,3200000,Ya,WhatsApp,2025-03-04,66,78,90.0,4.9
PLT-2025-1421,Kurnia Maulana,99992007935476,080004030523,kurnia.maulana@contoh.example,Jl. Melati No. 71 RT 08/RW 04,Tirtajaya,Sukmajaya,Depok,1993-07-20,L,S2,Ya,1,500000,Studio Bahagia Abadi,Kriya,Sabun artisan,2.5,0,1850000,Ya,Formulir daring,2025-03-23,77,66,74.0,4.5
PLT-2025-1348,Juwita Maulana,99991211939327,080003809257,juwita.maulana@contoh.example,Jl. Flamboyan No. 48 RT 08/RW 08,Sawangan Baru,Sawangan,Depok,1993-11-12,P,SMA/SMK,Tidak,0,1300000,UD Bahagia Abadi,Kuliner,Roti dan kue,9.9,4,7200000,Ya,Formulir daring,2025-05-29,80,73,93.0,4.4
PLT-2025-1352,Wulan Nuraini,99991309638635,080006129980,wulan.nuraini@contoh.example,Jl. Bougenville No. 69 RT 03/RW 06,Gandul,Cinere,Depok,1963-09-13,P,SMA/SMK,Tidak,1,1950000,CV Lestari Makmur,Kriya,Sabun artisan,1.5,4,11100000,Tidak,Formulir daring,2025-03-23,88,46,58.0,4.6
PLT-2025-1169,Nanda Anggraini,99990704816566,080007343894,nanda.anggraini@contoh.example,Jl. Melati No. 7 RT 12/RW 09,Mekarsari,Cimanggis,Depok,1981-04-07,L,D3,Tidak,3,500000,CV Harum Sentosa,Kuliner,Keripik kemasan,2.0,1,1000000,Ya,Rujukan kelurahan,2025-03-31,77,68,89.0,3.7
PLT-2025-1096,Ayu Nuraini,99990109865758,080007265602,ayu.nuraini@contoh.example,Jl. Melati No. 110 RT 03/RW 11,Pondok Cina,Beji,Depok,1986-09-01,P,SMA/SMK,Tidak,2,1450000,UD Berkah Abadi,Fesyen,Tas rajut,9.4,4,10700000,Tidak,WhatsApp,2025-05-20,75,65,70.0,4.9
PLT-2025-1165,Wahyu Ramadhan,99990911978874,080007310336,wahyu.ramadhan@contoh.example,Jl. Kenanga No. 77 RT 02/RW 06,Limo,Limo,Depok,1997-11-09,L,SMA/SMK,Tidak,2,1500000,Dapur Sejahtera Jaya,Fesyen,Konveksi kaos,9.4,1,5950000,Ya,Formulir daring,2025-02-12,68,83,95.0,4.3
PLT-2025-1369,Joko Pratama,99991006022400,080007239855,joko.pratama@contoh.example,Jl. Anggrek No. 75 RT 11/RW 09,Bojong Pondok Terong,Cipayung,Depok,2002-06-10,L,S1,Tidak,3,1100000,Griya Sejahtera Jaya,Kriya,Anyaman bambu,3.1,0,3400000,Tidak,Formulir daring,2025-05-31,100,50,73.0,5.0
PLT-2025-1239,Sari Firdaus,99991812919747,080002442204,sari.firdaus@contoh.example,Jl. Flamboyan No. 94 RT 04/RW 05,Bojong Pondok Terong,Cipayung,Depok,1991-12-18,P,D3,Tidak,1,600000,Toko Amanah Sentosa,Kriya,Lilin aroma,6.6,0,3800000,Tidak,Rujukan kelurahan,2025-03-20,99,64,75.0,4.9
PLT-2025-1033,Prasetyo Setiawan,99990108063119,080004386861,prasetyo.setiawan@contoh.example,Jl. Anggrek No. 25 RT 05/RW 07,Rangkapan Jaya,Pancoran Mas,Depok,2006-08-01,L,D3,Tidak,0,1500000,Studio Sejahtera Makmur,Pertanian,Bibit tanaman hias,5.3,1,4600000,Ya,Rujukan kelurahan,2025-05-01,82,62,,3.8
PLT-2025-1453,Cahyo Santoso,99991206895319,080004162979,cahyo.santoso@contoh.example,Jl. Melati No. 9 RT 05/RW 02,Tanah Baru,Beji,Depok,1989-06-12,L,SMP,Tidak,3,800000,Griya Lestari Sentosa,Kuliner,Kedai kopi,1.7,0,5550000,Tidak,WhatsApp,2025-04-09,92,36,48.0,3.9
PLT-2025-1268,Rudi Rahayu,99992507989519,080002349443,rudi.rahayu@contoh.example,Jl. Kenanga No. 76 RT 08/RW 11,Bojong Pondok Terong,Cipayung,Depok,1998-07-25,L,SMA/SMK,Tidak,2,6550000,CV Bahagia Sentosa,Fesyen,Sepatu kanvas,3.8,2,19850000,Ya,WhatsApp,2025-02-25,97,25,37.0,2.8
PLT-2025-1499,Lestari Safitri,99991608836897,080009616394,lestari.safitri@contoh.example,Jl. Anggrek No. 32 RT 13/RW 11,Bojongsari Baru,Bojongsari,Depok,1983-08-16,P,SMA/SMK,Tidak,1,2850000,Dapur Harum Abadi,Jasa Digital,Fotografi produk,11.5,5,12150000,Ya,WhatsApp,2025-04-07,79,57,74.0,4.0
PLT-2025-1387,Wulan Saputra,99991608943825,080009168583,wulan.saputra@contoh.example,Jl. Melati No. 53 RT 03/RW 07,Tanah Baru,Beji,Depok,1994-08-16,P,S1,Tidak,2,2450000,Dapur Cahaya Abadi,Fesyen,Sepatu kanvas,2.8,2,11850000,Tidak,Rujukan kelurahan,2025-05-27,98,78,91.0,3.8
PLT-2025-1271,Oktavia Kusuma,99992003941833,080001920138,oktavia.kusuma@contoh.example,Jl. Anggrek No. 139 RT 10/RW 05,Beji,Beji,Depok,1994-03-20,P,SMA/SMK,Tidak,2,2550000,CV Sejahtera Abadi,Kuliner,Kedai kopi,3.0,1,11050000,Tidak,WhatsApp,2025-03-09,95,49,61.0,3.7
PLT-2025-1250,Usman Safitri,99992503834128,080007646776,usman.safitri@contoh.example,Jl. Melati No. 135 RT 03/RW 04,Pangkalan Jati,Cinere,Depok,1983-03-25,L,S1,Tidak,2,1050000,UD Lestari Sentosa,Kuliner,Roti dan kue,1.4,2,4800000,Tidak,Rujukan kelurahan,2025-04-27,95,59,76.0,4.2
PLT-2025-1619,Citra Oktaviani,99990506926607,080009829194,citra.oktaviani@contoh.example,Jl. Flamboyan No. 22 RT 08/RW 03,Serua,Bojongsari,Depok,1992-06-05,P,D3,Tidak,3,850000,Studio Lestari Abadi,Kuliner,Katering rumahan,4.6,1,3650000,Tidak,Datang langsung,2025-03-09,85,59,74.0,4.1
PLT-2025-1412,Kartika Wulandari,99991502796739,080004836553,kartika.wulandari@contoh.example,Jl. Bougenville No. 100 RT 12/RW 11,Beji,Beji,Depok,1979-02-15,P,SMA/SMK,Ya,1,5100000,UD Amanah Makmur,Pertanian,Bibit tanaman hias,4.0,1,15800000,Tidak,Datang langsung,2025-02-05,84,44,56.0,4.8
PLT-2025-1146,Slamet Kusuma,99990412764378,080001789187,slamet.kusuma@contoh.example,Jl. Anggrek No. 3 RT 11/RW 09,Tanah Baru,Beji,Depok,1976-12-04,L,S1,Tidak,2,2350000,UD Lestari Sentosa,Kuliner,Kedai kopi,0.3,2,9000000,Ya,WhatsApp,2025-03-29,95,81,100.0,4.1
PLT-2025-1217,Putri Permana,99992503706294,080001773586,putri.permana@contoh.example,Jl. Cempaka No. 139 RT 14/RW 08,Cisalak Pasar,Cimanggis,Depok,1970-03-25,P,SMA/SMK,Tidak,1,500000,Dapur Harum Sentosa,Kriya,Sabun artisan,1.1,1,4250000,Ya,Datang langsung,2025-05-14,81,56,61.0,3.2
PLT-2025-1366,Hesti Firdaus,99992308847177,080006768106,hesti.firdaus@contoh.example,Jl. Bougenville No. 121 RT 14/RW 08,Bojong Pondok Terong,Cipayung,Depok,1984-08-23,P,SMA/SMK,Tidak,3,2800000,CV Bahagia Abadi,Kuliner,Keripik kemasan,3.4,2,17400000,Ya,WhatsApp,2025-04-07,86,46,62.0,4.4
PLT-2025-1049,Dedi Maulana,99990906685165,080008740224,dedi.maulana@contoh.example,Jl. Bougenville No. 109 RT 12/RW 01,Depok Jaya,Pancoran Mas,Depok,1968-06-09,L,D3,Tidak,3,850000,Griya Harum Makmur,Kuliner,Keripik kemasan,3.4,3,4000000,Ya,Formulir daring,2025-02-06,68,50,62.0,5.0
PLT-2025-1039,Yusuf Saputra,99990503955421,080003377919,yusuf.saputra@contoh.example,Jl. Bougenville No. 136 RT 02/RW 10,Kemiri Muka,Beji,Depok,1995-03-05,L,SMA/SMK,Tidak,1,4650000,Studio Mandiri Abadi,Kriya,Sabun artisan,5.2,3,17550000,Ya,WhatsApp,2025-05-06,83,48,,3.2
PLT-2025-1272,Taufik Nugroho,99991112824006,080004390888,taufik.nugroho@contoh.example,Jl. Flamboyan No. 117 RT 11/RW 07,Serua,BOJONGSARI,Depok,1982-12-11,L,SMP,Tidak,3,1800000,Toko Cahaya Jaya,Jasa Digital,Desain grafis,1.9,2,5600000,Tidak,Formulir daring,2025-02-25,91,63,80.0,4.9
PLT-2025-1207,Dewi Safitri,99990501874130,080001913268,dewi.safitri@contoh.example,Jl. Flamboyan No. 70 RT 03/RW 06,Bojongsari Baru,Bojongsari,Depok,1987-01-05,P,D3,Tidak,0,1350000,CV Cahaya Jaya,Fesyen,Konveksi kaos,6.4,2,11900000,Tidak,WhatsApp,2025-02-08,99,75,85.0,3.3
PLT-2025-1528,Yanti Wulandari,99990304854062,080006466065,yanti.wulandari@contoh.example,Jl. Melati No. 53 RT 07/RW 06,Bojong Pondok Terong,Cipayung,Depok,1985-04-03,P,S1,Tidak,2,2150000,UD Cahaya Jaya,Pertanian,Olahan jamur,1.7,1,6700000,Ya,Formulir daring,2025-03-10,60,50,58.0,2.9
PLT-2025-1431,Kartika Oktaviani,99992210956033,080001528910,kartika.oktaviani@contoh.example,Jl. Bougenville No. 83 RT 14/RW 01,Pondok Cina,Beji,Depok,1995-10-22,P,S2,Tidak,2,1050000,Studio Amanah Makmur,Kuliner,Keripik kemasan,3.2,5,3450000,Ya,Formulir daring,2025-02-05,77,67,77.0,4.4
PLT-2025-1494,Usman Puspita,99990812053774,080001748294,usman.puspita@contoh.example,Jl. Cempaka No. 104 RT 05/RW 05,Mekarjaya,Sukmajaya,Depok,2005-12-08,L,S1,Tidak,1,650000,Dapur Sejahtera Makmur,Fesyen,Konveksi kaos,0.3,1,4050000,Ya,Datang langsung,2025-03-25,82,75,88.0,3.8
PLT-2025-1354,Gunawan Safitri,99991203696830,080002841794,gunawan.safitri@contoh.example,Jl. Kenanga No. 107 RT 02/RW 10,Abadijaya,Sukmajaya,Depok,1969-03-12,L,SMA/SMK,Tidak,2,500000,UD Lestari Sentosa,Fesyen,Hijab dan busana,2.5,4,1500000,Tidak,Rujukan kelurahan,2025-04-22,88,62,72.0,4.3
PLT-2025-1026,Juwita Nugroho,99991006798057,080005063976,juwita.nugroho@contoh.example,Jl. Flamboyan No. 120 RT 11/RW 11,Sukatani,Tapos,Depok,1979-06-10,P,D3,Tidak,4,5250000,Dapur Lestari Makmur,Kuliner,Roti dan kue,12.6,9,16300000,Tidak,Datang langsung,2025-05-23,100,45,62.0,4.3
PLT-2025-1093,Mulyadi Puspita,99990209683298,080006409749,mulyadi.puspita@contoh.example,Jl. Cempaka No. 34 RT 05/RW 07,Mekarsari,Cimanggis,Depok,1968-09-02,L,SMA/SMK,Tidak,1,2300000,CV Lestari Abadi,Kriya,Sabun artisan,2.1,0,12500000,Tidak,Rujukan kelurahan,2025-03-26,100,64,89.0,4.5
PLT-2025-1395,Nanda Setiawan,99991502713423,080007235745,nanda.setiawan@contoh.example,Jl. Flamboyan No. 104 RT 06/RW 03,Mekarsari,Cimanggis,Depok,1971-02-15,L,S1,Tidak,1,1800000,Griya Lestari Jaya,Jasa Digital,Servis gawai,5.0,1,12050000,Tidak,Datang langsung,2025-05-22,100,64,77.0,4.3
PLT-2025-1605,Tuti Santoso,99990301884981,080009300645,tuti.santoso@contoh.example,Jl. Cempaka No. 24 RT 06/RW 04,Curug,Cimanggis,Depok,1988-01-03,P,SMA/SMK,Tidak,4,1100000,CV Harum Jaya,Fesyen,Konveksi kaos,12.8,3,6250000,Tidak,WhatsApp,2025-05-28,84,42,49.0,3.7
PLT-2025-1004,Kurnia Wijaya,99991006868929,080005218050,kurnia.wijaya@contoh.example,Jl. Bougenville No. 10 RT 04/RW 06,Baktijaya,Sukmajaya,Depok,1986-06-10,L,SMA/SMK,Tidak,3,3100000,Dapur Bahagia Abadi,Kriya,Sabun artisan,10.7,2,14700000,Tidak,WhatsApp,2025-04-05,94,70,94.0,5.0
PLT-2025-1361,Juwita Setiawan,99991109786078,080009519069,juwita.setiawan@contoh.example,Jl. Bougenville No. 107 RT 13/RW 04,Cilangkap,Tapos,Depok,1978-09-11,P,S1,Tidak,0,950000,UD Sejahtera Makmur,Kriya,Lilin aroma,4.3,3,4750000,Ya,Formulir daring,2025-05-23,100,53,69.0,3.6
PLT-2025-1137,Maya Puspita,99990602899340,080007109358,maya.puspita@contoh.example,Jl. Flamboyan No. 19 RT 10/RW 08,Gandul,Cinere,Depok,1989-02-06,P,SMA/SMK,Tidak,2,10000000,Griya Bahagia Jaya,Kuliner,Kedai kopi,1.6,2,34600000,Ya,WhatsApp,2025-05-20,78,63,75.0,3.7
PLT-2025-1427,Oktavia Handayani,99991207823879,080009195404,oktavia.handayani@contoh.example,Jl. Melati No. 96 RT 13/RW 10,Gandul,Cinere,Depok,1982-07-12,P,SMP,Tidak,1,3600000,Toko Amanah Makmur,Kuliner,Kedai kopi,8.3,4,12550000,Tidak,Datang langsung,2025-03-09,76,35,44.0,4.4
PLT-2025-1502,Irfan Oktaviani,99990111912748,080003642808,irfan.oktaviani@contoh.example,Jl. Cempaka No. 4 RT 02/RW 02,Rangkapan Jaya,Pancoran Mas,Depok,1991-11-01,L,SMA/SMK,Tidak,3,4600000,CV Amanah Sentosa,Kuliner,Keripik kemasan,1.5,3,14000000,Tidak,Formulir daring,2025-04-08,87,50,54.0,4.2
PLT-2025-1413,Putri Handayani,99990512759730,080009323200,putri.handayani@contoh.example,Jl. Kenanga No. 61 RT 01/RW 02,Tanah Baru,Beji,Depok,1975-12-05,P,S1,Ya,0,1350000,UD Bahagia Jaya,Kuliner,Keripik kemasan,1.5,0,10750000,Tidak,WhatsApp,2025-04-01,91,47,,4.0
PLT-2025-1150,Gita Saputra,99991711806464,,gita.saputra@contoh.example,Jl. Bougenville No. 78 RT 10/RW 06,Depok Jaya,Pancoran Mas,Depok,1980-11-17,P,S1,Tidak,0,900000,CV Bahagia Makmur,Kriya,Lilin aroma,0.5,3,3550000,Ya,Datang langsung,2025-02-16,100,82,89.0,3.0
PLT-2025-1277,Nanda Wulandari,99991503897646,080002776730,nanda.wulandari@contoh.example,Jl. Anggrek No. 68 RT 06/RW 09,Depok Jaya,Pancoran Mas,Depok,1989-03-15,L,D3,Tidak,1,1350000,Griya Cahaya Jaya,Fesyen,Hijab dan busana,0.6,0,4950000,Tidak,Rujukan kelurahan,2025-03-30,80,60,79.0,4.6
PLT-2025-1095,Tuti Ramadhan,99992701861104,080004402425,tuti.ramadhan@contoh.example,Jl. Kenanga No. 116 RT 04/RW 05,Harjamukti,Cimanggis,Depok,1986-01-27,P,SMA/SMK,Tidak,2,950000,CV Sejahtera Makmur,Kuliner,Kedai kopi,1.0,3,2950000,Tidak,Formulir daring,2025-03-14,80,50,50.0,4.5
PLT-2025-1316,Oktavia Puspita,99993101749009,080004351560,oktavia.puspita@contoh.example,Jl. Bougenville No. 107 RT 04/RW 01,Rangkapan Jaya,Pancoran Mas,Depok,1974-01-31,P,D3,Tidak,1,1200000,Dapur Bahagia Sentosa,Pertanian,Olahan jamur,1.6,3,11400000,Tidak,Formulir daring,2025-05-08,87,43,56.0,3.3
PLT-2025-1155,Slamet Handayani,99991410788403,080004182723,slamet.handayani@contoh.example,Jl. Anggrek No. 114 RT 11/RW 01,Cinere,Cinere,Depok,1978-10-14,L,SMA/SMK,Tidak,0,1150000,CV Lestari Sentosa,Pertanian,Hidroponik sayur,6.9,1,5550000,Tidak,Datang langsung,2025-05-25,77,69,,4.0
PLT-2025-1590,Wulan Nuraini,99991011978653,080005380776,wulan.nuraini@contoh.example,Jl. Flamboyan No. 118 RT 11/RW 02,Mekarsari,Cimanggis,Depok,1997-11-10,P,SMA/SMK,Tidak,2,1600000,Toko Amanah Makmur,Kriya,Lilin aroma,1.5,3,4950000,Ya,WhatsApp,2025-02-28,80,59,65.0,3.8
PLT-2025-1061,Kartika Firdaus,99992209808579,080008259087,kartika.firdaus@contoh.example,Jl. Anggrek No. 65 RT 06/RW 02,Serua,Bojongsari,Depok,1980-09-22,P,SMA/SMK,Tidak,0,1650000,Toko Bahagia Sentosa,Jasa Digital,Servis gawai,5.5,0,5250000,Ya,Formulir daring,2025-05-14,98,42,55.0,3.6
PLT-2025-1092,Yanti Permana,99991305971425,080003253020,yanti.permana@contoh.example,Jl. Kenanga No. 132 RT 06/RW 05,Abadijaya,Sukmajaya,Depok,1997-05-13,P,SMP,Tidak,1,2600000,Toko Lestari Makmur,Pertanian,Olahan jamur,2.0,2,14150000,Tidak,WhatsApp,2025-03-04,100,60,74.0,4.4
PLT-2025-1128,Kurnia Kusuma,99992602888231,080001069400,kurnia.kusuma@contoh.example,Jl. Kenanga No. 25 RT 01/RW 07,Abadijaya,Sukmajaya,Depok,1988-02-26,L,SMA/SMK,Tidak,2,3000000,Toko Sejahtera Sentosa,Pertanian,Bibit tanaman hias,2.1,0,14050000,Tidak,Formulir daring,2025-02-14,85,53,59.0,4.2
PLT-2025-1458,Lestari Safitri,99990109817163,080002682118,lestari.safitri@contoh.example,Jl. Kenanga No. 23 RT 11/RW 02,Meruyung,Limo,Depok,1981-09-01,P,SMA/SMK,Tidak,0,800000,Griya Amanah Makmur,Kriya,Sabun artisan,5.3,2,4750000,Ya,Formulir daring,2025-04-06,85,64,67.0,3.8
PLT-2025-1325,Yanti Permana,99991103686676,080002816072,yanti.permana@contoh.example,Jl. Cempaka No. 26 RT 06/RW 10,Pangkalan Jati,Cinere,Depok,1968-03-11,P,S2,Tidak,2,2350000,UD Sejahtera Sentosa,Fesyen,Sepatu kanvas,4.3,2,8300000,Ya,WhatsApp,2025-02-14,88,51,60.0,4.5
PLT-2025-1294,Bunga Hidayat,99993008887392,080003704042,bunga.hidayat@contoh.example,Jl. Flamboyan No. 39 RT 05/RW 08,Cisalak Pasar,Cimanggis,Depok,1988-08-30,P,SMA/SMK,Tidak,3,1300000,Griya Amanah Makmur,Kuliner,Keripik kemasan,5.5,1,10450000,Tidak,Formulir daring,2025-02-19,98,72,92.0,4.8
PLT-2025-1285,Bambang Rahayu,99991601061016,080009792328,bambang.rahayu@contoh.example,Jl. Bougenville No. 121 RT 14/RW 02,Kemiri Muka,Beji,Depok,2006-01-16,L,SMA/SMK,Tidak,3,1450000,UD Amanah Makmur,Kriya,Sabun artisan,5.4,1,5000000,Tidak,Formulir daring,2025-03-05,70,66,79.0,3.5
PLT-2025-1201,Hari Oktaviani,99990101904637,080005021898,hari.oktaviani@contoh.example,Jl. Melati No. 43 RT 05/RW 11,Bojongsari Baru,Bojongsari,Depok,1990-01-01,L,SMA/SMK,Tidak,3,900000,UD Amanah Makmur,Jasa Digital,Fotografi produk,6.1,3,5900000,Ya,Formulir daring,2025-03-26,93,75,81.0,3.8
PLT-2025-1171,Rudi Nuraini,99991101666289,080006069961,rudi.nuraini@contoh.example,Jl. Bougenville No. 59 RT 01/RW 08,Cinere,Cinere,Depok,1966-01-11,L,S1,Tidak,3,500000,Studio Cahaya Abadi,Jasa Digital,Servis gawai,2.6,1,3000000,Ya,WhatsApp,2025-02-28,82,58,66.0,3.8
PLT-2025-1356,Cahyo Ramadhan,99990408943234,080005850406,cahyo.ramadhan@contoh.example,Jl. Cempaka No. 28 RT 12/RW 11,Bojong Pondok Terong,Cipayung,Depok,1994-08-04,L,SMA/SMK,Tidak,2,750000,Dapur Cahaya Jaya,Kuliner,Keripik kemasan,6.3,3,4900000,Tidak,WhatsApp,2025-02-14,80,26,32.0,4.1
PLT-2025-1274,Maya Nuraini,99990807942918,080008001424,maya.nuraini@contoh.example,Jl. Bougenville No. 98 RT 06/RW 09,Pangkalan Jati,Cinere,Depok,1994-07-08,P,SMP,Tidak,0,2100000,Toko Bahagia Abadi,Kuliner,Roti dan kue,1.1,0,6300000,Tidak,Formulir daring,2025-03-28,77,54,69.0,3.6
PLT-2025-1346,Sari Nugroho,99993103045133,080003972936,sari.nugroho@contoh.example,Jl. Anggrek No. 90 RT 05/RW 11,Mampang,Pancoran Mas,Depok,2004-03-31,P,S1,Tidak,1,3500000,Toko Bahagia Abadi,Kriya,Anyaman bambu,7.1,4,17950000,Tidak,Rujukan kelurahan,2025-04-30,87,56,74.0,3.9
PLT-2025-1533,Bunga Oktaviani,99991501002653,080008855967,bunga.oktaviani@contoh.example,Jl. Anggrek No. 18 RT 05/RW 02,Harjamukti,Cimanggis,Depok,2000-01-15,P,SMA/SMK,Tidak,1,650000,Dapur Lestari Jaya,Kuliner,Katering rumahan,2.3,1,3700000,Tidak,Formulir daring,2025-05-11,79,54,70.0,5.0
PLT-2025-1158,Umi Kusuma,99992209004834,080003896671,umi.kusuma@contoh.example,Jl. Kenanga No. 120 RT 14/RW 05,Tirtajaya,SUKMAJAYA,Depok,2000-09-22,P,SMA/SMK,Tidak,1,2750000,UD Bahagia Abadi,Kuliner,Kedai kopi,5.8,3,9100000,Tidak,Rujukan kelurahan,2025-05-14,100,51,69.0,4.7
PLT-2025-1563,Bunga Maulana,99991504028166,080007553867,bunga.maulana@contoh.example,Jl. Flamboyan No. 18 RT 11/RW 11,Pondok Cina,Beji,Depok,2002-04-15,P,SMA/SMK,Tidak,0,1050000,Toko Sejahtera Jaya,Fesyen,Tas rajut,5.5,3,6450000,Tidak,Formulir daring,2025-02-09,66,53,61.0,4.1
PLT-2025-1230,Hesti Setiawan,99992010033662,080002130039,hesti.setiawan@contoh.example,Jl. Kenanga No. 24 RT 09/RW 08,Meruyung,Limo,Depok,2003-10-20,P,SMA/SMK,Tidak,2,1900000,UD Amanah Abadi,Fesyen,Konveksi kaos,5.0,2,12450000,Tidak,Rujukan kelurahan,2025-02-20,100,55,62.0,3.0
PLT-2025-1179,Ratna Wijaya,99992906039575,080008036431,ratna.wijaya@contoh.example,Jl. Anggrek No. 20 RT 05/RW 11,Mampang,Pancoran Mas,Depok,2003-06-29,P,SMA/SMK,Tidak,1,3400000,UD Cahaya Makmur,Fesyen,Konveksi kaos,9.8,4,10800000,Tidak,Formulir daring,2025-03-14,91,57,64.0,4.2
PLT-2025-1396,Gunawan Ramadhan,99992302883326,080006667712,gunawan.ramadhan@contoh.example,Jl. Bougenville No. 126 RT 01/RW 01,Cilangkap,Tapos,Depok,1988-02-23,L,D3,Tidak,1,800000,Toko Lestari Jaya,Kriya,Sabun artisan,4.6,0,8200000,Ya,WhatsApp,2025-03-07,93,59,74.0,3.2
PLT-2025-1011,Wulan Anggraini,99991811848217,080008935938,wulan.anggraini@contoh.example,Jl. Kenanga No. 56 RT 08/RW 08,Mekarsari,Cimanggis,Depok,1984-11-18,P,SMA/SMK,Tidak,1,500000,Griya Amanah Sentosa,Kuliner,Keripik kemasan,1.4,3,2300000,Tidak,Rujukan kelurahan,2025-03-28,93,53,61.0,4.3
PLT-2025-1104,Indah Ramadhan,99992303981170,080008945805,indah.ramadhan@contoh.example,Jl. Bougenville No. 38 RT 01/RW 06,Rangkapan Jaya,Pancoran Mas,Depok,1998-03-23,P,D3,Tidak,2,600000,CV Bahagia Sentosa,Kriya,Lilin aroma,1.4,2,3500000,Tidak,Formulir daring,2025-05-15,91,75,89.0,2.7
PLT-2025-1330,Ayu Saputra,99992412777005,080009630870,ayu.saputra@contoh.example,Jl. Cempaka No. 24 RT 11/RW 09,Mampang,Pancoran Mas,Depok,1977-12-24,P,S1,Tidak,0,1450000,Dapur Sejahtera Abadi,Pertanian,Olahan jamur,8.3,5,6300000,Tidak,Formulir daring,2025-02-21,89,75,93.0,4.0
PLT-2025-1454,Adit Santoso,99992104893277,080006260079,adit.santoso@contoh.example,Jl. Kenanga No. 67 RT 09/RW 01,Depok Jaya,Pancoran Mas,Depok,1989-04-21,L,SMA/SMK,Tidak,3,1350000,Griya Harum Makmur,Kriya,Lilin aroma,10.8,0,6500000,Tidak,Formulir daring,2025-05-26,97,47,64.0,4.7
PLT-2025-1291,Gunawan Santoso,99990105874121,080006012172,gunawan.santoso@contoh.example,Jl. Cempaka No. 114 RT 10/RW 01,Pangkalan Jati,Cinere,Depok,1987-05-01,L,S1,Tidak,2,500000,CV Berkah Abadi,Jasa Digital,Fotografi produk,1.9,1,1900000,Tidak,Datang langsung,2025-03-06,64,55,64.0,3.6
PLT-2025-1399,Eko Kusuma,99991307957809,080005209670,eko.kusuma@contoh.example,Jl. Kenanga No. 82 RT 09/RW 09,Beji,Beji,Depok,1995-07-13,L,SMA/SMK,Tidak,2,2100000,CV Mandiri Jaya,Jasa Digital,Desain grafis,11.8,4,17750000,Tidak,Rujukan kelurahan,2025-02-24,74,57,62.0,4.2
PLT-2025-1220,Kurnia Saputra,99991005778729,080008971068,kurnia.saputra@contoh.example,Jl. Cempaka No. 69 RT 14/RW 01,Tanah Baru,Beji,Depok,1977-05-10,L,SMA/SMK,Tidak,4,750000,UD Sejahtera Abadi,Jasa Digital,Fotografi produk,6.7,3,4450000,Tidak,Rujukan kelurahan,2025-03-19,67,31,42.0,3.0
PLT-2025-1487,Sari Pratama,99990604762752,080005900713,sari.pratama@contoh.example,Jl. Cempaka No. 8 RT 13/RW 02,Sawangan Baru,Sawangan,Depok,1976-04-06,P,D3,Tidak,2,2300000,Toko Cahaya Jaya,Kuliner,Warung makan,3.3,1,7050000,Tidak,WhatsApp,2025-05-05,73,82,91.0,3.7
PLT-2025-1293,Ratna Nugroho,99991303981484,080006256494,ratna.nugroho@contoh.example,Jl. Bougenville No. 30 RT 08/RW 04,Limo,LIMO,Depok,1998-03-13,P,S1,Tidak,1,2400000,Studio Sejahtera Makmur,Kuliner,Warung makan,3.0,4,7400000,Tidak,Rujukan kelurahan,2025-02-25,100,65,66.0,3.8
PLT-2025-1057,Endah Puspita,99990902049074,080009864154,endah.puspita@contoh.example,Jl. Bougenville No. 97 RT 08/RW 11,Harjamukti,Cimanggis,Depok,2004-02-09,P,D3,Tidak,1,1250000,UD Berkah Jaya,Kuliner,Keripik kemasan,3.6,0,7200000,Ya,Formulir daring,2025-05-30,76,43,65.0,4.2
PLT-2025-1144,Fitri Saputra,99991401801715,080004444620,fitri.saputra@contoh.example,Jl. Melati No. 62 RT 04/RW 02,Gandul,Cinere,Depok,1980-01-14,P,SMP,Ya,2,1300000,CV Lestari Abadi,Jasa Digital,Servis gawai,2.6,2,4200000,Tidak,Datang langsung,2025-04-21,77,60,68.0,4.9
PLT-2025-1353,Fitri Pratama,99992401778225,080002751607,fitri.pratama@contoh.example,Jl. Anggrek No. 40 RT 06/RW 07,Bojongsari Baru,Bojongsari,Depok,1977-01-24,P,SMA/SMK,Tidak,2,500000,Studio Bahagia Makmur,Kuliner,Katering rumahan,3.4,3,2450000,Tidak,WhatsApp,2025-05-11,90,53,64.0,4.9
PLT-2025-1002,Wulan Setiawan,99990303739906,080001946970,wulan.setiawan@contoh.example,Jl. Bougenville No. 38 RT 01/RW 01,Rangkapan Jaya,PANCORAN MAS,Depok,1973-03-03,P,S1,Tidak,2,1300000,CV Berkah Abadi,Pertanian,Olahan jamur,1.5,2,4700000,Ya,Formulir daring,2025-05-14,65,63,70.0,3.7
PLT-2025-1482,Maya Saputra,99992402012552,080007148562,maya.saputra@contoh.example,Jl. Melati No. 27 RT 09/RW 07,Mekarjaya,Sukmajaya,Depok,2001-02-24,P,D3,Tidak,3,1550000,Dapur Berkah Makmur,Kriya,Anyaman bambu,1.8,1,11500000,Tidak,Formulir daring,2025-03-30,100,63,66.0,4.6
PLT-2025-1183,Nurul Pratama,99990412745523,080001886717,nurul.pratama@contoh.example,Jl. Anggrek No. 95 RT 04/RW 05,Cinere,Cinere,Depok,1974-12-04,P,D3,Tidak,1,1750000,Griya Lestari Makmur,Pertanian,Hidroponik sayur,2.1,1,5450000,Tidak,WhatsApp,2025-04-10,96,75,86.0,5.0
PLT-2025-1174,Gita Pratama,99992604825419,080007550840,gita.pratama@contoh.example,Jl. Melati No. 97 RT 03/RW 08,Baktijaya,Sukmajaya,Depok,1982-04-26,P,SMA/SMK,Tidak,1,3300000,Griya Cahaya Jaya,Fesyen,Sepatu kanvas,3.7,1,10750000,Tidak,Formulir daring,2025-04-23,83,45,53.0,4.0
PLT-2025-1054,Gunawan Saputra,99990307841035,080001695577,gunawan.saputra@contoh.example,Jl. Kenanga No. 98 RT 09/RW 01,Mekarjaya,Sukmajaya,Depok,1984-07-03,L,D3,Tidak,3,650000,Griya Sejahtera Abadi,Kuliner,Kedai kopi,2.9,0,5800000,Tidak,Formulir daring,2025-03-30,87,67,69.0,4.4
PLT-2025-1229,Umi Saputra,99991612874873,080009663988,umi.saputra@contoh.example,Jl. Bougenville No. 136 RT 12/RW 07,Serua,Bojongsari,Depok,1987-12-16,P,SMA/SMK,Tidak,1,500000,Toko Harum Makmur,Kuliner,Kedai kopi,1.2,0,2150000,Ya,Rujukan kelurahan,2025-04-08,69,51,,3.6
PLT-2025-1056,Kurnia Kusuma,99990712969702,080005788000,kurnia.kusuma@contoh.example,Jl. Melati No. 122 RT 08/RW 03,Bojong Pondok Terong,Cipayung,Depok,1996-12-07,L,SMP,Tidak,1,2500000,Griya Harum Jaya,Kuliner,Roti dan kue,2.5,3,7550000,Ya,Formulir daring,2025-02-15,89,61,65.0,4.4
PLT-2025-1559,Putri Maulana,99991507646330,080001194223,putri.maulana@contoh.example,Jl. Cempaka No. 6 RT 04/RW 01,Beji,Beji,Depok,1964-07-15,P,SMP,Tidak,2,3750000,CV Amanah Makmur,Kuliner,Keripik kemasan,2.4,1,15350000,Tidak,Datang langsung,2025-04-24,82,43,53.0,4.2
PLT-2025-1070,Gunawan Puspita,99991202807554,080002395680,gunawan.puspita@contoh.example,Jl. Cempaka No. 44 RT 04/RW 02,Beji,Beji,Depok,1980-02-12,L,S1,Tidak,1,1100000,Studio Cahaya Abadi,Kuliner,Katering rumahan,4.6,4,3400000,Ya,Formulir daring,2025-03-28,94,68,76.0,4.4
PLT-2025-1221,Fajar Santoso,99991011891260,080001878110,fajar.santoso@contoh.example,Jl. Flamboyan No. 94 RT 12/RW 04,Cilangkap,Tapos,Depok,1989-11-10,L,SMA/SMK,Tidak,3,1250000,UD Berkah Makmur,Kuliner,Keripik kemasan,3.6,3,6550000,Tidak,WhatsApp,2025-04-20,100,63,80.0,5.0
PLT-2025-1358,Kurnia Anggraini,99991703926415,080009506552,kurnia.anggraini@contoh.example,Jl. Bougenville No. 112 RT 11/RW 11,Bojong Pondok Terong,Cipayung,Depok,1992-03-17,L,SMP,Tidak,0,2150000,Toko Mandiri Abadi,Fesyen,Sepatu kanvas,0.3,1,7000000,Tidak,Rujukan kelurahan,2025-02-10,88,55,62.0,3.2
PLT-2025-1243,Cahyo Setiawan,99991007871561,080002643315,cahyo.setiawan@contoh.example,Jl. Kenanga No. 41 RT 02/RW 06,Bojong Pondok Terong,Cipayung,Depok,1987-07-10,L,S1,Tidak,1,650000,UD Amanah Sentosa,Kriya,Anyaman bambu,2.1,4,2500000,Tidak,Formulir daring,2025-02-14,89,77,95.0,2.1
PLT-2025-1180,Maya Puspita,99991008938940,080009284178,maya.puspita@contoh.example,Jl. Bougenville No. 129 RT 08/RW 04,Curug,Cimanggis,Depok,1993-08-10,P,SD,Tidak,1,700000,Dapur Lestari Abadi,Kuliner,Warung makan,5.7,3,5900000,Ya,Formulir daring,2025-02-24,92,39,,3.6
PLT-2025-1143,Juwita Setiawan,99990308845522,080001304619,juwita.setiawan@contoh.example,Jl. Kenanga No. 81 RT 03/RW 01,Harjamukti,Cimanggis,Depok,1984-08-03,P,D3,Tidak,3,1750000,UD Berkah Abadi,Kriya,Anyaman bambu,4.7,2,9950000,Tidak,WhatsApp,2025-05-16,91,69,93.0,4.5
PLT-2025-1433,Usman Safitri,99990909854981,080005473285,usman.safitri@contoh.example,Jl. Bougenville No. 82 RT 04/RW 08,Bojong Pondok Terong,Cipayung,Depok,1985-09-09,L,D3,Tidak,2,700000,Toko Lestari Sentosa,Jasa Digital,Desain grafis,5.5,3,2400000,Tidak,Formulir daring,2025-03-03,81,61,75.0,5.0
PLT-2025-1497,Usman Wulandari,99991906814126,080002282234,usman.wulandari@contoh.example,Jl. Flamboyan No. 129 RT 08/RW 07,Tirtajaya,Sukmajaya,Depok,1981-06-19,L,SMP,Tidak,2,1850000,UD Bahagia Sentosa,Fesyen,Konveksi kaos,9.1,4,8650000,Tidak,Formulir daring,2025-04-04,74,57,,4.5
PLT-2025-1123,Ayu Saputra,99990503844581,080009835110,ayu.saputra@contoh.example,Jl. Melati No. 123 RT 08/RW 10,Bojongsari Baru,Bojongsari,Depok,1984-03-05,P,SMA/SMK,Tidak,2,1350000,Toko Harum Abadi,Kuliner,Warung makan,3.7,3,4800000,Tidak,Formulir daring,2025-02-26,81,45,55.0,4.2
PLT-2025-1611,Zahra Saputra,99990101834861,080004572778,zahra.saputra@contoh.example,Jl. Bougenville No. 53 RT 03/RW 11,Harjamukti,Cimanggis,Depok,1983-01-01,P,S1,Tidak,2,1350000,Toko Amanah Abadi,Jasa Digital,Desain grafis,3.1,3,10150000,Tidak,Formulir daring,2025-02-26,75,51,59.0,4.2
PLT-2025-1401,Dedi Safitri,99991309749928,080006823546,dedi.safitri@contoh.example,Jl. Bougenville No. 65 RT 13/RW 06,Baktijaya,Sukmajaya,Depok,1974-09-13,L,S2,Tidak,1,500000,CV Lestari Sentosa,Pertanian,Bibit tanaman hias,5.1,2,3100000,Ya,WhatsApp,2025-02-02,77,60,75.0,3.9
PLT-2025-1153,Vina Hidayat,99991707026592,080008854684,vina.hidayat@contoh.example,Jl. Cempaka No. 90 RT 02/RW 10,Tirtajaya,Sukmajaya,Depok,2002-07-17,P,SMP,Tidak,2,650000,Griya Bahagia Makmur,Fesyen,Konveksi kaos,2.1,0,3300000,Tidak,Formulir daring,2025-03-14,83,31,42.0,4.1
PLT-2025-1594,Agus Pratama,99992704968561,080003277950,agus.pratama@contoh.example,Jl. Cempaka No. 110 RT 06/RW 10,Mampang,Pancoran Mas,Depok,1996-04-27,L,S1,Tidak,2,1350000,Griya Harum Makmur,Kriya,Gerabah hias,12.5,6,11450000,Tidak,WhatsApp,2025-05-23,98,69,81.0,3.7
PLT-2025-1400,Hendra Wulandari,99990410689945,080002702570,hendra.wulandari@contoh.example,Jl. Cempaka No. 10 RT 01/RW 10,Gandul,Cinere,Depok,1968-10-04,L,SMA/SMK,Tidak,2,850000,Griya Sejahtera Sentosa,Pertanian,Olahan jamur,6.1,5,5450000,Tidak,Datang langsung,2025-05-30,97,44,62.0,5.0
PLT-2025-1262,Citra Nuraini,99991803781667,080002407501,citra.nuraini@contoh.example,Jl. Kenanga No. 59 RT 09/RW 07,Mekarjaya,SUKMAJAYA,Depok,1978-03-18,P,SMA/SMK,Tidak,0,650000,CV Harum Abadi,Kuliner,Roti dan kue,5.8,4,3650000,Tidak,Formulir daring,2025-05-07,96,56,75.0,4.6
PLT-2025-1053,Citra Puspita,99990301884697,080008010531,citra.puspita@contoh.example,Jl. Kenanga No. 2 RT 11/RW 06,Rangkapan Jaya,Pancoran Mas,Depok,1988-01-03,P,D3,Tidak,3,950000,CV Bahagia Sentosa,Pertanian,Olahan jamur,3.8,2,4350000,Ya,Formulir daring,2025-03-30,96,53,67.0,3.4
PLT-2025-1247,Tuti Oktaviani,99991412808007,080001729902,tuti.oktaviani@contoh.example,Jl. Melati No. 35 RT 06/RW 01,Meruyung,Limo,Depok,1980-12-14,P,SMA/SMK,Ya,0,1800000,CV Bahagia Abadi,Pertanian,Olahan jamur,4.4,1,11350000,Tidak,WhatsApp,2025-02-02,78,63,64.0,4.8
PLT-2025-1589,Irfan Wulandari,99990301802889,080008480782,irfan.wulandari@contoh.example,Jl. Melati No. 47 RT 09/RW 06,Pangkalan Jati,Cinere,Depok,1980-01-03,L,S1,Tidak,0,500000,Toko Berkah Sentosa,Kuliner,Katering rumahan,4.9,2,1100000,Tidak,Formulir daring,2025-02-07,80,49,59.0,4.5
PLT-2025-1198,Fitri Nuraini,99990206898060,080001918095,fitri.nuraini@contoh.example,Jl. Flamboyan No. 19 RT 08/RW 10,Rangkapan Jaya,Pancoran Mas,Depok,1989-06-02,P,SMA/SMK,Tidak,1,1600000,Dapur Berkah Abadi,Kriya,Anyaman bambu,6.8,3,5800000,Tidak,WhatsApp,2025-05-09,81,44,58.0,3.8
PLT-2025-1311,Oki Anggraini,99992603028234,080006923315,oki.anggraini@contoh.example,Jl. Bougenville No. 105 RT 09/RW 10,Cisalak Pasar,Cimanggis,Depok,2002-03-26,L,SMA/SMK,Tidak,4,1900000,Griya Harum Makmur,Fesyen,Konveksi kaos,1.7,2,15750000,Tidak,Formulir daring,2025-05-03,69,68,83.0,5.0
PLT-2025-1280,Usman Saputra,99990610771268,080008046141,usman.saputra@contoh.example,Jl. Anggrek No. 13 RT 01/RW 07,Bojong Pondok Terong,Cipayung,Depok,1977-10-06,L,SMA/SMK,Tidak,2,700000,Griya Amanah Abadi,Fesyen,Hijab dan busana,4.9,0,5750000,Tidak,WhatsApp,2025-05-15,93,47,59.0,2.4
PLT-2025-1560,Ayu Setiawan,99993008067515,080007541586,ayu.setiawan@contoh.example,Jl. Flamboyan No. 51 RT 06/RW 04,Meruyung,Limo,Depok,2006-08-30,P,SD,Tidak,2,500000,Griya Mandiri Makmur,Jasa Digital,Desain grafis,3.1,0,1500000,Tidak,Formulir daring,2025-03-20,93,63,68.0,5.0
PLT-2025-1480,Irfan Wijaya,99992601864540,080005596926,irfan.wijaya@contoh.example,Jl. Kenanga No. 81 RT 06/RW 10,Depok Jaya,Pancoran Mas,Depok,1986-01-26,L,SMA/SMK,Tidak,1,1500000,Dapur Sejahtera Sentosa,Kriya,Lilin aroma,7.9,1,10350000,Tidak,Formulir daring,2025-03-26,87,66,72.0,4.7
PLT-2025-1044,Gunawan Nuraini,99991607834589,080007799090,gunawan.nuraini@contoh.example,Jl. Bougenville No. 53 RT 09/RW 09,Bojongsari Baru,Bojongsari,Depok,1983-07-16,L,SMP,Tidak,2,550000,Griya Mandiri Abadi,Kuliner,Warung makan,8.6,3,3350000,Ya,Formulir daring,2025-04-26,91,57,70.0,4.2
PLT-2025-1612,Usman Hidayat,99990206809490,080006174581,usman.hidayat@contoh.example,Jl. Bougenville No. 58 RT 09/RW 03,Abadijaya,Sukmajaya,Depok,1980-06-02,L,SMA/SMK,Tidak,2,3300000,CV Mandiri Jaya,Kriya,Lilin aroma,3.1,2,20200000,Ya,Rujukan kelurahan,2025-05-24,100,62,70.0,3.9
PLT-2025-1287,Citra Santoso,99992107954188,080009456863,citra.santoso@contoh.example,Jl. Anggrek No. 76 RT 11/RW 04,Bojong Pondok Terong,Cipayung,Depok,1995-07-21,P,D3,Tidak,3,2550000,Studio Berkah Sentosa,Kriya,Lilin aroma,5.3,1,14700000,Tidak,Rujukan kelurahan,2025-02-14,85,56,72.0,3.1
PLT-2025-1139,Adit Santoso,99990304849832,080003297322,adit.santoso@contoh.example,Jl. Bougenville No. 46 RT 06/RW 02,Beji,Beji,Depok,1984-04-03,L,SMA/SMK,Tidak,2,1650000,Studio Mandiri Abadi,Kuliner,Roti dan kue,2.3,1,15500000,Ya,Datang langsung,2025-04-07,73,31,48.0,4.3
PLT-2025-1541,Dewi Kusuma,99990801869818,080005326291,dewi.kusuma@contoh.example,Jl. Kenanga No. 45 RT 11/RW 02,Depok Jaya,Pancoran Mas,Depok,1986-01-08,P,SMA/SMK,Tidak,3,550000,Griya Berkah Abadi,Kuliner,Katering rumahan,10.9,2,2900000,Ya,Formulir daring,2025-05-03,100,59,81.0,4.8
PLT-2025-1478,Oki Puspita,99992602697904,080005911178,oki.puspita@contoh.example,Jl. Anggrek No. 126 RT 09/RW 05,Abadijaya,Sukmajaya,Depok,1969-02-26,L,SMA/SMK,Tidak,0,3500000,Griya Berkah Makmur,Kuliner,Roti dan kue,5.8,4,17150000,Tidak,WhatsApp,2025-02-15,81,57,73.0,4.2
PLT-2025-1442,Dewi Maulana,99993110767845,080004238666,dewi.maulana@contoh.example,Jl. Anggrek No. 60 RT 03/RW 11,Mekarjaya,Sukmajaya,Depok,1976-10-31,P,S1,Tidak,3,750000,Griya Berkah Sentosa,Kuliner,Roti dan kue,10.1,4,4600000,Tidak,Formulir daring,2025-04-06,75,81,92.0,3.5
PLT-2025-1417,Indah Ramadhan,99991011957712,080003344044,indah.ramadhan@contoh.example,Jl. Melati No. 98 RT 09/RW 09,Meruyung,Limo,Depok,1995-11-10,P,SMP,Tidak,2,4900000,Griya Berkah Makmur,Kriya,Anyaman bambu,5.2,4,16800000,Tidak,Formulir daring,2025-05-07,87,79,87.0,4.0
PLT-2025-1297,Oktavia Setiawan,99992404854047,080005901109,oktavia.setiawan@contoh.example,Jl. Cempaka No. 63 RT 05/RW 07,Harjamukti,Cimanggis,Depok,1985-04-24,P,SMA/SMK,Tidak,0,1300000,Toko Bahagia Sentosa,Kuliner,Roti dan kue,4.1,3,8650000,Tidak,Rujukan kelurahan,2025-03-03,94,45,55.0,4.2
PLT-2025-1420,Mira Wijaya,99990811988201,080009799807,mira.wijaya@contoh.example,Jl. Cempaka No. 53 RT 05/RW 04,Abadijaya,Sukmajaya,Depok,1998-11-08,P,SMA/SMK,Tidak,0,1850000,CV Sejahtera Abadi,Kuliner,Keripik kemasan,14.3,6,5600000,Tidak,Formulir daring,2025-04-08,77,54,73.0,3.7
PLT-2025-1317,Tuti Nugroho,99991909979373,080009884153,tuti.nugroho@contoh.example,Jl. Kenanga No. 36 RT 04/RW 04,Sukatani,TAPOS,Depok,1997-09-19,P,SMA/SMK,Tidak,0,500000,Griya Harum Abadi,Kriya,Lilin aroma,5.4,4,3950000,Tidak,WhatsApp,2025-03-04,90,43,57.0,3.9
PLT-2025-1324,Hari Rahayu,99991701958050,080002788481,hari.rahayu@contoh.example,Jl. Cempaka No. 103 RT 08/RW 08,Cilangkap,Tapos,Depok,1995-01-17,L,SMA/SMK,Tidak,1,2000000,CV Berkah Abadi,Kuliner,Keripik kemasan,6.9,0,7850000,Tidak,Rujukan kelurahan,2025-04-28,99,51,60.0,2.9
PLT-2025-1009,Nurul Saputra,99991111836515,080001976043,nurul.saputra@contoh.example,Jl. Bougenville No. 47 RT 13/RW 05,Bojongsari Baru,Bojongsari,Depok,1983-11-11,P,D3,Tidak,0,3800000,Toko Berkah Makmur,Fesyen,Konveksi kaos,3.0,1,11300000,Tidak,Datang langsung,2025-04-25,68,69,80.0,4.5
PLT-2025-1489,Kartika Rahayu,99992212677805,080001747735,kartika.rahayu@contoh.example,Jl. Anggrek No. 109 RT 10/RW 01,Baktijaya,Sukmajaya,Depok,1967-12-22,P,D3,Tidak,2,2250000,Griya Amanah Makmur,Fesyen,Hijab dan busana,0.4,2,7150000,Tidak,Formulir daring,2025-05-02,100,64,78.0,4.1
PLT-2025-1006,Eko Ramadhan,99991809798678,080009842165,eko.ramadhan@contoh.example,Jl. Flamboyan No. 1 RT 07/RW 09,Mekarjaya,Sukmajaya,Depok,1979-09-18,L,SMP,Tidak,2,2100000,Dapur Harum Sentosa,Kuliner,Warung makan,4.8,5,7700000,Ya,Formulir daring,2025-05-31,98,62,72.0,4.4
PLT-2025-1536,Putri Wijaya,99991505853949,080004891183,putri.wijaya@contoh.example,Jl. Anggrek No. 98 RT 10/RW 06,Beji,Beji,Depok,1985-05-15,P,D3,Tidak,2,950000,CV Bahagia Makmur,Kuliner,Roti dan kue,2.8,2,6100000,Tidak,Rujukan kelurahan,2025-05-03,69,61,70.0,3.8
PLT-2025-1203,Hari Santoso,99992101614769,080008273935,hari.santoso@contoh.example,Jl. Kenanga No. 129 RT 12/RW 07,Limo,Limo,Depok,1961-01-21,L,SMA/SMK,Tidak,2,2050000,Griya Bahagia Makmur,Kriya,Lilin aroma,4.0,4,9350000,Tidak,Rujukan kelurahan,2025-05-12,90,42,53.0,4.2
PLT-2025-1214,Irfan Safitri,99991509668357,080009311294,irfan.safitri@contoh.example,Jl. Anggrek No. 131 RT 04/RW 01,Serua,Bojongsari,Depok,1966-09-15,L,S1,Tidak,2,5950000,CV Amanah Makmur,Kuliner,Katering rumahan,8.2,1,19750000,Tidak,Rujukan kelurahan,2025-02-27,85,76,95.0,3.4
PLT-2025-1320,Putri Kusuma,99991512901370,080005061685,putri.kusuma@contoh.example,Jl. Kenanga No. 9 RT 14/RW 03,Bojongsari Baru,Bojongsari,Depok,1990-12-15,P,SMA/SMK,Tidak,1,1900000,Griya Mandiri Abadi,Kriya,Gerabah hias,11.2,6,7100000,Tidak,WhatsApp,2025-02-25,89,57,61.0,4.1
PLT-2025-1372,Usman Maulana,99992612819676,080007378967,usman.maulana@contoh.example,Jl. Bougenville No. 83 RT 01/RW 11,Pondok Cina,Beji,Depok,1981-12-26,L,S1,Tidak,3,650000,Griya Berkah Makmur,Jasa Digital,Desain grafis,7.4,4,3850000,Ya,Formulir daring,2025-03-27,79,59,63.0,4.1
PLT-2025-1349,Maya Rahayu,99992709856972,080002412400,maya.rahayu@contoh.example,Jl. Bougenville No. 42 RT 06/RW 02,Pondok Cina,Beji,Depok,1985-09-27,P,SMA/SMK,Tidak,0,3500000,Studio Sejahtera Makmur,Kuliner,Warung makan,0.6,3,13850000,Ya,WhatsApp,2025-05-30,95,39,41.0,3.1
PLT-2025-1461,Kartika Kusuma,99991409868171,080001003695,kartika.kusuma@contoh.example,Jl. Cempaka No. 39 RT 03/RW 05,Bojongsari Baru,BOJONGSARI,Depok,1986-09-14,P,SMA/SMK,Tidak,3,500000,Studio Harum Abadi,Kuliner,Kedai kopi,0.7,1,2000000,Tidak,WhatsApp,2025-05-06,93,50,63.0,3.9
PLT-2025-1083,Maya Wulandari,99991311933203,080008712287,maya.wulandari@contoh.example,Jl. Anggrek No. 112 RT 12/RW 04,Sukatani,Tapos,Depok,1993-11-13,P,SMA/SMK,Tidak,2,3000000,Studio Harum Abadi,Fesyen,Sepatu kanvas,4.0,4,12100000,Tidak,Datang langsung,2025-04-26,85,55,67.0,3.5
PLT-2025-1301,Nurul Saputra,99991002828160,080004949208,nurul.saputra@contoh.example,Jl. Cempaka No. 69 RT 13/RW 05,Abadijaya,Sukmajaya,Depok,1982-02-10,P,SMA/SMK,Tidak,2,750000,UD Harum Makmur,Kriya,Lilin aroma,3.6,0,3800000,Ya,WhatsApp,2025-05-16,85,57,77.0,3.8
PLT-2025-1585,Putri Nugroho,99992907787448,080008183269,putri.nugroho@contoh.example,Jl. Melati No. 133 RT 05/RW 01,Cisalak Pasar,CIMANGGIS,Depok,1978-07-29,P,SMP,Tidak,3,2300000,UD Harum Abadi,Kuliner,Warung makan,2.5,2,11600000,Tidak,Formulir daring,2025-05-16,88,64,71.0,4.8
PLT-2025-1373,Oktavia Anggraini,99991809845649,,oktavia.anggraini@contoh.example,Jl. Flamboyan No. 15 RT 05/RW 05,Sukatani,Tapos,Depok,1984-09-18,P,D3,Tidak,2,2600000,Toko Harum Abadi,Kriya,Sabun artisan,10.8,2,13750000,Tidak,Datang langsung,2025-04-12,100,56,74.0,3.7
PLT-2025-1099,Bunga Maulana,99990205903854,080008738877,bunga.maulana@contoh.example,Jl. Kenanga No. 15 RT 10/RW 01,Rangkapan Jaya,Pancoran Mas,Depok,1990-05-02,P,S1,Tidak,1,2550000,CV Amanah Jaya,Kuliner,Roti dan kue,1.7,0,10800000,Ya,WhatsApp,2025-03-18,83,57,74.0,4.8
PLT-2025-1124,Mira Hidayat,99992102814841,080006069332,mira.hidayat@contoh.example,Jl. Kenanga No. 116 RT 13/RW 03,Harjamukti,Cimanggis,Depok,1981-02-21,P,D3,Tidak,2,3100000,Dapur Harum Sentosa,Kuliner,Kedai kopi,1.0,3,10900000,Tidak,WhatsApp,2025-04-18,80,77,,3.5
PLT-2025-1558,Eko Santoso,99992401968502,080005287129,eko.santoso@contoh.example,Jl. Bougenville No. 76 RT 03/RW 02,Mampang,Pancoran Mas,Depok,1996-01-24,L,SMP,Tidak,2,1250000,CV Lestari Jaya,Fesyen,Hijab dan busana,5.8,2,8750000,Tidak,Formulir daring,2025-02-05,90,59,66.0,3.4
PLT-2025-1429,Putri Maulana,99991403964027,080005536898,putri.maulana@contoh.example,Jl. Flamboyan No. 85 RT 03/RW 09,Tirtajaya,Sukmajaya,Depok,1996-03-14,P,D3,Tidak,0,3150000,Griya Bahagia Sentosa,Kriya,Lilin aroma,10.8,2,10350000,Tidak,Formulir daring,2025-02-18,96,62,83.0,3.5
PLT-2025-1087,Taufik Santoso,99991710895167,080002076079,taufik.santoso@contoh.example,Jl. Cempaka No. 13 RT 04/RW 01,Mampang,Pancoran Mas,Depok,1989-10-17,L,SMA/SMK,Tidak,4,1500000,Dapur Sejahtera Jaya,Kuliner,Roti dan kue,7.4,6,11750000,Tidak,Formulir daring,2025-03-19,90,46,63.0,4.6
PLT-2025-1587,Wulan Hidayat,99991505956544,080004872774,wulan.hidayat@contoh.example,Jl. Anggrek No. 86 RT 03/RW 09,Tirtajaya,Sukmajaya,Depok,1995-05-15,P,D3,Tidak,2,9050000,Dapur Lestari Jaya,Kuliner,Kedai kopi,8.1,3,28050000,Tidak,Formulir daring,2025-02-11,97,65,74.0,3.0
PLT-2025-1615,Umi Wijaya,99992803914934,080006258132,umi.wijaya@contoh.example,Jl. Kenanga No. 94 RT 07/RW 10,Sukatani,Tapos,Depok,1991-03-28,P,SMA/SMK,Tidak,0,2100000,Dapur Mandiri Jaya,Kuliner,Kedai kopi,10.8,4,12050000,Tidak,Formulir daring,2025-04-25,85,57,77.0,4.1
PLT-2025-1195,Juwita Nuraini,99991810878322,080004659798,juwita.nuraini@contoh.example,Jl. Cempaka No. 111 RT 05/RW 01,Cisalak Pasar,Cimanggis,Depok,1987-10-18,P,D3,Tidak,1,1300000,Dapur Cahaya Abadi,Kriya,Lilin aroma,4.3,2,5250000,Tidak,Datang langsung,2025-04-21,71,73,86.0,4.6
PLT-2025-1071,Sari Santoso,99990807925095,080002947392,sari.santoso@contoh.example,Jl. Bougenville No. 87 RT 13/RW 09,Mekarsari,Cimanggis,Depok,1992-07-08,P,SMA/SMK,Tidak,1,3100000,Toko Berkah Makmur,Kuliner,Roti dan kue,2.7,3,10900000,Tidak,WhatsApp,2025-04-06,66,62,70.0,4.5
PLT-2025-1472,Sari Oktaviani,99993004852165,080006627567,sari.oktaviani@contoh.example,Jl. Kenanga No. 80 RT 07/RW 02,Depok Jaya,Pancoran Mas,Depok,1985-04-30,P,SMA/SMK,Tidak,0,2850000,Dapur Harum Abadi,Kuliner,Kedai kopi,3.7,0,8750000,Tidak,Datang langsung,2025-03-02,84,54,59.0,4.0
PLT-2025-1219,Indah Rahayu,99990307834435,080008367758,indah.rahayu@contoh.example,Jl. Kenanga No. 118 RT 03/RW 05,Pondok Cina,Beji,Depok,1983-07-03,P,SMA/SMK,Tidak,3,1950000,Griya Harum Abadi,Kriya,Gerabah hias,3.3,2,8650000,Tidak,Datang langsung,2025-02-05,81,51,58.0,3.1
PLT-2025-1130,Lukman Permana,99992805017495,080007596292,lukman.permana@contoh.example,Jl. Anggrek No. 111 RT 14/RW 01,Bojong Pondok Terong,Cipayung,Depok,2001-05-28,L,S1,Tidak,4,1250000,Dapur Sejahtera Sentosa,Kuliner,Roti dan kue,10.9,8,9800000,Tidak,Formulir daring,2025-02-05,60,51,58.0,3.9
PLT-2025-1074,Usman Setiawan,99991310687058,080009218133,usman.setiawan@contoh.example,Jl. Anggrek No. 111 RT 13/RW 05,Beji,Beji,Depok,1968-10-13,L,SMP,Tidak,0,1250000,UD Bahagia Jaya,Fesyen,Tas rajut,5.5,4,7200000,Tidak,Rujukan kelurahan,2025-05-24,79,75,81.0,4.5
PLT-2025-1136,Yusuf Setiawan,99992306771121,080009108963,yusuf.setiawan@contoh.example,Jl. Kenanga No. 105 RT 12/RW 04,Sukatani,Tapos,Depok,1977-06-23,L,S1,Tidak,1,5750000,Toko Berkah Sentosa,Fesyen,Sepatu kanvas,3.9,4,17500000,Tidak,WhatsApp,2025-04-16,100,36,53.0,4.2
PLT-2025-1562,Gita Wijaya,99990612857841,080006368043,gita.wijaya@contoh.example,Jl. Cempaka No. 89 RT 03/RW 03,Gandul,Cinere,Depok,1985-12-06,P,SMA/SMK,Tidak,2,2350000,CV Lestari Makmur,Fesyen,Sepatu kanvas,3.2,2,9950000,Tidak,WhatsApp,2025-03-24,100,90,100.0,3.8
PLT-2025-1526,Bambang Puspita,99991610713676,080005576554,bambang.puspita@contoh.example,Jl. Kenanga No. 81 RT 10/RW 06,Tanah Baru,Beji,Depok,1971-10-16,L,SMA/SMK,Tidak,2,3350000,Griya Bahagia Abadi,Jasa Digital,Desain grafis,1.5,1,30950000,Ya,Formulir daring,2025-02-26,90,63,76.0,4.6
PLT-2025-1016,Ayu Anggraini,99991810794023,080004761215,ayu.anggraini@contoh.example,Jl. Kenanga No. 96 RT 09/RW 01,Sawangan Baru,Sawangan,Depok,1979-10-18,P,S1,Tidak,1,5750000,Toko Cahaya Sentosa,Kriya,Anyaman bambu,8.2,3,24350000,Tidak,Formulir daring,2025-02-24,68,58,69.0,3.1
PLT-2025-1113,Ayu Ramadhan,99991406862163,080002780612,ayu.ramadhan@contoh.example,Jl. Kenanga No. 127 RT 01/RW 01,Cinere,Cinere,Depok,1986-06-14,P,SMA/SMK,Tidak,2,850000,Studio Lestari Abadi,Kuliner,Katering rumahan,1.2,3,6300000,Tidak,WhatsApp,2025-04-08,56,73,83.0,4.1
PLT-2025-1007,Indah Santoso,99990501855139,080006291731,indah.santoso@contoh.example,Jl. Cempaka No. 25 RT 03/RW 05,Limo,Limo,Depok,1985-01-05,P,SD,Tidak,2,1450000,Griya Lestari Sentosa,Kuliner,Roti dan kue,0.9,2,7400000,Ya,WhatsApp,2025-03-23,87,55,70.0,4.1
PLT-2025-1173,Yanti Handayani,99991510801269,080002203770,yanti.handayani@contoh.example,Jl. Cempaka No. 122 RT 02/RW 06,Rangkapan Jaya,Pancoran Mas,Depok,1980-10-15,P,S1,Tidak,1,650000,Studio Cahaya Sentosa,Fesyen,Sepatu kanvas,8.3,1,2950000,Tidak,Rujukan kelurahan,2025-03-20,84,38,48.0,4.2
PLT-2025-1610,Ratna Permana,99990110819461,080003452393,ratna.permana@contoh.example,Jl. Kenanga No. 85 RT 04/RW 03,Gandul,Cinere,Depok,1981-10-01,P,SMA/SMK,Tidak,1,4800000,UD Bahagia Makmur,Kuliner,Roti dan kue,7.4,4,15200000,Ya,Formulir daring,2025-02-07,75,72,84.0,4.8
PLT-2025-1191,Umi Wulandari,99990211762016,080005365188,umi.wulandari@contoh.example,Jl. Bougenville No. 114 RT 14/RW 02,Pondok Cina,Beji,Depok,1976-11-02,P,S2,Tidak,2,1750000,CV Sejahtera Sentosa,Jasa Digital,Fotografi produk,5.0,1,5850000,Tidak,Formulir daring,2025-04-28,97,60,74.0,4.6
PLT-2025-1304,Ratna Permana,99990112858021,080007433140,ratna.permana@contoh.example,Jl. Melati No. 108 RT 11/RW 06,Rangkapan Jaya,Pancoran Mas,Depok,1985-12-01,P,SD,Tidak,2,1450000,Studio Harum Makmur,Fesyen,Sepatu kanvas,3.7,3,6100000,Tidak,WhatsApp,2025-02-18,89,58,76.0,3.1
PLT-2025-1255,Endah Oktaviani,99991905002926,080005233706,endah.oktaviani@contoh.example,Jl. Bougenville No. 128 RT 10/RW 03,Curug,Cimanggis,Depok,2000-05-19,P,S1,Tidak,1,1200000,CV Amanah Sentosa,Kriya,Lilin aroma,10.8,4,4550000,Tidak,Formulir daring,2025-05-12,95,45,56.0,4.1
PLT-2025-1067,Dewi Safitri,99991402837244,080002897165,dewi.safitri@contoh.example,Jl. Kenanga No. 101 RT 10/RW 06,Baktijaya,Sukmajaya,Depok,1983-02-14,P,SMA/SMK,Tidak,0,1500000,UD Lestari Abadi,Kuliner,Katering rumahan,3.6,3,8650000,Ya,Formulir daring,2025-03-11,80,80,84.0,3.7
PLT-2025-1531,Bunga Pratama,99991201806983,080007898651,bunga.pratama@contoh.example,Jl. Kenanga No. 57 RT 03/RW 04,Cinere,Cinere,Depok,1980-01-12,P,D3,Tidak,1,6150000,UD Lestari Makmur,Fesyen,Sepatu kanvas,2.3,2,21800000,Tidak,Formulir daring,2025-04-07,76,76,97.0,5.0
PLT-2025-1462,Bambang Hidayat,99991508678636,080001705035,bambang.hidayat@contoh.example,Jl. Cempaka No. 39 RT 05/RW 06,Sawangan Baru,Sawangan,Depok,1967-08-15,L,SD,Ya,0,1500000,Toko Lestari Sentosa,Pertanian,Bibit tanaman hias,7.4,4,6350000,Tidak,WhatsApp,2025-05-09,63,46,55.0,4.1
PLT-2025-1535,Nurul Saputra,99993010988376,080006551084,nurul.saputra@contoh.example,Jl. Anggrek No. 41 RT 10/RW 09,Sukatani,Tapos,Depok,1998-10-30,P,SMA/SMK,Tidak,3,3050000,Griya Harum Abadi,Kuliner,Warung makan,6.2,5,12050000,Tidak,Datang langsung,2025-02-11,76,44,63.0,3.2
PLT-2025-1282,Indah Ramadhan,99990305902950,080008500790,indah.ramadhan@contoh.example,Jl. Anggrek No. 97 RT 08/RW 10,Pondok Cina,Beji,Depok,1990-05-03,P,SMA/SMK,Tidak,3,950000,Griya Harum Abadi,Kriya,Lilin aroma,0.6,1,5200000,Tidak,Formulir daring,2025-02-11,100,58,86.0,5.0
PLT-2025-1270,Hendra Kusuma,99990204891484,080008311271,hendra.kusuma@contoh.example,Jl. Anggrek No. 130 RT 11/RW 05,Depok Jaya,Pancoran Mas,Depok,1989-04-02,L,S2,Tidak,1,2700000,CV Harum Abadi,Fesyen,Tas rajut,1.1,4,8400000,Tidak,Formulir daring,2025-02-15,84,61,,4.7
PLT-2025-1254,Umi Kusuma,99991812913815,080004104263,umi.kusuma@contoh.example,Jl. Melati No. 125 RT 02/RW 06,Kemiri Muka,Beji,Depok,1991-12-18,P,S1,Tidak,2,1450000,Toko Berkah Abadi,Fesyen,Sepatu kanvas,13.2,2,5250000,Tidak,Rujukan kelurahan,2025-05-05,76,78,91.0,4.6
PLT-2025-1434,Sari Oktaviani,99991806694330,080001346743,sari.oktaviani@contoh.example,Jl. Cempaka No. 66 RT 12/RW 05,Pondok Cina,Beji,Depok,1969-06-18,P,S2,Tidak,0,1000000,Studio Mandiri Abadi,Kuliner,Roti dan kue,2.9,0,3900000,Tidak,Formulir daring,2025-02-23,81,84,99.0,3.8
PLT-2025-1425,Putri Pratama,99991312785262,080003850889,putri.pratama@contoh.example,Jl. Kenanga No. 7 RT 12/RW 05,Tirtajaya,Sukmajaya,Depok,1978-12-13,P,SMA/SMK,Tidak,0,950000,Griya Sejahtera Jaya,Fesyen,Konveksi kaos,10.3,1,7300000,Tidak,WhatsApp,2025-04-14,84,64,83.0,5.0
PLT-2025-1598,Ratna Permana,99991208908380,080005841563,ratna.permana@contoh.example,Jl. Flamboyan No. 47 RT 07/RW 04,Limo,Limo,Depok,1990-08-12,P,SMA/SMK,Tidak,2,900000,Dapur Berkah Jaya,Pertanian,Bibit tanaman hias,4.0,5,3000000,Tidak,Formulir daring,2025-02-13,69,63,84.0,4.4
PLT-2025-1552,Juwita Permana,99990101878271,080002604574,juwita.permana@contoh.example,Jl. Flamboyan No. 93 RT 04/RW 02,Rangkapan Jaya,Pancoran Mas,Depok,1987-01-01,P,D3,Tidak,3,6250000,Studio Berkah Sentosa,Kriya,Anyaman bambu,2.2,2,23300000,Ya,Formulir daring,2025-04-21,84,64,,5.0
PLT-2025-1567,Zainal Pratama,99990511799384,080006451559,zainal.pratama@contoh.example,Jl. Anggrek No. 67 RT 03/RW 06,Serua,Bojongsari,Depok,1979-11-05,L,SD,Tidak,1,950000,CV Bahagia Jaya,Fesyen,Sepatu kanvas,14.2,9,4300000,Tidak,Rujukan kelurahan,2025-05-09,100,58,68.0,5.0
PLT-2025-1474,Eko Santoso,99992210815915,080005125818,eko.santoso@contoh.example,Jl. Anggrek No. 42 RT 06/RW 04,Tirtajaya,SUKMAJAYA,Depok,1981-10-22,L,S1,Tidak,3,850000,Toko Sejahtera Sentosa,Kriya,Sabun artisan,6.5,3,3600000,Ya,Rujukan kelurahan,2025-03-22,87,51,58.0,4.7
PLT-2025-1199,Tuti Pratama,99991004846674,080003340966,tuti.pratama@contoh.example,Jl. Flamboyan No. 50 RT 11/RW 01,Rangkapan Jaya,Pancoran Mas,Depok,1984-04-10,P,D3,Tidak,2,2400000,Toko Amanah Abadi,Kuliner,Katering rumahan,3.9,3,7450000,Tidak,WhatsApp,2025-02-14,95,76,88.0,4.0
PLT-2025-1295,Ratna Pratama,99993110948389,080005853493,ratna.pratama@contoh.example,Jl. Anggrek No. 2 RT 07/RW 02,Bojongsari Baru,Bojongsari,Depok,1994-10-31,P,SMA/SMK,Tidak,4,1600000,Toko Mandiri Makmur,Kriya,Sabun artisan,0.7,0,8500000,Tidak,WhatsApp,2025-05-16,79,70,76.0,3.7
PLT-2025-1276,Oktavia Nuraini,99991609867946,080008420303,oktavia.nuraini@contoh.example,Jl. Kenanga No. 12 RT 10/RW 06,Mampang,Pancoran Mas,Depok,1986-09-16,P,SMA/SMK,Tidak,3,1050000,Dapur Mandiri Abadi,Kriya,Gerabah hias,8.5,5,3650000,Tidak,WhatsApp,2025-05-17,99,70,78.0,4.5
PLT-2025-1388,Dewi Wulandari,99992301013796,080001101660,dewi.wulandari@contoh.example,Jl. Kenanga No. 73 RT 05/RW 01,Cinere,Cinere,Depok,2001-01-23,P,SMA/SMK,Tidak,1,800000,Toko Amanah Sentosa,Kuliner,Katering rumahan,2.3,5,5500000,Ya,WhatsApp,2025-05-10,80,46,52.0,3.9
PLT-2025-1121,Wulan Handayani,99991309879290,080004015591,wulan.handayani@contoh.example,Jl. Anggrek No. 6 RT 11/RW 01,Curug,Cimanggis,Depok,1987-09-13,P,SMP,Tidak,1,1300000,Griya Sejahtera Jaya,Pertanian,Hidroponik sayur,5.4,3,6850000,Tidak,Formulir daring,2025-04-26,84,41,56.0,4.0
PLT-2025-1523,Oktavia Nugroho,99990501695665,080001052187,oktavia.nugroho@contoh.example,Jl. Melati No. 53 RT 11/RW 04,Limo,Limo,Depok,1969-01-05,P,D3,Tidak,4,500000,CV Sejahtera Makmur,Kuliner,Warung makan,1.4,3,3800000,Tidak,Formulir daring,2025-05-26,51,65,75.0,4.7
PLT-2025-1253,Umi Maulana,99993012865540,080002224501,umi.maulana@contoh.example,Jl. Bougenville No. 116 RT 09/RW 09,Cinere,Cinere,Depok,1986-12-30,P,SD,Tidak,0,2950000,Griya Sejahtera Makmur,Kuliner,Warung makan,4.2,2,8950000,Ya,Rujukan kelurahan,2025-02-04,72,37,41.0,4.4
PLT-2025-1307,Eko Safitri,99992208883667,080008695238,eko.safitri@contoh.example,Jl. Flamboyan No. 53 RT 01/RW 09,Harjamukti,Cimanggis,Depok,1988-08-22,L,D3,Tidak,0,3250000,Studio Harum Sentosa,Jasa Digital,Desain grafis,2.5,0,10050000,Ya,WhatsApp,2025-05-03,75,65,66.0,3.2
PLT-2025-1296,Wahyu Setiawan,99991309057350,080006614107,wahyu.setiawan@contoh.example,Jl. Cempaka No. 108 RT 05/RW 02,Harjamukti,Cimanggis,Depok,2005-09-13,L,S1,Tidak,2,1600000,Toko Amanah Makmur,Kuliner,Warung makan,1.4,1,6850000,Tidak,Datang langsung,2025-03-27,93,67,74.0,3.7
PLT-2025-1020,Maya Firdaus,99990411975562,080001255088,maya.firdaus@contoh.example,Jl. Bougenville No. 23 RT 02/RW 07,Curug,Cimanggis,Depok,1997-11-04,P,SMP,Tidak,2,650000,Griya Sejahtera Makmur,Fesyen,Hijab dan busana,4.4,5,2950000,Ya,Formulir daring,2025-05-15,78,61,67.0,3.9
PLT-2025-1527,Cahyo Hidayat,99990102985177,080009294447,cahyo.hidayat@contoh.example,Jl. Cempaka No. 29 RT 13/RW 05,Cisalak Pasar,Cimanggis,Depok,1998-02-01,L,S2,Tidak,2,550000,Griya Amanah Makmur,Kuliner,Keripik kemasan,7.1,3,1950000,Tidak,Formulir daring,2025-03-08,76,72,81.0,3.3
PLT-2025-1210,Hari Ramadhan,99992404853351,080004221314,hari.ramadhan@contoh.example,Jl. Melati No. 99 RT 14/RW 02,Depok Jaya,Pancoran Mas,Depok,1985-04-24,L,SMA/SMK,Tidak,0,9700000,UD Berkah Sentosa,Kriya,Lilin aroma,2.0,0,29500000,Ya,Formulir daring,2025-02-20,84,63,77.0,3.4
PLT-2025-1397,Yanti Nuraini,99990303969011,,yanti.nuraini@contoh.example,Jl. Flamboyan No. 77 RT 13/RW 09,Bojongsari Baru,Bojongsari,Depok,1996-03-03,P,D3,Tidak,2,1300000,CV Berkah Jaya,Kuliner,Keripik kemasan,5.0,1,12850000,Tidak,WhatsApp,2025-05-01,71,52,61.0,4.8
PLT-2025-1436,Wahyu Pratama,99991603995656,080005960078,wahyu.pratama@contoh.example,Jl. Melati No. 102 RT 14/RW 05,Sukatani,Tapos,Depok,1999-03-16,L,SMA/SMK,Tidak,2,1050000,CV Lestari Makmur,Fesyen,Sepatu kanvas,3.0,4,7500000,Ya,Formulir daring,2025-03-30,90,54,,4.1
PLT-2025-1392,Eko Nugroho,99991107026464,080002180440,eko.nugroho@contoh.example,Jl. Kenanga No. 102 RT 08/RW 07,Rangkapan Jaya,Pancoran Mas,Depok,2002-07-11,L,S1,Tidak,0,2450000,Dapur Sejahtera Jaya,Kuliner,Warung makan,6.0,3,10600000,Ya,Rujukan kelurahan,2025-02-22,89,53,56.0,4.2
PLT-2025-1305,Nurul Oktaviani,99991804804939,080006229667,nurul.oktaviani@contoh.example,Jl. Anggrek No. 96 RT 04/RW 08,Mampang,PANCORAN MAS,Depok,1980-04-18,P,D3,Ya,2,850000,Griya Harum Abadi,Kuliner,Keripik kemasan,7.4,4,7300000,Ya,Datang langsung,2025-02-20,86,64,88.0,3.2
PLT-2025-1375,Yusuf Anggraini,99991806926386,080002967243,yusuf.anggraini@contoh.example,Jl. Bougenville No. 113 RT 02/RW 09,Tanah Baru,Beji,Depok,1992-06-18,L,SMA/SMK,Tidak,3,3250000,CV Sejahtera Abadi,Kuliner,Keripik kemasan,6.9,1,10600000,Ya,Formulir daring,2025-04-24,98,64,89.0,3.7
PLT-2025-1117,Irfan Maulana,99991309033209,080003056682,irfan.maulana@contoh.example,Jl. Anggrek No. 58 RT 07/RW 09,Depok Jaya,Pancoran Mas,Depok,2003-09-13,L,S1,Tidak,0,1050000,CV Mandiri Jaya,Fesyen,Konveksi kaos,1.9,0,5700000,Tidak,Formulir daring,2025-03-31,92,78,99.0,3.2
PLT-2025-1447,Zahra Safitri,99992705063278,080002262516,zahra.safitri@contoh.example,Jl. Melati No. 84 RT 06/RW 11,Harjamukti,Cimanggis,Depok,2006-05-27,P,SMA/SMK,Tidak,3,850000,CV Berkah Jaya,Kuliner,Kedai kopi,4.0,3,8350000,Tidak,Formulir daring,2025-03-01,76,72,85.0,4.1
PLT-2025-1599,Oki Oktaviani,99990808764166,080008373269,oki.oktaviani@contoh.example,Jl. Kenanga No. 23 RT 12/RW 06,Meruyung,Limo,Depok,1976-08-08,L,SMA/SMK,Tidak,2,1350000,Studio Harum Jaya,Kriya,Lilin aroma,3.2,1,7250000,Ya,Formulir daring,2025-02-19,81,56,70.0,4.8
PLT-2025-1278,Lestari Santoso,99992307843011,080004434918,lestari.santoso@contoh.example,Jl. Bougenville No. 124 RT 04/RW 03,Cisalak Pasar,Cimanggis,Depok,1984-07-23,P,D3,Tidak,1,800000,Griya Bahagia Makmur,Kuliner,Kedai kopi,2.1,3,7650000,Ya,Formulir daring,2025-05-26,100,85,,4.6
PLT-2025-1365,Indah Saputra,99990312883460,080008389687,indah.saputra@contoh.example,Jl. Bougenville No. 90 RT 14/RW 05,Mekarjaya,Sukmajaya,Depok,1988-12-03,P,SMP,Tidak,4,2950000,UD Berkah Sentosa,Jasa Digital,Servis gawai,1.1,2,12550000,Tidak,WhatsApp,2025-05-30,67,59,76.0,
PLT-2025-1477,Dedi Firdaus,99991512921993,080007771050,dedi.firdaus@contoh.example,Jl. Cempaka No. 98 RT 04/RW 08,Serua,Bojongsari,Depok,1992-12-15,L,SMP,Tidak,1,4600000,UD Amanah Sentosa,Kuliner,Keripik kemasan,1.4,1,16200000,Tidak,Formulir daring,2025-02-07,73,49,53.0,4.8
PLT-2025-1202,Gita Maulana,99993005834550,080001982486,gita.maulana@contoh.example,Jl. Melati No. 73 RT 13/RW 04,Sukatani,Tapos,Depok,1983-05-30,P,SMA/SMK,Tidak,1,2300000,Toko Bahagia Sentosa,Kuliner,Keripik kemasan,2.3,1,7550000,Tidak,Formulir daring,2025-05-03,65,63,65.0,4.0
PLT-2025-1105,Fitri Oktaviani,99991310699777,080006460571,fitri.oktaviani@contoh.example,Jl. Anggrek No. 117 RT 03/RW 09,Limo,Limo,Depok,1969-10-13,P,SMA/SMK,Tidak,2,4700000,Toko Bahagia Jaya,Kuliner,Keripik kemasan,4.3,4,17600000,Ya,Formulir daring,2025-02-13,100,61,78.0,4.3
PLT-2025-1492,Rudi Anggraini,99992109862354,080003334152,rudi.anggraini@contoh.example,Jl. Cempaka No. 43 RT 10/RW 10,Bojong Pondok Terong,Cipayung,Depok,1986-09-21,L,SMA/SMK,Tidak,1,2000000,Studio Bahagia Makmur,Kuliner,Warung makan,11.6,2,6300000,Ya,WhatsApp,2025-05-28,93,70,87.0,3.3
PLT-2025-1200,Gunawan Maulana,99991001829508,080003105913,gunawan.maulana@contoh.example,Jl. Bougenville No. 111 RT 01/RW 03,Bojong Pondok Terong,Cipayung,Depok,1982-01-10,L,SD,Tidak,1,750000,Toko Sejahtera Abadi,Kuliner,Keripik kemasan,3.7,1,5850000,Tidak,Formulir daring,2025-03-31,81,70,,4.5
PLT-2025-1608,Eko Anggraini,99992911963177,080006750723,eko.anggraini@contoh.example,Jl. Cempaka No. 130 RT 01/RW 08,Sukatani,Tapos,Depok,1996-11-29,L,SMA/SMK,Tidak,0,2150000,Dapur Cahaya Abadi,Fesyen,Sepatu kanvas,4.2,4,8800000,Tidak,Formulir daring,2025-03-17,78,53,71.0,
PLT-2025-1495,Rudi Oktaviani,99990105872917,080003029942,rudi.oktaviani@contoh.example,Jl. Melati No. 139 RT 01/RW 08,Cinere,Cinere,Depok,1987-05-01,L,S1,Tidak,0,7600000,Toko Cahaya Makmur,Kuliner,Warung makan,6.7,4,23900000,Ya,Formulir daring,2025-03-05,73,42,52.0,4.3
PLT-2025-1376,Irfan Firdaus,99990206812957,080002487533,irfan.firdaus@contoh.example,Jl. Cempaka No. 53 RT 09/RW 06,Gandul,Cinere,Depok,1981-06-02,L,SMA/SMK,Tidak,0,2100000,Studio Cahaya Abadi,Kuliner,Katering rumahan,7.1,5,8400000,Ya,Rujukan kelurahan,2025-04-02,88,73,80.0,4.0
PLT-2025-1086,Nanda Hidayat,99991212843362,,nanda.hidayat@contoh.example,Jl. Bougenville No. 114 RT 01/RW 07,Curug,Cimanggis,Depok,1984-12-12,L,SMA/SMK,Tidak,0,650000,CV Cahaya Makmur,Fesyen,Sepatu kanvas,1.6,1,2450000,Ya,WhatsApp,2025-03-27,90,45,64.0,4.0
PLT-2025-1545,Oktavia Ramadhan,99990605803566,080002608358,oktavia.ramadhan@contoh.example,Jl. Anggrek No. 58 RT 06/RW 04,Cilangkap,Tapos,Depok,1980-05-06,P,S1,Tidak,0,950000,Griya Sejahtera Jaya,Kriya,Gerabah hias,0.8,1,2850000,Tidak,Formulir daring,2025-03-20,74,63,84.0,4.0
PLT-2025-1597,Maya Firdaus,99993011824533,080004538679,maya.firdaus@contoh.example,Jl. Flamboyan No. 6 RT 08/RW 09,Baktijaya,Sukmajaya,Depok,1982-11-30,P,SMA/SMK,Tidak,0,2850000,Toko Lestari Abadi,Kriya,Lilin aroma,5.0,2,9150000,Tidak,Rujukan kelurahan,2025-03-12,91,52,66.0,3.4
PLT-2025-1448,Oktavia Firdaus,99990807942642,080005739261,oktavia.firdaus@contoh.example,Jl. Cempaka No. 20 RT 12/RW 11,Tanah Baru,Beji,Depok,1994-07-08,P,SMA/SMK,Tidak,2,3450000,Toko Sejahtera Abadi,Kuliner,Kedai kopi,4.2,2,11150000,Tidak,Formulir daring,2025-05-05,85,43,55.0,4.2
PLT-2025-1162,Cahyo Kusuma,99992907971180,080001588083,cahyo.kusuma@contoh.example,Jl. Flamboyan No. 104 RT 04/RW 10,Kemiri Muka,Beji,Depok,1997-07-29,L,SD,Tidak,2,1000000,Toko Cahaya Abadi,Kuliner,Katering rumahan,3.2,1,3600000,Tidak,WhatsApp,2025-05-25,90,49,64.0,4.4
PLT-2025-1483,Gunawan Rahayu,99991811771185,080008649591,gunawan.rahayu@contoh.example,Jl. Bougenville No. 74 RT 11/RW 07,Tirtajaya,Sukmajaya,Depok,1977-11-18,L,SMA/SMK,Tidak,2,500000,Studio Harum Abadi,Kuliner,Warung makan,0.3,1,2600000,Ya,Formulir daring,2025-02-03,89,73,77.0,4.3
PLT-2025-1135,Hendra Oktaviani,99992108833390,080001625374,hendra.oktaviani@contoh.example,Jl. Bougenville No. 91 RT 10/RW 03,Meruyung,LIMO,Depok,1983-08-21,L,SMA/SMK,Tidak,1,2300000,Toko Sejahtera Sentosa,Kuliner,Katering rumahan,5.0,2,13600000,Ya,Formulir daring,2025-02-18,87,68,64.0,4.3
PLT-2025-1310,Lukman Firdaus,99991105805303,080007431093,lukman.firdaus@contoh.example,Jl. Anggrek No. 79 RT 09/RW 05,Kemiri Muka,Beji,Depok,1980-05-11,L,D3,Tidak,3,950000,UD Mandiri Sentosa,Jasa Digital,Fotografi produk,7.6,0,4050000,Ya,Formulir daring,2025-03-13,100,73,89.0,4.3
PLT-2025-1115,Dedi Pratama,99992706965168,080001239928,dedi.pratama@contoh.example,Jl. Flamboyan No. 118 RT 11/RW 05,Rangkapan Jaya,Pancoran Mas,Depok,1996-06-27,L,SMA/SMK,Tidak,0,1800000,Dapur Bahagia Jaya,Fesyen,Hijab dan busana,5.7,2,8200000,Ya,WhatsApp,2025-03-17,75,57,69.0,4.7
PLT-2025-1451,Prasetyo Setiawan,99991402782425,080003460606,prasetyo.setiawan@contoh.example,Jl. Melati No. 101 RT 07/RW 02,Sawangan Baru,Sawangan,Depok,1978-02-14,L,D3,Tidak,0,950000,Toko Harum Abadi,Kuliner,Keripik kemasan,0.4,3,5700000,Ya,Formulir daring,2025-04-07,95,44,49.0,3.6
PLT-2025-1223,Adit Wijaya,99991306031798,080001151973,adit.wijaya@contoh.example,Jl. Cempaka No. 12 RT 02/RW 03,Tanah Baru,Beji,Depok,2003-06-13,L,SMA/SMK,Tidak,1,1500000,Toko Harum Jaya,Kuliner,Kedai kopi,3.1,2,7400000,Tidak,Formulir daring,2025-02-03,91,38,48.0,4.1
PLT-2025-1259,Nanda Santoso,99993110995920,080008556319,nanda.santoso@contoh.example,Jl. Anggrek No. 103 RT 02/RW 06,Mampang,Pancoran Mas,Depok,1999-10-31,L,SMA/SMK,Tidak,4,1650000,UD Berkah Sentosa,Pertanian,Olahan jamur,4.1,2,12300000,Ya,Formulir daring,2025-04-07,78,44,53.0,4.3
PLT-2025-1034,Hesti Handayani,99992210915565,,hesti.handayani@contoh.example,Jl. Kenanga No. 14 RT 10/RW 08,Pangkalan Jati,Cinere,Depok,1991-10-22,P,D3,Tidak,2,1600000,UD Sejahtera Jaya,Kuliner,Katering rumahan,1.8,5,11950000,Ya,Datang langsung,2025-05-27,87,57,78.0,3.9
PLT-2025-1575,Vina Santoso,99991109802777,080009993825,vina.santoso@contoh.example,Jl. Cempaka No. 103 RT 02/RW 10,Pangkalan Jati,Cinere,Depok,1980-09-11,P,D3,Tidak,1,8450000,CV Mandiri Abadi,Fesyen,Konveksi kaos,3.2,3,26000000,Tidak,WhatsApp,2025-02-03,79,69,91.0,4.7
PLT-2025-1266,Yanti Nuraini,99990304018224,080004183156,yanti.nuraini@contoh.example,Jl. Melati No. 80 RT 11/RW 09,Pondok Cina,Beji,Depok,2001-04-03,P,D3,Tidak,3,850000,Toko Bahagia Jaya,Fesyen,Hijab dan busana,1.3,2,8200000,Tidak,Formulir daring,2025-03-01,97,25,42.0,3.8
PLT-2025-1021,Hesti Nuraini,99990407894441,080009422045,hesti.nuraini@contoh.example,Jl. Melati No. 85 RT 12/RW 04,Mekarsari,Cimanggis,Depok,1989-07-04,P,SMA/SMK,Tidak,2,2150000,Studio Sejahtera Abadi,Jasa Digital,Fotografi produk,5.0,4,6900000,Tidak,Formulir daring,2025-04-27,88,46,60.0,4.6
PLT-2025-1014,Dewi Hidayat,99992001983285,080004554440,dewi.hidayat@contoh.example,Jl. Bougenville No. 18 RT 13/RW 05,Serua,Bojongsari,Depok,1998-01-20,P,D3,Tidak,0,950000,Studio Bahagia Sentosa,Kuliner,Roti dan kue,3.9,0,5550000,Tidak,Formulir daring,2025-03-15,60,76,78.0,4.2
PLT-2025-1616,Indah Anggraini,99992101062857,080005437661,indah.anggraini@contoh.example,Jl. Anggrek No. 66 RT 05/RW 02,Gandul,Cinere,Depok,2006-01-21,P,SMA/SMK,Tidak,0,6500000,Studio Sejahtera Jaya,Kuliner,Warung makan,3.2,2,37750000,Tidak,WhatsApp,2025-02-25,75,59,72.0,3.2
PLT-2025-1410,Yusuf Ramadhan,99991711784740,080004410107,yusuf.ramadhan@contoh.example,Jl. Bougenville No. 127 RT 05/RW 04,Rangkapan Jaya,Pancoran Mas,Depok,1978-11-17,L,SMA/SMK,Tidak,2,500000,Toko Lestari Jaya,Kuliner,Katering rumahan,3.2,1,2200000,Ya,Formulir daring,2025-04-29,81,48,50.0,3.9
PLT-2025-1184,Mira Setiawan,99992306906014,080005055827,mira.setiawan@contoh.example,Jl. Bougenville No. 133 RT 12/RW 07,Mekarjaya,Sukmajaya,Depok,1990-06-23,P,SMA/SMK,Tidak,3,1300000,Studio Amanah Makmur,Jasa Digital,Fotografi produk,10.9,7,6550000,Tidak,Formulir daring,2025-04-03,90,62,68.0,3.8
PLT-2025-1402,Gunawan Maulana,99991908849023,080003022866,gunawan.maulana@contoh.example,Jl. Kenanga No. 83 RT 05/RW 01,Sawangan Baru,Sawangan,Depok,1984-08-19,L,SMP,Tidak,2,900000,Griya Berkah Sentosa,Kuliner,Warung makan,3.4,1,7800000,Ya,Formulir daring,2025-03-08,83,38,55.0,4.1
PLT-2025-1522,Dewi Safitri,99991012754392,080008211654,dewi.safitri@contoh.example,Jl. Bougenville No. 70 RT 03/RW 04,Mekarjaya,Sukmajaya,Depok,1975-12-10,P,SMA/SMK,Tidak,1,500000,Griya Berkah Sentosa,Kuliner,Katering rumahan,2.3,3,1000000,Ya,WhatsApp,2025-02-22,100,53,70.0,3.5
PLT-2025-1098,Dewi Nuraini,99991801919096,080004683393,dewi.nuraini@contoh.example,Jl. Bougenville No. 90 RT 05/RW 04,Kemiri Muka,Beji,Depok,1991-01-18,P,D3,Tidak,0,900000,Toko Berkah Abadi,Kriya,Gerabah hias,3.8,0,2850000,Tidak,Datang langsung,2025-04-10,100,62,73.0,4.7
PLT-2025-1553,Maya Rahayu,99992009043869,,maya.rahayu@contoh.example,Jl. Kenanga No. 18 RT 05/RW 05,Sukatani,Tapos,Depok,2004-09-20,P,SMP,Tidak,2,2500000,Studio Berkah Sentosa,Jasa Digital,Servis gawai,1.0,2,9700000,Tidak,Formulir daring,2025-02-04,100,81,92.0,4.9
PLT-2025-1542,Dewi Ramadhan,99991701883205,080007663996,dewi.ramadhan@contoh.example,Jl. Anggrek No. 128 RT 12/RW 01,Sawangan Baru,Sawangan,Depok,1988-01-17,P,D3,Tidak,2,2050000,Dapur Harum Jaya,Kuliner,Roti dan kue,2.1,2,7600000,Ya,WhatsApp,2025-05-18,88,62,78.0,4.2
PLT-2025-1094,Ayu Hidayat,99991907933012,080004864909,ayu.hidayat@contoh.example,Jl. Melati No. 13 RT 09/RW 10,Mampang,Pancoran Mas,Depok,1993-07-19,P,SMA/SMK,Tidak,0,1400000,Griya Amanah Jaya,Kuliner,Kedai kopi,5.7,1,6350000,Tidak,WhatsApp,2025-03-05,89,69,86.0,3.2
PLT-2025-1031,Putri Puspita,99992611884659,080006449129,putri.puspita@contoh.example,Jl. Kenanga No. 106 RT 03/RW 04,Gandul,Cinere,Depok,1988-11-26,P,SMA/SMK,Tidak,2,4450000,Griya Berkah Abadi,Pertanian,Bibit tanaman hias,10.9,3,34000000,Tidak,Rujukan kelurahan,2025-05-27,88,44,61.0,5.0
PLT-2025-1381,Tuti Santoso,99990507959290,080002129574,tuti.santoso@contoh.example,Jl. Melati No. 61 RT 04/RW 10,Gandul,Cinere,Depok,1995-07-05,P,S1,Tidak,0,500000,Griya Berkah Abadi,Kuliner,Warung makan,16.4,4,1900000,Tidak,Formulir daring,2025-03-22,98,46,60.0,4.9
PLT-2025-1175,Ayu Ramadhan,99991006836174,080008252916,ayu.ramadhan@contoh.example,Jl. Cempaka No. 11 RT 14/RW 04,Bojong Pondok Terong,Cipayung,Depok,1983-06-10,P,S1,Tidak,0,750000,UD Mandiri Makmur,Kuliner,Kedai kopi,2.8,3,4900000,Tidak,Datang langsung,2025-03-18,58,58,62.0,3.4
PLT-2025-1106,Putri Wulandari,99992607914219,080004262556,putri.wulandari@contoh.example,Jl. Bougenville No. 57 RT 09/RW 01,Pangkalan Jati,Cinere,Depok,1991-07-26,P,S1,Tidak,2,1500000,Griya Mandiri Makmur,Jasa Digital,Fotografi produk,1.4,1,11700000,Tidak,Datang langsung,2025-03-15,66,46,50.0,4.5
PLT-2025-1251,Usman Nuraini,99992004891213,080003059679,usman.nuraini@contoh.example,Jl. Flamboyan No. 45 RT 03/RW 06,Cilangkap,Tapos,Depok,1989-04-20,L,SMA/SMK,Tidak,4,7700000,CV Harum Sentosa,Kuliner,Keripik kemasan,4.2,1,22850000,Ya,Formulir daring,2025-04-12,79,66,,4.2
PLT-2025-1580,Zahra Permana,99991209992162,080003421902,zahra.permana@contoh.example,Jl. Kenanga No. 16 RT 01/RW 08,Limo,Limo,Depok,1999-09-12,P,S1,Tidak,0,1650000,Griya Mandiri Abadi,Fesyen,Tas rajut,4.9,2,15600000,Tidak,Rujukan kelurahan,2025-03-10,90,51,74.0,4.5
PLT-2025-1329,Wahyu Hidayat,99992502727848,080005033885,wahyu.hidayat@contoh.example,Jl. Flamboyan No. 3 RT 03/RW 04,Depok Jaya,Pancoran Mas,Depok,1972-02-25,L,SMA/SMK,Tidak,1,2150000,Toko Bahagia Jaya,Pertanian,Hidroponik sayur,2.9,4,12200000,Tidak,Formulir daring,2025-04-28,93,76,79.0,3.4
PLT-2025-1549,Yanti Permana,99992006895461,080001391363,yanti.permana@contoh.example,Jl. Bougenville No. 88 RT 02/RW 11,Sukatani,Tapos,Depok,1989-06-20,P,S1,Tidak,2,500000,CV Sejahtera Jaya,Fesyen,Hijab dan busana,1.1,0,2200000,Ya,Rujukan kelurahan,2025-02-23,93,66,,4.3
PLT-2025-1359,Oki Safitri,99990106804561,080009343112,oki.safitri@contoh.example,Jl. Bougenville No. 70 RT 10/RW 05,Tanah Baru,Beji,Depok,1980-06-01,L,SMA/SMK,Tidak,1,2550000,Toko Lestari Jaya,Fesyen,Hijab dan busana,8.8,4,9550000,Ya,Formulir daring,2025-05-01,73,47,61.0,4.9
PLT-2025-1300,Indah Maulana,99991502868173,080001274789,indah.maulana@contoh.example,Jl. Kenanga No. 125 RT 05/RW 02,Baktijaya,Sukmajaya,Depok,1986-02-15,P,S1,Tidak,2,900000,Griya Amanah Sentosa,Jasa Digital,Fotografi produk,7.6,2,3550000,Tidak,Datang langsung,2025-04-20,89,56,74.0,4.2
PLT-2025-1409,Citra Pratama,99990302682518,080001278571,citra.pratama@contoh.example,Jl. Anggrek No. 53 RT 12/RW 02,Curug,Cimanggis,Depok,1968-02-03,P,SMA/SMK,Tidak,2,900000,CV Sejahtera Sentosa,Kriya,Sabun artisan,3.2,4,4600000,Tidak,Datang langsung,2025-04-03,92,64,78.0,5.0
PLT-2025-1519,Prasetyo Wijaya,99990310995003,080003612459,prasetyo.wijaya@contoh.example,Jl. Anggrek No. 137 RT 08/RW 07,Kemiri Muka,Beji,Depok,1999-10-03,L,SMP,Tidak,0,1400000,Studio Mandiri Jaya,Kriya,Sabun artisan,5.4,0,7000000,Tidak,Formulir daring,2025-04-23,74,59,66.0,3.3
PLT-2025-1485,Kurnia Handayani,99990705745529,080008352160,kurnia.handayani@contoh.example,Jl. Cempaka No. 114 RT 11/RW 11,Cisalak Pasar,Cimanggis,Depok,1974-05-07,L,SMA/SMK,Tidak,0,2300000,Studio Berkah Abadi,Pertanian,Hidroponik sayur,0.5,1,10200000,Tidak,Formulir daring,2025-02-25,84,50,58.0,5.0
PLT-2025-1500,Maya Oktaviani,99992009725399,080007619602,maya.oktaviani@contoh.example,Jl. Anggrek No. 28 RT 06/RW 02,Mampang,Pancoran Mas,Depok,1972-09-20,P,S1,Tidak,0,1700000,Dapur Lestari Jaya,Jasa Digital,Servis gawai,9.0,3,6750000,Tidak,Formulir daring,2025-03-02,91,62,71.0,5.0
PLT-2025-1490,Hari Maulana,99992104856212,080004256005,hari.maulana@contoh.example,Jl. Cempaka No. 96 RT 10/RW 11,Baktijaya,Sukmajaya,Depok,1985-04-21,L,SMA/SMK,Tidak,4,2000000,CV Lestari Sentosa,Kuliner,Roti dan kue,3.7,3,9750000,Tidak,Formulir daring,2025-04-15,98,65,83.0,3.9
PLT-2025-1334,Fajar Safitri,99992208823744,080002285579,fajar.safitri@contoh.example,Jl. Melati No. 90 RT 04/RW 06,Sukatani,Tapos,Depok,1982-08-22,L,SMP,Tidak,1,850000,Toko Berkah Sentosa,Jasa Digital,Desain grafis,2.6,1,5700000,Ya,Datang langsung,2025-03-18,81,47,60.0,4.3
PLT-2025-1374,Eko Santoso,99990206943207,080007874361,eko.santoso@contoh.example,Jl. Bougenville No. 44 RT 12/RW 09,Mekarjaya,Sukmajaya,Depok,1994-06-02,L,SMA/SMK,Tidak,2,2300000,Studio Sejahtera Jaya,Pertanian,Bibit tanaman hias,2.8,3,8150000,Tidak,Formulir daring,2025-04-15,77,60,85.0,4.5
PLT-2025-1479,Maya Hidayat,99992405896458,080002128475,maya.hidayat@contoh.example,Jl. Melati No. 37 RT 04/RW 10,Mampang,Pancoran Mas,Depok,1989-05-24,P,SMP,Tidak,1,2300000,UD Harum Abadi,Fesyen,Sepatu kanvas,5.0,4,21700000,Tidak,Datang langsung,2025-03-07,100,69,90.0,4.3
PLT-2025-1470,Tuti Saputra,99990907694489,080003802918,tuti.saputra@contoh.example,Jl. Flamboyan No. 117 RT 01/RW 11,Serua,Bojongsari,Depok,1969-07-09,P,S1,Tidak,2,500000,CV Bahagia Makmur,Kuliner,Roti dan kue,1.1,3,3700000,Ya,Datang langsung,2025-05-04,66,66,70.0,4.6
PLT-2025-1432,Irfan Permana,99991208785856,080004614764,irfan.permana@contoh.example,Jl. Kenanga No. 108 RT 06/RW 02,Depok Jaya,Pancoran Mas,Depok,1978-08-12,L,SMA/SMK,Tidak,1,1400000,Dapur Mandiri Jaya,Kriya,Anyaman bambu,7.9,3,5950000,Tidak,Formulir daring,2025-03-30,87,66,72.0,4.8
PLT-2025-1101,Wulan Ramadhan,99991208826809,080009230351,wulan.ramadhan@contoh.example,Jl. Kenanga No. 54 RT 03/RW 08,Depok Jaya,Pancoran Mas,Depok,1982-08-12,P,SMP,Tidak,0,2700000,CV Mandiri Abadi,Kuliner,Kedai kopi,1.3,1,7950000,Tidak,Formulir daring,2025-03-19,60,63,80.0,2.1
PLT-2025-1484,Fitri Handayani,99993101759829,080002207425,fitri.handayani@contoh.example,Jl. Cempaka No. 37 RT 03/RW 08,Pondok Cina,Beji,Depok,1975-01-31,P,D3,Tidak,2,900000,Studio Mandiri Sentosa,Kuliner,Keripik kemasan,1.1,5,4050000,Tidak,Formulir daring,2025-03-06,87,45,54.0,3.8
PLT-2025-1055,Kurnia Ramadhan,99990101871936,080003838400,kurnia.ramadhan@contoh.example,Jl. Kenanga No. 37 RT 07/RW 05,Mekarsari,Cimanggis,Depok,1987-01-01,L,S1,Tidak,0,4550000,Studio Bahagia Sentosa,Pertanian,Hidroponik sayur,3.2,3,16500000,Ya,Datang langsung,2025-04-16,76,52,,4.1
PLT-2025-1068,Ayu Ramadhan,99990605996723,080005742051,ayu.ramadhan@contoh.example,Jl. Bougenville No. 118 RT 12/RW 03,Abadijaya,Sukmajaya,Depok,1999-05-06,P,SMA/SMK,Tidak,1,1200000,Dapur Bahagia Abadi,Jasa Digital,Fotografi produk,7.5,2,9150000,Tidak,Formulir daring,2025-02-02,83,45,56.0,5.0
PLT-2025-1041,Nanda Hidayat,99990512956484,080007559942,nanda.hidayat@contoh.example,Jl. Kenanga No. 65 RT 02/RW 10,Pondok Cina,Beji,Depok,1995-12-05,L,SMP,Tidak,1,1900000,UD Lestari Sentosa,Fesyen,Konveksi kaos,3.8,1,7100000,Tidak,Formulir daring,2025-02-03,74,56,68.0,4.2
PLT-2025-1085,Kartika Safitri,99990206835504,080001292355,kartika.safitri@contoh.example,Jl. Anggrek No. 115 RT 07/RW 03,Cilangkap,Tapos,Depok,1983-06-02,P,SMP,Tidak,0,1600000,Griya Lestari Jaya,Fesyen,Hijab dan busana,3.9,1,5500000,Tidak,Rujukan kelurahan,2025-04-28,71,68,70.0,4.2
PLT-2025-1430,Irfan Rahayu,99992707986714,080001003144,irfan.rahayu@contoh.example,Jl. Melati No. 125 RT 05/RW 10,Meruyung,Limo,Depok,1998-07-27,L,D3,Tidak,2,4050000,UD Lestari Makmur,Kuliner,Keripik kemasan,1.3,3,13800000,Tidak,Formulir daring,2025-04-13,79,80,90.0,4.6
PLT-2025-1134,Dewi Anggraini,99992205886364,080004605283,dewi.anggraini@contoh.example,Jl. Bougenville No. 108 RT 06/RW 11,Tirtajaya,Sukmajaya,Depok,1988-05-22,P,S1,Tidak,1,1450000,Toko Lestari Sentosa,Kuliner,Kedai kopi,5.6,2,10050000,Ya,Rujukan kelurahan,2025-02-15,86,50,56.0,3.0
PLT-2025-1196,Adit Wulandari,99992501891277,080008250733,adit.wulandari@contoh.example,Jl. Bougenville No. 27 RT 04/RW 04,Gandul,Cinere,Depok,1989-01-25,L,SMA/SMK,Tidak,1,2550000,Griya Lestari Makmur,Kuliner,Keripik kemasan,5.5,4,10300000,Tidak,WhatsApp,2025-02-13,97,52,73.0,3.8
PLT-2025-1592,Zahra Permana,99990508026739,080006275305,zahra.permana@contoh.example,Jl. Flamboyan No. 11 RT 13/RW 06,Abadijaya,Sukmajaya,Depok,2002-08-05,P,SMA/SMK,Tidak,2,3650000,CV Bahagia Makmur,Kuliner,Katering rumahan,3.1,0,30650000,Ya,WhatsApp,2025-05-31,86,58,68.0,4.1
PLT-2025-1216,Zahra Permana,99990510939850,080006604970,zahra.permana@contoh.example,Jl. Anggrek No. 28 RT 13/RW 09,Mekarjaya,Sukmajaya,Depok,1993-10-05,P,SMA/SMK,Tidak,1,2350000,Studio Cahaya Jaya,Fesyen,Konveksi kaos,1.0,0,9750000,Tidak,Formulir daring,2025-03-02,72,52,67.0,5.0
PLT-2025-1284,Juwita Hidayat,99992412861615,080008056080,juwita.hidayat@contoh.example,Jl. Anggrek No. 116 RT 08/RW 09,Beji,Beji,Depok,1986-12-24,P,SMA/SMK,Tidak,0,500000,Griya Harum Abadi,Kriya,Anyaman bambu,8.9,4,3550000,Ya,Formulir daring,2025-03-13,62,63,77.0,5.0
PLT-2025-1147,Mulyadi Kusuma,99992108685388,080002610677,mulyadi.kusuma@contoh.example,Jl. Flamboyan No. 11 RT 07/RW 01,Gandul,Cinere,Depok,1968-08-21,L,SMA/SMK,Tidak,3,4900000,Studio Bahagia Makmur,Fesyen,Konveksi kaos,0.7,2,19700000,Tidak,WhatsApp,2025-03-11,83,67,83.0,4.2
PLT-2025-1111,Bambang Kusuma,99992112855415,080005866186,bambang.kusuma@contoh.example,Jl. Bougenville No. 27 RT 10/RW 02,Mekarjaya,Sukmajaya,Depok,1985-12-21,L,SMA/SMK,Tidak,4,1500000,Dapur Cahaya Abadi,Fesyen,Tas rajut,4.5,2,4750000,Tidak,WhatsApp,2025-02-22,85,46,60.0,3.0
PLT-2025-1503,Gunawan Kusuma,99992810812933,080003816471,gunawan.kusuma@contoh.example,Jl. Kenanga No. 2 RT 14/RW 09,Bojong Pondok Terong,Cipayung,Depok,1981-10-28,L,SMA/SMK,Tidak,2,1600000,Griya Lestari Sentosa,Jasa Digital,Servis gawai,5.1,4,15200000,Ya,Datang langsung,2025-04-19,96,54,70.0,4.9
PLT-2025-1539,Gita Safitri,99993108869240,080004940461,gita.safitri@contoh.example,Jl. Kenanga No. 42 RT 11/RW 07,Mampang,Pancoran Mas,Depok,1986-08-31,P,SMA/SMK,Tidak,3,900000,Dapur Berkah Makmur,Kuliner,Katering rumahan,0.5,1,3200000,Tidak,WhatsApp,2025-04-27,73,40,51.0,5.0
PLT-2025-1378,Zainal Puspita,99991209814840,080007978783,zainal.puspita@contoh.example,Jl. Bougenville No. 115 RT 13/RW 04,Rangkapan Jaya,Pancoran Mas,Depok,1981-09-12,L,SMA/SMK,Tidak,0,2500000,Toko Amanah Sentosa,Kuliner,Keripik kemasan,4.1,4,7850000,Ya,Formulir daring,2025-02-21,82,35,48.0,3.6
PLT-2025-1516,Fajar Pratama,99990412043909,080006654242,fajar.pratama@contoh.example,Jl. Kenanga No. 132 RT 14/RW 07,Kemiri Muka,Beji,Depok,2004-12-04,L,SMA/SMK,Tidak,2,800000,CV Amanah Sentosa,Kuliner,Kedai kopi,2.4,3,4650000,Tidak,WhatsApp,2025-04-13,96,53,68.0,4.4
PLT-2025-1327,Rudi Rahayu,99990608858214,080005382179,rudi.rahayu@contoh.example,Jl. Melati No. 17 RT 02/RW 11,Bojongsari Baru,Bojongsari,Depok,1985-08-06,L,SMA/SMK,Tidak,2,1800000,CV Harum Jaya,Kriya,Lilin aroma,4.4,4,5700000,Tidak,WhatsApp,2025-04-19,76,65,72.0,4.1
PLT-2025-1267,Ayu Pratama,99993010031693,080005952645,ayu.pratama@contoh.example,Jl. Flamboyan No. 53 RT 07/RW 10,Rangkapan Jaya,Pancoran Mas,Depok,2003-10-30,P,S1,Tidak,1,1250000,Toko Cahaya Jaya,Pertanian,Hidroponik sayur,4.0,3,5400000,Tidak,Formulir daring,2025-03-01,100,70,96.0,4.6
PLT-2025-1315,Sari Ramadhan,99991112807196,080005964298,sari.ramadhan@contoh.example,Jl. Cempaka No. 124 RT 05/RW 06,Depok Jaya,Pancoran Mas,Depok,1980-12-11,P,SMA/SMK,Tidak,2,3950000,Dapur Harum Abadi,Fesyen,Konveksi kaos,0.6,1,12500000,Tidak,Formulir daring,2025-02-19,93,61,81.0,4.5
PLT-2025-1012,Vina Pratama,99990512882812,080004061347,vina.pratama@contoh.example,Jl. Kenanga No. 44 RT 08/RW 07,Cinere,Cinere,Depok,1988-12-05,P,SD,Tidak,2,600000,Dapur Amanah Sentosa,Fesyen,Tas rajut,2.4,1,3050000,Tidak,Formulir daring,2025-04-12,78,44,40.0,4.7
PLT-2025-1062,Bambang Santoso,99992709042920,080001531131,bambang.santoso@contoh.example,Jl. Cempaka No. 85 RT 08/RW 08,Curug,Cimanggis,Depok,2004-09-27,L,SMA/SMK,Tidak,1,500000,Studio Harum Makmur,Kuliner,Roti dan kue,4.0,3,3050000,Tidak,Formulir daring,2025-05-06,55,35,43.0,4.7
PLT-2025-1170,Mulyadi Anggraini,99990105783087,080007516882,mulyadi.anggraini@contoh.example,Jl. Flamboyan No. 49 RT 12/RW 03,Pondok Cina,Beji,Depok,1978-05-01,L,S1,Tidak,2,500000,Toko Amanah Makmur,Kuliner,Warung makan,1.5,1,3400000,Tidak,Rujukan kelurahan,2025-04-18,77,70,85.0,3.8
PLT-2025-1181,Nurul Saputra,99990811711458,080005379985,nurul.saputra@contoh.example,Jl. Anggrek No. 40 RT 06/RW 01,Rangkapan Jaya,Pancoran Mas,Depok,1971-11-08,P,SMA/SMK,Tidak,1,500000,Toko Amanah Sentosa,Jasa Digital,Servis gawai,9.4,2,2850000,Tidak,Rujukan kelurahan,2025-02-01,84,69,81.0,3.7
PLT-2025-1192,Kartika Firdaus,99992311017386,080009212258,kartika.firdaus@contoh.example,Jl. Flamboyan No. 44 RT 12/RW 10,Depok Jaya,Pancoran Mas,Depok,2001-11-23,P,SMA/SMK,Tidak,2,3550000,Studio Cahaya Jaya,Kuliner,Roti dan kue,2.2,3,14550000,Tidak,Rujukan kelurahan,2025-02-27,100,55,80.0,4.0
PLT-2025-1189,Dewi Nuraini,99992511749200,080005194725,dewi.nuraini@contoh.example,Jl. Flamboyan No. 28 RT 03/RW 03,Baktijaya,Sukmajaya,Depok,1974-11-25,P,SMA/SMK,Tidak,0,3700000,Griya Cahaya Makmur,Kuliner,Katering rumahan,0.6,4,13900000,Tidak,Formulir daring,2025-03-26,78,67,77.0,4.6
PLT-2025-1112,Taufik Setiawan,99991908863812,080009183436,taufik.setiawan@contoh.example,Jl. Kenanga No. 111 RT 08/RW 10,Harjamukti,Cimanggis,Depok,1986-08-19,L,SMA/SMK,Tidak,3,2650000,Toko Bahagia Sentosa,Kuliner,Roti dan kue,4.3,4,11050000,Ya,Formulir daring,2025-05-06,67,50,61.0,
PLT-2025-1102,Dedi Ramadhan,99991903804904,080007200217,dedi.ramadhan@contoh.example,Jl. Anggrek No. 8 RT 05/RW 08,Sawangan Baru,Sawangan,Depok,1980-03-19,L,SMA/SMK,Tidak,1,3450000,UD Bahagia Sentosa,Kuliner,Katering rumahan,5.9,5,14950000,Tidak,Formulir daring,2025-02-24,71,76,93.0,4.2
PLT-2025-1077,Hesti Kusuma,99992209788544,080003750594,hesti.kusuma@contoh.example,Jl. Anggrek No. 19 RT 05/RW 11,Sawangan Baru,Sawangan,Depok,1978-09-22,P,SMP,Tidak,0,2350000,Studio Sejahtera Makmur,Fesyen,Hijab dan busana,4.1,2,12150000,Ya,Formulir daring,2025-02-24,76,47,,3.8
PLT-2025-1190,Usman Setiawan,99990101948656,080008206371,usman.setiawan@contoh.example,Jl. Melati No. 126 RT 09/RW 05,Mekarjaya,Sukmajaya,Depok,1994-01-01,L,S1,Tidak,1,2400000,Toko Harum Abadi,Kuliner,Warung makan,3.3,1,10100000,Ya,WhatsApp,2025-03-04,70,65,74.0,3.3
PLT-2025-1340,Hesti Maulana,99992806007937,080001239687,hesti.maulana@contoh.example,Jl. Melati No. 109 RT 11/RW 11,Cinere,Cinere,Depok,2000-06-28,P,S1,Tidak,0,1550000,UD Amanah Abadi,Pertanian,Bibit tanaman hias,1.7,3,6400000,Tidak,Datang langsung,2025-02-28,87,62,75.0,3.4
PLT-2025-1052,Agus Anggraini,99992808841971,080002876254,agus.anggraini@contoh.example,Jl. Cempaka No. 32 RT 04/RW 04,Mampang,Pancoran Mas,Depok,1984-08-28,L,SMP,Tidak,0,700000,Griya Mandiri Abadi,Fesyen,Konveksi kaos,10.9,3,6250000,Ya,Datang langsung,2025-02-06,75,62,62.0,3.8
PLT-2025-1028,Gunawan Safitri,99991610873972,080005066831,gunawan.safitri@contoh.example,Jl. Bougenville No. 56 RT 12/RW 03,Serua,Bojongsari,Depok,1987-10-16,L,D3,Tidak,0,2150000,Studio Amanah Jaya,Kuliner,Warung makan,1.8,1,11850000,Tidak,WhatsApp,2025-02-01,96,57,78.0,4.5
PLT-2025-1065,Sari Wijaya,99991507888501,080005403338,sari.wijaya@contoh.example,Jl. Melati No. 53 RT 04/RW 08,Abadijaya,Sukmajaya,Depok,1988-07-15,P,SMP,Ya,2,1050000,CV Berkah Makmur,Kriya,Anyaman bambu,3.9,2,5100000,Tidak,Formulir daring,2025-05-08,67,35,48.0,4.1
PLT-2025-1444,Mira Firdaus,99991312723719,080007263919,mira.firdaus@contoh.example,Jl. Flamboyan No. 14 RT 03/RW 07,Pondok Cina,Beji,Depok,1972-12-13,P,D3,Tidak,1,700000,Dapur Mandiri Makmur,Pertanian,Olahan jamur,4.0,3,2500000,Ya,WhatsApp,2025-04-25,85,62,77.0,4.0
PLT-2025-1290,Taufik Santoso,99990909625342,080003781778,taufik.santoso@contoh.example,Jl. Kenanga No. 86 RT 08/RW 08,Kemiri Muka,Beji,Depok,1962-09-09,L,SMA/SMK,Tidak,0,850000,Dapur Bahagia Jaya,Kuliner,Keripik kemasan,4.7,4,4550000,Tidak,Rujukan kelurahan,2025-02-25,99,76,,4.9
PLT-2025-1339,Usman Oktaviani,99992603854647,080003169153,usman.oktaviani@contoh.example,Jl. Bougenville No. 70 RT 04/RW 08,Sawangan Baru,Sawangan,Depok,1985-03-26,L,S1,Tidak,3,1950000,CV Lestari Makmur,Kriya,Gerabah hias,5.2,3,11400000,Tidak,Formulir daring,2025-03-25,74,48,50.0,5.0
PLT-2025-1082,Maya Firdaus,99992109898099,080009755838,maya.firdaus@contoh.example,Jl. Bougenville No. 129 RT 06/RW 05,Beji,Beji,Depok,1989-09-21,P,SMP,Tidak,1,4500000,Dapur Bahagia Jaya,Kuliner,Kedai kopi,4.9,4,27150000,Ya,Formulir daring,2025-03-29,90,67,81.0,4.0
PLT-2025-1308,Juwita Pratama,99992406971111,080001197560,juwita.pratama@contoh.example,Jl. Anggrek No. 66 RT 05/RW 04,Beji,Beji,Depok,1997-06-24,P,D3,Tidak,0,1500000,CV Harum Jaya,Kriya,Lilin aroma,1.3,1,4700000,Ya,Formulir daring,2025-02-11,73,94,100.0,3.6
PLT-2025-1467,Ratna Nuraini,99992906745946,080006643855,ratna.nuraini@contoh.example,Jl. Cempaka No. 126 RT 05/RW 01,Limo,Limo,Depok,1974-06-29,P,SD,Tidak,4,650000,Dapur Berkah Jaya,Fesyen,Hijab dan busana,1.3,2,3250000,Tidak,Formulir daring,2025-04-12,70,50,63.0,4.2
PLT-2025-1159,Zahra Rahayu,99991811876626,080002628676,zahra.rahayu@contoh.example,Jl. Kenanga No. 37 RT 03/RW 11,Cilangkap,Tapos,Depok,1987-11-18,P,S1,Tidak,2,1300000,Toko Harum Jaya,Fesyen,Konveksi kaos,5.6,2,5400000,Tidak,Formulir daring,2025-02-10,70,44,59.0,3.8
PLT-2025-1540,Cahyo Ramadhan,99990510952798,080005997320,cahyo.ramadhan@contoh.example,Jl. Anggrek No. 61 RT 13/RW 05,Cisalak Pasar,Cimanggis,Depok,1995-10-05,L,S1,Tidak,2,1350000,Griya Mandiri Abadi,Jasa Digital,Servis gawai,4.7,2,7850000,Ya,Datang langsung,2025-03-10,86,62,68.0,4.1
PLT-2025-1244,Mira Hidayat,99990509984189,080008457686,mira.hidayat@contoh.example,Jl. Kenanga No. 50 RT 14/RW 03,Mekarjaya,Sukmajaya,Depok,1998-09-05,P,D3,Tidak,2,750000,Studio Harum Sentosa,Kuliner,Katering rumahan,5.0,3,7500000,Tidak,Formulir daring,2025-05-10,66,61,79.0,3.4
PLT-2025-1555,Citra Saputra,99990101904029,080008721317,citra.saputra@contoh.example,Jl. Bougenville No. 57 RT 14/RW 08,Depok Jaya,Pancoran Mas,Depok,1990-01-01,P,SMA/SMK,Tidak,0,500000,UD Mandiri Sentosa,Kuliner,Katering rumahan,1.4,3,2600000,Ya,Datang langsung,2025-04-05,100,48,60.0,3.3
PLT-2025-1347,Cahyo Firdaus,99992703845992,080001591808,cahyo.firdaus@contoh.example,Jl. Anggrek No. 13 RT 05/RW 08,Sawangan Baru,Sawangan,Depok,1984-03-27,L,SMA/SMK,Tidak,1,2000000,Studio Amanah Sentosa,Jasa Digital,Servis gawai,3.0,1,6550000,Ya,Formulir daring,2025-05-06,84,51,65.0,4.6
PLT-2025-1126,Juwita Handayani,99991507751482,080005047666,juwita.handayani@contoh.example,Jl. Anggrek No. 136 RT 09/RW 09,Limo,Limo,Depok,1975-07-15,P,SMP,Tidak,2,1100000,CV Berkah Jaya,Kriya,Gerabah hias,1.6,0,7500000,Tidak,WhatsApp,2025-04-04,100,59,73.0,4.5
PLT-2025-1232,Wulan Maulana,99990112791891,080005372812,wulan.maulana@contoh.example,Jl. Bougenville No. 23 RT 02/RW 05,Gandul,Cinere,Depok,1979-12-01,P,S1,Tidak,3,1200000,CV Harum Makmur,Fesyen,Tas rajut,2.8,6,4850000,Ya,Datang langsung,2025-04-22,93,69,91.0,5.0
PLT-2025-1211,Citra Anggraini,99991912866180,080009100100,citra.anggraini@contoh.example,Jl. Anggrek No. 93 RT 03/RW 11,Curug,Cimanggis,Depok,1986-12-19,P,SD,Tidak,1,500000,Griya Sejahtera Sentosa,Kriya,Sabun artisan,3.4,4,1550000,Ya,Formulir daring,2025-03-16,82,37,,2.7
PLT-2025-1322,Mulyadi Setiawan,99991806886745,080001745333,mulyadi.setiawan@contoh.example,Jl. Cempaka No. 128 RT 05/RW 10,Cinere,Cinere,Depok,1988-06-18,L,S1,Tidak,2,2250000,Griya Sejahtera Jaya,Kuliner,Katering rumahan,0.9,0,7550000,Ya,Formulir daring,2025-04-02,75,62,76.0,4.2
PLT-2025-1463,Mulyadi Wulandari,99992412817411,080004011936,mulyadi.wulandari@contoh.example,Jl. Anggrek No. 38 RT 08/RW 03,Pangkalan Jati,Cinere,Depok,1981-12-24,L,SMA/SMK,Tidak,2,500000,UD Lestari Sentosa,Kriya,Anyaman bambu,11.2,3,3000000,Tidak,Datang langsung,2025-05-15,82,65,70.0,4.0
PLT-2025-1292,Gita Nuraini,99990801881072,080008103677,gita.nuraini@contoh.example,Jl. Kenanga No. 57 RT 04/RW 05,Gandul,Cinere,Depok,1988-01-08,P,S1,Tidak,1,1550000,CV Berkah Sentosa,Jasa Digital,Fotografi produk,3.1,4,5250000,Tidak,Datang langsung,2025-02-08,96,63,77.0,4.0
PLT-2025-1212,Taufik Ramadhan,99991109773593,080004653832,taufik.ramadhan@contoh.example,Jl. Anggrek No. 73 RT 01/RW 02,Tirtajaya,Sukmajaya,Depok,1977-09-11,L,D3,Tidak,0,750000,Dapur Berkah Sentosa,Kuliner,Kedai kopi,2.3,6,3200000,Tidak,Datang langsung,2025-03-19,79,56,69.0,4.3
PLT-2025-1411,Sari Puspita,99992208892805,080005165573,sari.puspita@contoh.example,Jl. Kenanga No. 28 RT 09/RW 08,Harjamukti,Cimanggis,Depok,1989-08-22,P,SMA/SMK,Tidak,3,1500000,Toko Mandiri Makmur,Kuliner,Warung makan,2.8,1,8550000,Tidak,Rujukan kelurahan,2025-04-03,89,62,71.0,3.5
PLT-2025-1103,Hendra Santoso,99991412817745,080001028022,hendra.santoso@contoh.example,Jl. Cempaka No. 99 RT 13/RW 11,Beji,Beji,Depok,1981-12-14,L,SMA/SMK,Tidak,0,1150000,Toko Bahagia Sentosa,Kuliner,Warung makan,2.3,4,6000000,Ya,Datang langsung,2025-05-15,96,31,53.0,4.6
PLT-2025-1476,Zahra Nuraini,99992805897741,080002883656,zahra.nuraini@contoh.example,Jl. Cempaka No. 128 RT 07/RW 08,Tanah Baru,Beji,Depok,1989-05-28,P,S1,Tidak,0,500000,Dapur Harum Abadi,Kuliner,Keripik kemasan,4.9,5,2550000,Ya,Formulir daring,2025-02-01,82,64,79.0,4.1
PLT-2025-1534,Hari Setiawan,99990706896474,080008418369,hari.setiawan@contoh.example,Jl. Kenanga No. 40 RT 08/RW 03,Curug,Cimanggis,Depok,1989-06-07,L,S1,Tidak,1,1000000,UD Lestari Makmur,Fesyen,Tas rajut,1.8,2,6200000,Tidak,Formulir daring,2025-03-13,98,66,76.0,3.7
PLT-2025-1333,Lestari Firdaus,99992808898946,080001155724,lestari.firdaus@contoh.example,Jl. Melati No. 114 RT 13/RW 05,Mekarsari,Cimanggis,Depok,1989-08-28,P,D3,Tidak,2,700000,Toko Harum Abadi,Fesyen,Sepatu kanvas,1.8,1,3600000,Tidak,Formulir daring,2025-03-09,70,46,61.0,4.0
PLT-2025-1407,Hari Hidayat,99990910661622,080005541211,hari.hidayat@contoh.example,Jl. Anggrek No. 39 RT 11/RW 04,Meruyung,Limo,Depok,1966-10-09,L,SMA/SMK,Tidak,0,500000,Studio Lestari Sentosa,Kriya,Gerabah hias,0.7,1,2800000,Ya,Rujukan kelurahan,2025-02-04,87,58,78.0,3.9
PLT-2025-1008,Agus Saputra,99990702993657,080001252769,agus.saputra@contoh.example,Jl. Melati No. 47 RT 02/RW 01,Sukatani,TAPOS,Depok,1999-02-07,L,SMP,Tidak,2,1350000,Griya Berkah Abadi,Kuliner,Keripik kemasan,2.3,5,6350000,Tidak,Rujukan kelurahan,2025-03-21,100,73,80.0,4.5
PLT-2025-1258,Irfan Permana,99990110838380,080004106520,irfan.permana@contoh.example,Jl. Flamboyan No. 65 RT 04/RW 11,Serua,Bojongsari,Depok,1983-10-01,L,SMA/SMK,Tidak,3,2950000,Dapur Berkah Jaya,Fesyen,Sepatu kanvas,7.5,2,11900000,Tidak,WhatsApp,2025-05-12,83,65,85.0,3.0
PLT-2025-1228,Fitri Santoso,99992108738891,080003461923,fitri.santoso@contoh.example,Jl. Kenanga No. 93 RT 14/RW 06,Meruyung,Limo,Depok,1973-08-21,P,SMA/SMK,Tidak,1,2700000,Griya Mandiri Jaya,Kriya,Lilin aroma,11.1,2,10050000,Ya,WhatsApp,2025-05-07,78,56,68.0,3.9
PLT-2025-1237,Tuti Setiawan,99992507705480,080007571957,tuti.setiawan@contoh.example,Jl. Flamboyan No. 14 RT 13/RW 01,Mekarsari,Cimanggis,Depok,1970-07-25,P,SMA/SMK,Tidak,0,4500000,Toko Mandiri Abadi,Kuliner,Keripik kemasan,4.7,2,15400000,Tidak,Formulir daring,2025-04-09,85,50,69.0,4.5
PLT-2025-1570,Prasetyo Pratama,99991201655523,080008608493,prasetyo.pratama@contoh.example,Jl. Cempaka No. 91 RT 03/RW 03,Sawangan Baru,Sawangan,Depok,1965-01-12,L,SMA/SMK,Tidak,0,2650000,CV Lestari Makmur,Kriya,Anyaman bambu,1.7,1,12750000,Tidak,WhatsApp,2025-02-04,92,59,84.0,5.0
PLT-2025-1182,Cahyo Handayani,99992506887818,080007589328,cahyo.handayani@contoh.example,Jl. Kenanga No. 64 RT 01/RW 10,Sukatani,Tapos,Depok,1988-06-25,L,S1,Tidak,0,2400000,UD Berkah Abadi,Kriya,Sabun artisan,3.7,0,14900000,Tidak,Rujukan kelurahan,2025-03-10,77,67,78.0,4.5
PLT-2025-1398,Prasetyo Kusuma,99990301932130,080008496699,prasetyo.kusuma@contoh.example,Jl. Melati No. 63 RT 01/RW 11,Sawangan Baru,Sawangan,Depok,1993-01-03,L,S1,Tidak,3,1300000,Studio Lestari Jaya,Kuliner,Kedai kopi,2.0,3,13050000,Ya,Rujukan kelurahan,2025-05-01,92,25,32.0,5.0
PLT-2025-1197,Maya Nuraini,99990406007603,080003796306,maya.nuraini@contoh.example,Jl. Cempaka No. 44 RT 10/RW 03,Curug,Cimanggis,Depok,2000-06-04,P,S1,Tidak,3,2350000,CV Lestari Sentosa,Kuliner,Kedai kopi,2.8,5,7200000,Tidak,Rujukan kelurahan,2025-04-09,100,80,98.0,4.1
PLT-2025-1281,Putri Wulandari,99992911882734,080004193960,putri.wulandari@contoh.example,Jl. Melati No. 121 RT 10/RW 08,Mampang,Pancoran Mas,Depok,1988-11-29,P,SMA/SMK,Tidak,2,900000,Dapur Lestari Sentosa,Jasa Digital,Desain grafis,3.0,1,4550000,Tidak,Formulir daring,2025-03-22,97,70,79.0,3.5
PLT-2025-1419,Juwita Maulana,99991905892752,080002620189,juwita.maulana@contoh.example,Jl. Kenanga No. 79 RT 01/RW 04,Bojong Pondok Terong,Cipayung,Depok,1989-05-19,P,SMA/SMK,Tidak,4,5150000,Studio Sejahtera Makmur,Kuliner,Roti dan kue,5.8,4,15900000,Ya,Formulir daring,2025-02-18,88,68,77.0,4.3
PLT-2025-1593,Ayu Pratama,99990201023046,080004635918,ayu.pratama@contoh.example,Jl. Kenanga No. 28 RT 14/RW 05,Depok Jaya,Pancoran Mas,Depok,2002-01-02,P,S1,Tidak,2,500000,Dapur Berkah Abadi,Kuliner,Roti dan kue,6.5,2,3800000,Ya,Rujukan kelurahan,2025-03-06,82,58,75.0,4.5
PLT-2025-1551,Wulan Kusuma,99992503851689,080002808403,wulan.kusuma@contoh.example,Jl. Melati No. 113 RT 10/RW 03,Mekarjaya,Sukmajaya,Depok,1985-03-25,P,SMA/SMK,Tidak,3,1100000,Studio Bahagia Abadi,Kuliner,Warung makan,0.8,2,7950000,Tidak,Formulir daring,2025-04-05,84,69,78.0,3.7
PLT-2025-1508,Prasetyo Rahayu,99991008985587,080001715761,prasetyo.rahayu@contoh.example,Jl. Anggrek No. 10 RT 09/RW 06,Abadijaya,Sukmajaya,Depok,1998-08-10,L,SMP,Tidak,1,2300000,Griya Sejahtera Makmur,Fesyen,Tas rajut,2.5,1,7600000,Ya,WhatsApp,2025-02-16,67,36,35.0,3.9
PLT-2025-1050,Cahyo Nuraini,99991803003218,080008539364,cahyo.nuraini@contoh.example,Jl. Anggrek No. 61 RT 04/RW 01,Curug,Cimanggis,Depok,2000-03-18,L,SMA/SMK,Tidak,0,2400000,Griya Cahaya Makmur,Kuliner,Katering rumahan,3.4,5,11900000,Tidak,Formulir daring,2025-03-20,96,65,63.0,4.0
PLT-2025-1187,Lukman Hidayat,99992911933891,080007521240,lukman.hidayat@contoh.example,Jl. Melati No. 43 RT 07/RW 06,Sawangan Baru,Sawangan,Depok,1993-11-29,L,D3,Tidak,0,800000,CV Amanah Sentosa,Jasa Digital,Servis gawai,3.4,4,6400000,Tidak,WhatsApp,2025-04-29,88,59,69.0,5.0
PLT-2025-1341,Juwita Permana,99991410898408,080002539028,juwita.permana@contoh.example,Jl. Cempaka No. 89 RT 05/RW 05,Rangkapan Jaya,Pancoran Mas,Depok,1989-10-14,P,SMA/SMK,Tidak,2,1050000,Studio Cahaya Sentosa,Kriya,Gerabah hias,0.9,2,8550000,Ya,WhatsApp,2025-05-22,100,42,60.0,3.6
PLT-2025-1164,Ayu Rahayu,99990105839368,080003971051,ayu.rahayu@contoh.example,Jl. Flamboyan No. 15 RT 01/RW 08,Pangkalan Jati,Cinere,Depok,1983-05-01,P,SMA/SMK,Tidak,1,2900000,UD Berkah Sentosa,Kuliner,Katering rumahan,7.4,3,9500000,Tidak,WhatsApp,2025-03-10,87,81,91.0,4.0
PLT-2025-1022,Bunga Anggraini,99990101785627,080003007418,bunga.anggraini@contoh.example,Jl. Melati No. 81 RT 04/RW 11,Meruyung,Limo,Depok,1978-01-01,P,S1,Tidak,2,750000,Toko Sejahtera Jaya,Pertanian,Bibit tanaman hias,0.7,6,4350000,Tidak,WhatsApp,2025-05-10,100,63,83.0,3.7
PLT-2025-1318,Gunawan Setiawan,99992305921542,080005016636,gunawan.setiawan@contoh.example,Jl. Bougenville No. 62 RT 10/RW 07,Kemiri Muka,Beji,Depok,1992-05-23,L,SMP,Tidak,2,800000,Dapur Bahagia Abadi,Kriya,Sabun artisan,5.9,2,6550000,Tidak,Formulir daring,2025-05-03,83,50,70.0,4.2
PLT-2025-1234,Dewi Wulandari,99992103058640,080008456145,dewi.wulandari@contoh.example,Jl. Flamboyan No. 125 RT 01/RW 07,Baktijaya,Sukmajaya,Depok,2005-03-21,P,S1,Tidak,3,1850000,UD Amanah Sentosa,Kuliner,Katering rumahan,3.8,2,13700000,Ya,Formulir daring,2025-04-11,100,69,90.0,
PLT-2025-1168,Sari Puspita,99990702972927,080004410525,sari.puspita@contoh.example,Jl. Anggrek No. 35 RT 10/RW 06,Depok Jaya,Pancoran Mas,Depok,1997-02-07,P,SMA/SMK,Tidak,3,1350000,Toko Sejahtera Makmur,Fesyen,Konveksi kaos,4.8,1,4650000,Tidak,WhatsApp,2025-04-05,78,43,63.0,3.7
PLT-2025-1390,Agus Wijaya,99990208788944,080005707413,agus.wijaya@contoh.example,Jl. Kenanga No. 133 RT 05/RW 08,Mekarsari,Cimanggis,Depok,1978-08-02,L,SMA/SMK,Tidak,2,5250000,CV Harum Makmur,Fesyen,Tas rajut,0.3,1,15750000,Ya,WhatsApp,2025-02-22,65,35,44.0,4.7
PLT-2025-1355,Vina Pratama,99991305874681,080007221263,vina.pratama@contoh.example,Jl. Flamboyan No. 21 RT 13/RW 04,Cilangkap,Tapos,Depok,1987-05-13,P,S1,Tidak,0,2100000,Studio Harum Makmur,Fesyen,Konveksi kaos,4.3,1,13400000,Tidak,Formulir daring,2025-02-24,80,55,55.0,
PLT-2025-1069,Tuti Nugroho,99991510931477,080002584959,tuti.nugroho@contoh.example,Jl. Cempaka No. 139 RT 02/RW 03,Cisalak Pasar,Cimanggis,Depok,1993-10-15,P,S1,Tidak,3,1400000,CV Bahagia Abadi,Kuliner,Keripik kemasan,6.3,3,4350000,Tidak,Formulir daring,2025-03-10,100,45,69.0,4.5
PLT-2025-1186,Putri Safitri,99991507703428,080005199936,putri.safitri@contoh.example,Jl. Anggrek No. 80 RT 14/RW 08,Meruyung,Limo,Depok,1970-07-15,P,S1,Tidak,2,800000,Toko Harum Abadi,Fesyen,Sepatu kanvas,1.0,5,4050000,Tidak,WhatsApp,2025-05-26,75,41,40.0,4.1
PLT-2025-1515,Juwita Safitri,99990709868839,080002782179,juwita.safitri@contoh.example,Jl. Kenanga No. 80 RT 11/RW 07,Limo,Limo,Depok,1986-09-07,P,SMA/SMK,Tidak,2,3000000,Dapur Berkah Abadi,Kuliner,Roti dan kue,0.9,1,10800000,Tidak,Datang langsung,2025-02-09,89,40,55.0,4.7
PLT-2025-1601,Rudi Rahayu,99990511804811,080003690944,rudi.rahayu@contoh.example,Jl. Kenanga No. 107 RT 14/RW 05,Rangkapan Jaya,Pancoran Mas,Depok,1980-11-05,L,D3,Tidak,2,750000,Studio Mandiri Abadi,Fesyen,Sepatu kanvas,1.8,4,3000000,Tidak,Datang langsung,2025-04-30,82,93,100.0,4.7
PLT-2025-1556,Prasetyo Pratama,99991501821250,080003826008,prasetyo.pratama@contoh.example,Jl. Bougenville No. 109 RT 09/RW 09,Limo,Limo,Depok,1982-01-15,L,SMA/SMK,Tidak,1,2100000,UD Lestari Makmur,Jasa Digital,Desain grafis,5.4,2,13650000,Tidak,WhatsApp,2025-04-16,74,75,81.0,4.9
PLT-2025-1364,Lestari Handayani,99991806674008,080006955864,lestari.handayani@contoh.example,Jl. Kenanga No. 98 RT 03/RW 11,Curug,Cimanggis,Depok,1967-06-18,P,SMA/SMK,Tidak,2,500000,Studio Lestari Abadi,Fesyen,Sepatu kanvas,2.1,1,2600000,Tidak,WhatsApp,2025-05-07,63,54,58.0,4.4
PLT-2025-1205,Mira Nuraini,99991004797142,080006564035,mira.nuraini@contoh.example,Jl. Kenanga No. 99 RT 06/RW 11,Curug,Cimanggis,Depok,1979-04-10,P,SMA/SMK,Tidak,2,3000000,Toko Lestari Abadi,Kuliner,Katering rumahan,2.3,4,12150000,Tidak,Formulir daring,2025-02-21,97,64,80.0,5.0
PLT-2025-1351,Taufik Handayani,99990502845703,080009836982,taufik.handayani@contoh.example,Jl. Melati No. 100 RT 14/RW 09,Sukatani,Tapos,Depok,1984-02-05,L,SMA/SMK,Tidak,1,1050000,Dapur Amanah Abadi,Kriya,Anyaman bambu,5.6,3,3450000,Ya,WhatsApp,2025-03-04,68,71,80.0,4.1
PLT-2025-1151,Joko Firdaus,99992809835436,080006182251,joko.firdaus@contoh.example,Jl. Melati No. 109 RT 12/RW 11,Bojongsari Baru,Bojongsari,Depok,1983-09-28,L,SMP,Tidak,2,6450000,Toko Cahaya Sentosa,Kriya,Lilin aroma,4.3,0,19850000,Tidak,Datang langsung,2025-03-30,69,66,84.0,
PLT-2025-1521,Indah Maulana,99990807975946,080006531146,indah.maulana@contoh.example,Jl. Bougenville No. 121 RT 05/RW 10,Mekarsari,Cimanggis,Depok,1997-07-08,P,D3,Tidak,1,4100000,Dapur Bahagia Sentosa,Fesyen,Tas rajut,1.6,5,19250000,Tidak,Formulir daring,2025-03-04,87,46,63.0,3.5
PLT-2025-1486,Gita Nugroho,99991507835859,080001413370,gita.nugroho@contoh.example,Jl. Kenanga No. 30 RT 02/RW 01,Mekarjaya,Sukmajaya,Depok,1983-07-15,P,SMA/SMK,Tidak,0,2600000,Studio Lestari Makmur,Jasa Digital,Desain grafis,0.3,3,10350000,Tidak,Formulir daring,2025-04-27,97,73,82.0,5.0
PLT-2025-1029,Ayu Wijaya,99992312894513,,ayu.wijaya@contoh.example,Jl. Flamboyan No. 132 RT 09/RW 04,Cisalak Pasar,Cimanggis,Depok,1989-12-23,P,S1,Tidak,2,500000,UD Mandiri Jaya,Fesyen,Hijab dan busana,0.5,3,1600000,Tidak,Formulir daring,2025-05-08,97,38,52.0,3.5
PLT-2025-1437,Cahyo Safitri,99990508068214,080001317941,cahyo.safitri@contoh.example,Jl. Cempaka No. 71 RT 14/RW 02,Sawangan Baru,Sawangan,Depok,2006-08-05,L,SMA/SMK,Tidak,0,600000,CV Mandiri Sentosa,Jasa Digital,Servis gawai,3.3,2,2200000,Ya,Formulir daring,2025-03-11,98,62,77.0,3.3
PLT-2025-1238,Wulan Puspita,99991409869603,080001025960,wulan.puspita@contoh.example,Jl. Bougenville No. 80 RT 02/RW 02,Meruyung,Limo,Depok,1986-09-14,P,SMA/SMK,Tidak,1,2250000,Griya Mandiri Sentosa,Kuliner,Katering rumahan,5.5,3,7800000,Tidak,Rujukan kelurahan,2025-02-25,73,71,78.0,3.8
PLT-2025-1161,Tuti Pratama,99992807876945,080006191705,tuti.pratama@contoh.example,Jl. Bougenville No. 95 RT 13/RW 04,Gandul,Cinere,Depok,1987-07-28,P,S1,Tidak,3,1250000,Dapur Berkah Jaya,Jasa Digital,Fotografi produk,3.2,4,8200000,Tidak,WhatsApp,2025-02-17,100,64,,3.5
PLT-2025-1584,Tuti Setiawan,99990311936316,080007938781,tuti.setiawan@contoh.example,Jl. Cempaka No. 12 RT 01/RW 06,Pangkalan Jati,Cinere,Depok,1993-11-03,P,SMA/SMK,Tidak,2,1200000,Dapur Bahagia Sentosa,Fesyen,Sepatu kanvas,2.5,1,5000000,Tidak,Formulir daring,2025-04-09,83,61,69.0,3.8
PLT-2025-1602,Lestari Hidayat,99991308949415,080007541593,lestari.hidayat@contoh.example,Jl. Cempaka No. 114 RT 02/RW 10,Gandul,Cinere,Depok,1994-08-13,P,S1,Tidak,2,800000,UD Bahagia Abadi,Kriya,Lilin aroma,3.2,0,4250000,Tidak,Formulir daring,2025-04-20,91,48,66.0,3.3
PLT-2025-1393,Gunawan Oktaviani,99992504005353,080003193494,gunawan.oktaviani@contoh.example,Jl. Kenanga No. 53 RT 05/RW 05,Sukatani,Tapos,Depok,2000-04-25,L,D3,Tidak,0,1300000,CV Cahaya Sentosa,Kriya,Gerabah hias,0.7,2,5450000,Ya,WhatsApp,2025-04-11,75,77,92.0,4.6
PLT-2025-1323,Ratna Ramadhan,99991109812936,080008472539,ratna.ramadhan@contoh.example,Jl. Bougenville No. 133 RT 10/RW 03,Kemiri Muka,Beji,Depok,1981-09-11,P,SMA/SMK,Tidak,0,1300000,Griya Berkah Abadi,Kuliner,Keripik kemasan,1.7,4,3900000,Tidak,Formulir daring,2025-02-27,100,59,66.0,3.9
PLT-2025-1116,Prasetyo Nuraini,99991201912269,080009918231,prasetyo.nuraini@contoh.example,Jl. Anggrek No. 126 RT 11/RW 06,Sukatani,Tapos,Depok,1991-01-12,L,S1,Tidak,1,750000,Studio Mandiri Makmur,Jasa Digital,Fotografi produk,5.8,3,3250000,Ya,WhatsApp,2025-02-07,68,58,65.0,4.8
PLT-2025-1342,Indah Safitri,99991309875989,080004437761,indah.safitri@contoh.example,Jl. Melati No. 76 RT 05/RW 10,Kemiri Muka,Beji,Depok,1987-09-13,P,D3,Tidak,0,2850000,Dapur Mandiri Makmur,Kuliner,Keripik kemasan,11.1,6,17300000,Tidak,Datang langsung,2025-02-18,79,73,86.0,3.7
PLT-2025-1257,Slamet Maulana,99991212034495,080009581464,slamet.maulana@contoh.example,Jl. Flamboyan No. 1 RT 04/RW 07,Abadijaya,Sukmajaya,Depok,2003-12-12,L,SMP,Tidak,1,900000,Studio Mandiri Sentosa,Pertanian,Hidroponik sayur,1.9,3,2800000,Tidak,WhatsApp,2025-03-16,71,62,77.0,4.2
PLT-2025-1406,Dedi Firdaus,99991010888854,080003793174,dedi.firdaus@contoh.example,Jl. Cempaka No. 79 RT 04/RW 11,Mekarjaya,Sukmajaya,Depok,1988-10-10,L,SMA/SMK,Tidak,4,1350000,CV Amanah Sentosa,Pertanian,Bibit tanaman hias,6.1,2,7050000,Tidak,WhatsApp,2025-05-25,81,61,81.0,3.9
PLT-2025-1456,Agus Nugroho,99991401723626,080003802393,agus.nugroho@contoh.example,Jl. Bougenville No. 82 RT 08/RW 04,Tirtajaya,Sukmajaya,Depok,1972-01-14,L,SMA/SMK,Tidak,1,3850000,UD Lestari Sentosa,Fesyen,Konveksi kaos,7.7,2,12350000,Ya,WhatsApp,2025-04-25,82,74,,3.2
PLT-2025-1525,Citra Nuraini,99992312927478,080004617814,citra.nuraini@contoh.example,Jl. Cempaka No. 113 RT 04/RW 11,Bojongsari Baru,Bojongsari,Depok,1992-12-23,P,D3,Tidak,1,650000,UD Bahagia Makmur,Fesyen,Konveksi kaos,1.3,2,2700000,Tidak,Formulir daring,2025-03-01,79,60,67.0,3.8
PLT-2025-1379,Oktavia Setiawan,99990912025684,080001452963,oktavia.setiawan@contoh.example,Jl. Kenanga No. 16 RT 14/RW 11,Pangkalan Jati,Cinere,Depok,2002-12-09,P,SMA/SMK,Tidak,1,750000,Toko Cahaya Abadi,Kriya,Lilin aroma,2.3,1,3400000,Tidak,Rujukan kelurahan,2025-05-06,72,58,77.0,4.0
PLT-2025-1046,Endah Wijaya,99990801785134,080004408423,endah.wijaya@contoh.example,Jl. Flamboyan No. 63 RT 03/RW 08,Pondok Cina,Beji,Depok,1978-01-08,P,SD,Tidak,1,1400000,Dapur Sejahtera Makmur,Kuliner,Keripik kemasan,4.3,3,6450000,Ya,Formulir daring,2025-03-01,88,53,76.0,4.0
PLT-2025-1003,Putri Maulana,99990207834012,080001609429,putri.maulana@contoh.example,Jl. Kenanga No. 85 RT 09/RW 10,Sukatani,Tapos,Depok,1983-07-02,P,SMP,Tidak,1,650000,UD Cahaya Makmur,Pertanian,Hidroponik sayur,2.1,3,2250000,Tidak,Formulir daring,2025-03-13,81,80,94.0,4.4
PLT-2025-1368,Lukman Permana,99990307841589,080008880034,lukman.permana@contoh.example,Jl. Anggrek No. 121 RT 08/RW 10,Tirtajaya,Sukmajaya,Depok,1984-07-03,L,SMA/SMK,Tidak,3,3550000,UD Harum Makmur,Kuliner,Katering rumahan,3.9,1,12350000,Tidak,Datang langsung,2025-05-20,79,63,81.0,3.7
PLT-2025-1391,Bambang Hidayat,99990106824131,080004018107,bambang.hidayat@contoh.example,Jl. Bougenville No. 112 RT 13/RW 03,Baktijaya,Sukmajaya,Depok,1982-06-01,L,SMA/SMK,Tidak,0,1650000,CV Amanah Jaya,Kuliner,Roti dan kue,7.3,4,6800000,Ya,Datang langsung,2025-04-19,75,44,58.0,3.5
PLT-2025-1235,Usman Setiawan,99990304983733,080003682371,usman.setiawan@contoh.example,Jl. Flamboyan No. 129 RT 05/RW 08,Mekarsari,CIMANGGIS,Depok,1998-04-03,L,SMA/SMK,Tidak,0,550000,CV Cahaya Sentosa,Fesyen,Konveksi kaos,2.5,2,4500000,Tidak,WhatsApp,2025-04-07,88,47,62.0,3.0
PLT-2025-1030,Citra Safitri,99992908943569,080004856554,citra.safitri@contoh.example,Jl. Cempaka No. 51 RT 12/RW 08,Gandul,Cinere,Depok,1994-08-29,P,S1,Tidak,1,2600000,CV Lestari Jaya,Fesyen,Tas rajut,3.1,1,10050000,Tidak,Datang langsung,2025-03-18,69,66,81.0,4.6
PLT-2025-1154,Yanti Puspita,99991405809395,080005172297,yanti.puspita@contoh.example,Jl. Kenanga No. 86 RT 03/RW 04,Beji,Beji,Depok,1980-05-14,P,SMA/SMK,Tidak,3,2050000,UD Berkah Jaya,Kuliner,Roti dan kue,5.7,2,6150000,Ya,Formulir daring,2025-05-09,77,66,84.0,2.5
PLT-2025-1507,Maya Wulandari,99990605842849,080004483857,maya.wulandari@contoh.example,Jl. Cempaka No. 115 RT 04/RW 10,Tanah Baru,Beji,Depok,1984-05-06,P,SMA/SMK,Tidak,0,1150000,Griya Cahaya Makmur,Pertanian,Bibit tanaman hias,1.6,2,3600000,Tidak,Formulir daring,2025-04-03,75,56,,3.8
PLT-2025-1445,Prasetyo Ramadhan,99992012891954,080008593102,prasetyo.ramadhan@contoh.example,Jl. Flamboyan No. 88 RT 01/RW 05,Cinere,Cinere,Depok,1989-12-20,L,SMP,Tidak,2,550000,Griya Cahaya Jaya,Jasa Digital,Desain grafis,1.4,0,5800000,Tidak,Datang langsung,2025-02-16,99,40,50.0,3.9
PLT-2025-1449,Putri Setiawan,99992605901074,080002444740,putri.setiawan@contoh.example,Jl. Cempaka No. 38 RT 11/RW 10,Limo,Limo,Depok,1990-05-26,P,SMP,Tidak,2,700000,Toko Berkah Jaya,Kriya,Lilin aroma,1.3,2,2450000,Ya,Formulir daring,2025-03-27,60,30,,4.5
PLT-2025-1279,Prasetyo Permana,99990403864138,080002233160,prasetyo.permana@contoh.example,Jl. Kenanga No. 80 RT 09/RW 08,Mekarjaya,Sukmajaya,Depok,1986-03-04,L,SMA/SMK,Tidak,4,1200000,Dapur Cahaya Abadi,Kuliner,Keripik kemasan,3.7,3,7350000,Tidak,Formulir daring,2025-02-08,83,50,53.0,3.9
PLT-2025-1051,Taufik Oktaviani,99993101902431,080003392999,taufik.oktaviani@contoh.example,Jl. Melati No. 85 RT 14/RW 10,Mekarsari,Cimanggis,Depok,1990-01-31,L,S1,Tidak,2,500000,Dapur Mandiri Abadi,Kuliner,Keripik kemasan,1.5,3,5300000,Tidak,Datang langsung,2025-03-09,95,60,71.0,4.7
PLT-2025-1036,Dedi Saputra,99990712825702,080007203396,dedi.saputra@contoh.example,Jl. Cempaka No. 21 RT 02/RW 05,Tirtajaya,Sukmajaya,Depok,1982-12-07,L,SMA/SMK,Tidak,3,800000,CV Cahaya Makmur,Jasa Digital,Servis gawai,8.7,3,2650000,Tidak,Datang langsung,2025-05-09,91,47,58.0,3.5
PLT-2025-1097,Irfan Puspita,99992205881602,080008795995,irfan.puspita@contoh.example,Jl. Anggrek No. 117 RT 04/RW 08,Mekarjaya,Sukmajaya,Depok,1988-05-22,L,SMA/SMK,Tidak,2,3600000,Toko Bahagia Abadi,Jasa Digital,Desain grafis,3.1,0,21950000,Ya,Formulir daring,2025-03-02,71,38,50.0,
PLT-2025-1415,Putri Wulandari,99991804979703,080009671824,putri.wulandari@contoh.example,Jl. Melati No. 100 RT 09/RW 07,Mekarjaya,Sukmajaya,Depok,1997-04-18,P,SMA/SMK,Tidak,1,2950000,Studio Lestari Sentosa,Fesyen,Tas rajut,9.7,3,14150000,Tidak,WhatsApp,2025-04-03,81,62,82.0,5.0
PLT-2025-1013,Wulan Maulana,99992209794976,080003744272,wulan.maulana@contoh.example,Jl. Flamboyan No. 35 RT 04/RW 11,Depok Jaya,Pancoran Mas,Depok,1979-09-22,P,SMA/SMK,Tidak,0,500000,Dapur Amanah Jaya,Fesyen,Sepatu kanvas,1.3,2,4700000,Tidak,Formulir daring,2025-03-17,78,70,,4.0
PLT-2025-1163,Nanda Nugroho,99990802063403,080003324748,nanda.nugroho@contoh.example,Jl. Bougenville No. 96 RT 10/RW 10,Beji,Beji,Depok,2006-02-08,L,D3,Tidak,3,1550000,Toko Sejahtera Jaya,Jasa Digital,Desain grafis,3.1,5,5100000,Tidak,Formulir daring,2025-02-27,68,56,,4.6
PLT-2025-1058,Wulan Setiawan,99990605882921,080001262188,wulan.setiawan@contoh.example,Jl. Flamboyan No. 37 RT 03/RW 04,Beji,Beji,Depok,1988-05-06,P,SMA/SMK,Tidak,1,1000000,CV Cahaya Sentosa,Fesyen,Tas rajut,10.0,0,3450000,Ya,Formulir daring,2025-02-13,82,64,76.0,4.5
PLT-2025-1063,Wulan Permana,99991904874600,080007284177,wulan.permana@contoh.example,Jl. Bougenville No. 46 RT 09/RW 09,Pangkalan Jati,Cinere,Depok,1987-04-19,P,SMA/SMK,Tidak,4,1100000,UD Harum Abadi,Kriya,Sabun artisan,4.2,3,6900000,Tidak,Formulir daring,2025-03-22,82,68,68.0,5.0
PLT-2025-1233,Dewi Kusuma,99991812013635,080008498648,dewi.kusuma@contoh.example,Jl. Anggrek No. 44 RT 04/RW 01,Sukatani,Tapos,Depok,2001-12-18,P,SMP,Tidak,3,500000,UD Mandiri Jaya,Jasa Digital,Desain grafis,2.4,2,3150000,Tidak,Datang langsung,2025-05-23,95,63,85.0,4.6
PLT-2025-1438,Maya Puspita,99991801882010,080009493829,maya.puspita@contoh.example,Jl. Flamboyan No. 100 RT 01/RW 06,Pangkalan Jati,Cinere,Depok,1988-01-18,P,SMA/SMK,Ya,0,2900000,Studio Amanah Jaya,Kriya,Lilin aroma,0.6,1,10250000,Ya,Datang langsung,2025-04-20,87,58,68.0,3.5
PLT-2025-1530,Eko Puspita,99992309976900,080001481019,eko.puspita@contoh.example,Jl. Cempaka No. 48 RT 11/RW 11,Sawangan Baru,Sawangan,Depok,1997-09-23,L,D3,Tidak,2,1450000,Griya Sejahtera Abadi,Fesyen,Hijab dan busana,4.4,2,5500000,Ya,Formulir daring,2025-03-30,75,48,66.0,4.4
PLT-2025-1606,Lukman Setiawan,99992102894048,080002901652,lukman.setiawan@contoh.example,Jl. Kenanga No. 19 RT 01/RW 06,Serua,Bojongsari,Depok,1989-02-21,L,SMA/SMK,Tidak,3,2400000,Studio Bahagia Sentosa,Kuliner,Kedai kopi,7.2,7,13050000,Ya,Datang langsung,2025-03-18,73,61,70.0,4.0
PLT-2025-1405,Sari Ramadhan,99990807974469,080005668237,sari.ramadhan@contoh.example,Jl. Flamboyan No. 139 RT 14/RW 09,Bojongsari Baru,Bojongsari,Depok,1997-07-08,P,SMA/SMK,Tidak,1,1000000,CV Amanah Jaya,Kuliner,Katering rumahan,16.9,3,7550000,Tidak,Datang langsung,2025-05-09,59,53,66.0,4.0
PLT-2025-1265,Slamet Rahayu,99992808697394,080003691397,slamet.rahayu@contoh.example,Jl. Bougenville No. 74 RT 12/RW 07,Beji,Beji,Depok,1969-08-28,L,SMA/SMK,Tidak,1,500000,Dapur Mandiri Makmur,Kuliner,Warung makan,0.9,0,4250000,Tidak,Datang langsung,2025-02-24,87,36,58.0,3.4
PLT-2025-1440,Hendra Maulana,99993008775713,080007387832,hendra.maulana@contoh.example,Jl. Kenanga No. 1 RT 03/RW 09,Rangkapan Jaya,Pancoran Mas,Depok,1977-08-30,L,SMP,Tidak,3,1300000,Dapur Bahagia Sentosa,Kriya,Sabun artisan,4.3,2,4700000,Ya,Formulir daring,2025-05-19,81,62,75.0,5.0
PLT-2025-1384,Bunga Permana,99991805818376,080006809578,bunga.permana@contoh.example,Jl. Anggrek No. 48 RT 06/RW 03,Depok Jaya,Pancoran Mas,Depok,1981-05-18,P,S1,Tidak,1,800000,UD Berkah Abadi,Fesyen,Konveksi kaos,8.9,2,2850000,Tidak,Formulir daring,2025-05-25,91,56,71.0,3.4
PLT-2025-1404,Yusuf Safitri,99990301848786,080005263277,yusuf.safitri@contoh.example,Jl. Bougenville No. 54 RT 13/RW 09,Harjamukti,CIMANGGIS,Depok,1984-01-03,L,SMA/SMK,Tidak,2,3800000,Toko Sejahtera Jaya,Pertanian,Bibit tanaman hias,9.9,4,14500000,Tidak,Rujukan kelurahan,2025-03-07,100,64,72.0,3.7
PLT-2025-1078,Dewi Nugroho,99991608811915,080002700773,dewi.nugroho@contoh.example,Jl. Kenanga No. 11 RT 07/RW 01,Curug,Cimanggis,Depok,1981-08-16,P,SMA/SMK,Tidak,3,4050000,Dapur Bahagia Abadi,Pertanian,Hidroponik sayur,2.0,3,17050000,Ya,Rujukan kelurahan,2025-05-29,78,28,43.0,3.7
PLT-2025-1045,Indah Saputra,99990901976976,080001603466,indah.saputra@contoh.example,Jl. Flamboyan No. 125 RT 12/RW 05,Gandul,Cinere,Depok,1997-01-09,P,S1,Tidak,2,1700000,CV Amanah Sentosa,Jasa Digital,Servis gawai,1.9,6,9750000,Ya,Rujukan kelurahan,2025-05-12,100,83,96.0,3.4
PLT-2025-1371,Dewi Puspita,99992610719051,080002961081,dewi.puspita@contoh.example,Jl. Anggrek No. 73 RT 06/RW 07,Pondok Cina,Beji,Depok,1971-10-26,P,D3,Tidak,1,1100000,UD Bahagia Makmur,Kuliner,Roti dan kue,5.4,4,6900000,Tidak,Formulir daring,2025-02-15,75,54,69.0,
PLT-2025-1331,Gunawan Handayani,99992909055354,080007573863,gunawan.handayani@contoh.example,Jl. Cempaka No. 22 RT 01/RW 10,Mekarsari,CIMANGGIS,Depok,2005-09-29,L,SMA/SMK,Tidak,4,500000,Dapur Harum Jaya,Kriya,Anyaman bambu,3.0,2,3050000,Tidak,Datang langsung,2025-05-02,85,68,88.0,4.5
PLT-2025-1157,Bambang Nugroho,99990801806217,080002534014,bambang.nugroho@contoh.example,Jl. Cempaka No. 76 RT 09/RW 07,Tanah Baru,Beji,Depok,1980-01-08,L,SD,Tidak,2,2750000,Toko Bahagia Makmur,Kriya,Anyaman bambu,4.6,5,12550000,Ya,Formulir daring,2025-04-03,92,70,97.0,4.3
PLT-2025-1024,Umi Rahayu,99992503011718,080007183265,umi.rahayu@contoh.example,Jl. Kenanga No. 26 RT 04/RW 10,Cilangkap,Tapos,Depok,2001-03-25,P,SMA/SMK,Tidak,2,650000,Toko Harum Abadi,Pertanian,Hidroponik sayur,1.5,4,2450000,Ya,Rujukan kelurahan,2025-02-13,100,53,58.0,4.3
PLT-2025-1464,Agus Rahayu,99990707855014,080007312700,agus.rahayu@contoh.example,Jl. Kenanga No. 96 RT 05/RW 10,Harjamukti,Cimanggis,Depok,1985-07-07,L,SMA/SMK,Ya,2,700000,Dapur Cahaya Abadi,Kriya,Sabun artisan,1.9,4,3400000,Tidak,WhatsApp,2025-05-07,100,37,63.0,
PLT-2025-1561,Hendra Maulana,99991112944326,080005651372,hendra.maulana@contoh.example,Jl. Cempaka No. 26 RT 05/RW 04,Mekarsari,Cimanggis,Depok,1994-12-11,L,SMA/SMK,Tidak,3,750000,CV Lestari Makmur,Fesyen,Konveksi kaos,4.0,0,4000000,Tidak,WhatsApp,2025-04-03,91,44,52.0,4.4
PLT-2025-1256,Ayu Santoso,99990510998535,080009283587,ayu.santoso@contoh.example,Jl. Bougenville No. 13 RT 09/RW 06,Kemiri Muka,BEJI,Depok,1999-10-05,P,SMA/SMK,Tidak,2,2250000,UD Sejahtera Makmur,Kuliner,Roti dan kue,4.5,2,9250000,Tidak,Formulir daring,2025-05-15,61,71,87.0,4.5
PLT-2025-1382,Sari Safitri,99991106719945,080008399224,sari.safitri@contoh.example,Jl. Flamboyan No. 23 RT 03/RW 05,Depok Jaya,Pancoran Mas,Depok,1971-06-11,P,SMP,Tidak,1,5850000,Griya Mandiri Sentosa,Jasa Digital,Fotografi produk,7.2,4,19450000,Tidak,Formulir daring,2025-05-06,82,51,57.0,4.2
PLT-2025-1566,Dedi Hidayat,99992207835908,080006091296,dedi.hidayat@contoh.example,Jl. Melati No. 91 RT 07/RW 07,Mekarjaya,Sukmajaya,Depok,1983-07-22,L,SMP,Tidak,4,1300000,Griya Mandiri Sentosa,Kuliner,Roti dan kue,4.1,3,7150000,Tidak,Formulir daring,2025-05-06,100,64,63.0,3.7
PLT-2025-1607,Zahra Oktaviani,99991109933766,080003865188,zahra.oktaviani@contoh.example,Jl. Anggrek No. 71 RT 07/RW 10,Mekarjaya,Sukmajaya,Depok,1993-09-11,P,S1,Tidak,1,750000,Griya Berkah Jaya,Fesyen,Konveksi kaos,4.7,4,5350000,Tidak,Formulir daring,2025-02-27,86,63,70.0,3.4
PLT-2025-1565,Nurul Hidayat,99992108906307,080005134646,nurul.hidayat@contoh.example,Jl. Flamboyan No. 53 RT 08/RW 04,Limo,Limo,Depok,1990-08-21,P,S1,Tidak,0,1300000,Griya Cahaya Makmur,Fesyen,Hijab dan busana,2.4,6,5800000,Ya,Datang langsung,2025-03-10,99,55,63.0,
PLT-2025-1289,Joko Kusuma,99992910858483,080009167973,joko.kusuma@contoh.example,Jl. Melati No. 42 RT 08/RW 07,Bojong Pondok Terong,Cipayung,Depok,1985-10-29,L,SMA/SMK,Tidak,1,1700000,Toko Lestari Makmur,Jasa Digital,Servis gawai,13.1,3,12900000,Ya,Formulir daring,2025-05-27,85,49,61.0,4.1
PLT-2025-1514,Oktavia Setiawan,99993006867321,080005006979,oktavia.setiawan@contoh.example,Jl. Cempaka No. 22 RT 03/RW 09,Kemiri Muka,Beji,Depok,1986-06-30,P,S1,Tidak,2,3500000,Toko Bahagia Jaya,Kuliner,Roti dan kue,7.6,4,11450000,Ya,Rujukan kelurahan,2025-03-26,87,64,85.0,4.0
PLT-2025-1469,Dewi Pratama,99992502934939,080007732616,dewi.pratama@contoh.example,Jl. Bougenville No. 13 RT 04/RW 11,Rangkapan Jaya,Pancoran Mas,Depok,1993-02-25,P,SD,Tidak,2,500000,UD Berkah Abadi,Kuliner,Katering rumahan,3.6,2,4400000,Ya,WhatsApp,2025-04-19,79,46,59.0,3.6
PLT-2025-1122,Ayu Wulandari,99991911869718,080002480430,ayu.wulandari@contoh.example,Jl. Cempaka No. 31 RT 14/RW 03,Cilangkap,Tapos,Depok,1986-11-19,P,SD,Tidak,0,1050000,CV Berkah Abadi,Kuliner,Roti dan kue,6.1,2,7200000,Tidak,Formulir daring,2025-05-13,85,60,70.0,4.8
PLT-2025-1319,Taufik Nugroho,99991408842362,080006175165,taufik.nugroho@contoh.example,Jl. Bougenville No. 60 RT 11/RW 01,Abadijaya,Sukmajaya,Depok,1984-08-14,L,S1,Tidak,1,2850000,Griya Amanah Makmur,Kuliner,Keripik kemasan,12.9,5,12550000,Tidak,Datang langsung,2025-05-29,72,55,60.0,4.2
PLT-2025-1066,Zahra Maulana,99992403883544,080007891166,zahra.maulana@contoh.example,Jl. Bougenville No. 10 RT 03/RW 04,Meruyung,Limo,Depok,1988-03-24,P,SMP,Tidak,4,2400000,Toko Bahagia Makmur,Kriya,Anyaman bambu,3.5,2,9000000,Tidak,Rujukan kelurahan,2025-04-22,87,64,81.0,3.3
PLT-2025-1194,Maya Rahayu,99990605844835,080001628801,maya.rahayu@contoh.example,Jl. Melati No. 100 RT 14/RW 08,Sukatani,TAPOS,Depok,1984-05-06,P,S1,Tidak,1,1700000,Dapur Berkah Sentosa,Kuliner,Warung makan,6.7,3,12500000,Tidak,Formulir daring,2025-04-22,100,61,76.0,4.2
PLT-2025-1177,Yanti Pratama,99990407006198,080004799014,yanti.pratama@contoh.example,Jl. Bougenville No. 69 RT 04/RW 03,Tirtajaya,Sukmajaya,Depok,2000-07-04,P,SMA/SMK,Tidak,4,1400000,Studio Cahaya Makmur,Kuliner,Warung makan,1.6,1,7250000,Tidak,WhatsApp,2025-05-18,89,57,66.0,3.2
PLT-2025-1206,Dedi Nuraini,99990106844054,080003016241,dedi.nuraini@contoh.example,Jl. Melati No. 97 RT 11/RW 02,Limo,LIMO,Depok,1984-06-01,L,SMA/SMK,Tidak,3,2400000,Toko Sejahtera Jaya,Kuliner,Kedai kopi,4.3,0,7800000,Ya,Formulir daring,2025-05-30,74,72,93.0,3.9
PLT-2025-1127,Adit Maulana,99991612864563,080003355282,adit.maulana@contoh.example,Jl. Kenanga No. 33 RT 09/RW 11,Serua,Bojongsari,Depok,1986-12-16,L,SMA/SMK,Tidak,0,1150000,Dapur Berkah Sentosa,Kuliner,Keripik kemasan,5.1,3,4850000,Ya,Datang langsung,2025-05-20,78,37,49.0,3.7
PLT-2025-1510,Adit Nuraini,99990807902918,080004681538,adit.nuraini@contoh.example,Jl. Flamboyan No. 41 RT 08/RW 04,Kemiri Muka,Beji,Depok,1990-07-08,L,SMA/SMK,Tidak,1,800000,CV Mandiri Sentosa,Kuliner,Warung makan,4.1,3,3650000,Ya,Formulir daring,2025-04-03,64,62,70.0,1.9
PLT-2025-1336,Slamet Kusuma,99991008882822,,slamet.kusuma@contoh.example,Jl. Cempaka No. 17 RT 05/RW 04,Gandul,Cinere,Depok,1988-08-10,L,D3,Tidak,4,2750000,Dapur Cahaya Abadi,Kuliner,Kedai kopi,1.9,2,8200000,Tidak,Datang langsung,2025-03-16,83,65,81.0,3.6
PLT-2025-1513,Sari Firdaus,99991103863586,080008449128,sari.firdaus@contoh.example,Jl. Melati No. 62 RT 07/RW 10,Tanah Baru,Beji,Depok,1986-03-11,P,SMA/SMK,Tidak,0,1850000,UD Berkah Abadi,Fesyen,Konveksi kaos,2.5,1,8450000,Tidak,Formulir daring,2025-03-16,100,47,53.0,
PLT-2025-1614,Endah Oktaviani,99991307055526,080006133615,endah.oktaviani@contoh.example,Jl. Kenanga No. 111 RT 09/RW 06,Depok Jaya,Pancoran Mas,Depok,2005-07-13,P,SMA/SMK,Tidak,0,800000,Griya Bahagia Makmur,Kuliner,Katering rumahan,8.0,1,5800000,Tidak,Formulir daring,2025-03-13,84,71,77.0,3.9
PLT-2025-1000,Agus Anggraini,99991904819145,080001824404,agus.anggraini@contoh.example,Jl. Anggrek No. 38 RT 10/RW 10,Abadijaya,Sukmajaya,Depok,1981-04-19,L,SMA/SMK,Tidak,1,1050000,UD Sejahtera Jaya,Jasa Digital,Servis gawai,4.6,5,5100000,Tidak,Formulir daring,2025-04-21,69,55,63.0,3.4
PLT-2025-1226,Gita Handayani,99992003875143,080002599082,gita.handayani@contoh.example,Jl. Bougenville No. 40 RT 12/RW 07,Meruyung,Limo,Depok,1987-03-20,P,S1,Tidak,2,1500000,CV Bahagia Jaya,Kriya,Anyaman bambu,4.3,2,6050000,Ya,WhatsApp,2025-03-30,83,42,49.0,5.0
PLT-2025-1588,Yusuf Permana,99992811843509,080005720632,yusuf.permana@contoh.example,Jl. Flamboyan No. 59 RT 10/RW 01,Serua,Bojongsari,Depok,1984-11-28,L,S1,Tidak,0,7500000,UD Amanah Abadi,Jasa Digital,Fotografi produk,5.7,4,30300000,Tidak,WhatsApp,2025-04-18,84,62,87.0,4.2
PLT-2025-1581,Fitri Puspita,99992011819507,080002081095,fitri.puspita@contoh.example,Jl. Cempaka No. 111 RT 09/RW 09,Rangkapan Jaya,Pancoran Mas,Depok,1981-11-20,P,S1,Tidak,0,800000,Toko Berkah Makmur,Jasa Digital,Servis gawai,2.3,2,6650000,Tidak,WhatsApp,2025-02-05,98,59,78.0,3.6
PLT-2025-1249,Yanti Puspita,99990908846114,080003728896,yanti.puspita@contoh.example,Jl. Anggrek No. 25 RT 07/RW 03,Depok Jaya,Pancoran Mas,Depok,1984-08-09,P,S1,Tidak,0,1050000,Studio Berkah Sentosa,Kriya,Sabun artisan,3.4,0,5500000,Tidak,Formulir daring,2025-02-11,85,53,61.0,4.1
PLT-2025-1377,Cahyo Maulana,99992404889547,080002655551,cahyo.maulana@contoh.example,Jl. Melati No. 44 RT 03/RW 08,Depok Jaya,Pancoran Mas,Depok,1988-04-24,L,SD,Tidak,1,1650000,Griya Bahagia Sentosa,Fesyen,Sepatu kanvas,5.1,2,5300000,Ya,Datang langsung,2025-04-28,80,47,64.0,4.6
PLT-2025-1108,Prasetyo Oktaviani,99991002777784,080004944214,prasetyo.oktaviani@contoh.example,Jl. Melati No. 17 RT 06/RW 04,Rangkapan Jaya,Pancoran Mas,Depok,1977-02-10,L,D3,Tidak,0,1900000,Griya Bahagia Jaya,Kuliner,Keripik kemasan,6.4,4,8900000,Tidak,Formulir daring,2025-03-22,88,58,79.0,2.7
PLT-2025-1426,Citra Wijaya,99991802819809,080008354296,citra.wijaya@contoh.example,Jl. Anggrek No. 104 RT 01/RW 06,Sawangan Baru,Sawangan,Depok,1981-02-18,P,S1,Tidak,1,1100000,Studio Cahaya Abadi,Kuliner,Keripik kemasan,5.6,1,3800000,Ya,Datang langsung,2025-04-16,79,67,80.0,3.8
PLT-2025-1193,Slamet Nugroho,99992110053265,080002092216,slamet.nugroho@contoh.example,Jl. Flamboyan No. 133 RT 02/RW 09,Beji,Beji,Depok,2005-10-21,L,S1,Ya,3,1800000,Studio Lestari Abadi,Kuliner,Keripik kemasan,3.9,0,6300000,Ya,Rujukan kelurahan,2025-03-16,94,42,48.0,4.0
PLT-2025-1005,Kurnia Kusuma,99990501068791,080005988542,kurnia.kusuma@contoh.example,Jl. Kenanga No. 61 RT 03/RW 03,Mekarsari,Cimanggis,Depok,2006-01-05,L,S1,Tidak,1,1250000,UD Berkah Makmur,Kuliner,Kedai kopi,3.9,2,9900000,Ya,Formulir daring,2025-05-27,83,47,59.0,4.7
PLT-2025-1260,Fajar Wijaya,99990805898395,080009943101,fajar.wijaya@contoh.example,Jl. Melati No. 44 RT 14/RW 11,Cilangkap,Tapos,Depok,1989-05-08,L,SMA/SMK,Tidak,0,800000,UD Mandiri Sentosa,Pertanian,Bibit tanaman hias,0.3,4,4600000,Tidak,Formulir daring,2025-02-14,96,44,67.0,4.8
PLT-2025-1582,Wahyu Kusuma,99991802699977,080009880951,wahyu.kusuma@contoh.example,Jl. Anggrek No. 132 RT 01/RW 01,Depok Jaya,Pancoran Mas,Depok,1969-02-18,L,SMA/SMK,Tidak,0,4550000,CV Sejahtera Makmur,Kuliner,Katering rumahan,2.2,1,13800000,Ya,Formulir daring,2025-03-26,72,39,50.0,3.8
PLT-2025-1313,Adit Maulana,99992005991440,,adit.maulana@contoh.example,Jl. Bougenville No. 13 RT 04/RW 02,Tirtajaya,Sukmajaya,Depok,1999-05-20,L,S1,Tidak,1,1850000,CV Lestari Sentosa,Jasa Digital,Fotografi produk,8.8,5,6500000,Ya,Datang langsung,2025-05-07,87,56,68.0,
PLT-2025-1550,Sari Hidayat,99991509842152,080004252741,sari.hidayat@contoh.example,Jl. Kenanga No. 57 RT 02/RW 06,Sawangan Baru,SAWANGAN,Depok,1984-09-15,P,D3,Tidak,2,500000,Toko Lestari Sentosa,Kuliner,Kedai kopi,11.4,3,2250000,Tidak,Formulir daring,2025-04-10,92,77,78.0,4.2
PLT-2025-1600,Prasetyo Wulandari,99990903791196,080003171714,prasetyo.wulandari@contoh.example,Jl. Flamboyan No. 88 RT 04/RW 11,Baktijaya,Sukmajaya,Depok,1979-03-09,L,SMA/SMK,Tidak,2,850000,Studio Amanah Jaya,Pertanian,Bibit tanaman hias,2.2,1,4850000,Tidak,Formulir daring,2025-03-16,99,46,55.0,3.6
PLT-2025-1059,Nurul Ramadhan,99990304727901,080003529107,nurul.ramadhan@contoh.example,Jl. Melati No. 84 RT 10/RW 03,Cisalak Pasar,Cimanggis,Depok,1972-04-03,P,SMA/SMK,Tidak,3,700000,Studio Sejahtera Jaya,Kuliner,Keripik kemasan,2.8,3,5200000,Tidak,Formulir daring,2025-03-23,82,51,60.0,3.3
PLT-2025-1345,Maya Permana,99992810879283,080002307203,maya.permana@contoh.example,Jl. Flamboyan No. 19 RT 02/RW 01,Tirtajaya,Sukmajaya,Depok,1987-10-28,P,SMA/SMK,Tidak,2,1450000,Studio Amanah Sentosa,Pertanian,Olahan jamur,0.8,1,5650000,Ya,Formulir daring,2025-04-02,85,53,59.0,3.2
PLT-2025-1047,Agus Saputra,99992011698038,080001719703,agus.saputra@contoh.example,Jl. Kenanga No. 122 RT 14/RW 02,Mekarsari,Cimanggis,Depok,1969-11-20,L,S1,Tidak,2,650000,Studio Mandiri Abadi,Kuliner,Keripik kemasan,4.3,1,2700000,Tidak,WhatsApp,2025-04-05,100,48,61.0,4.5
PLT-2025-1538,Yanti Safitri,99991804934091,080009251666,yanti.safitri@contoh.example,Jl. Melati No. 136 RT 02/RW 02,Mampang,Pancoran Mas,Depok,1993-04-18,P,SMA/SMK,Tidak,2,5400000,CV Mandiri Abadi,Pertanian,Olahan jamur,2.3,4,17300000,Tidak,Formulir daring,2025-02-26,79,37,49.0,4.6
PLT-2025-1302,Vina Puspita,99990807758676,080004366808,vina.puspita@contoh.example,Jl. Flamboyan No. 13 RT 03/RW 08,Cisalak Pasar,Cimanggis,Depok,1975-07-08,P,D3,Tidak,0,1150000,Griya Bahagia Abadi,Kuliner,Kedai kopi,0.5,3,10400000,Tidak,Rujukan kelurahan,2025-02-27,75,49,58.0,4.5
PLT-2025-1491,Gunawan Wijaya,99991309787717,080004865861,gunawan.wijaya@contoh.example,Jl. Bougenville No. 47 RT 12/RW 04,Gandul,Cinere,Depok,1978-09-13,L,SMP,Tidak,3,4600000,Studio Amanah Makmur,Kuliner,Roti dan kue,4.3,1,17250000,Tidak,Formulir daring,2025-05-12,75,56,,3.5
PLT-2025-1457,Indah Saputra,99990402863787,080009700042,indah.saputra@contoh.example,Jl. Melati No. 130 RT 14/RW 03,Harjamukti,Cimanggis,Depok,1986-02-04,P,SMP,Tidak,0,1200000,Toko Sejahtera Jaya,Kuliner,Katering rumahan,4.7,2,4650000,Tidak,Formulir daring,2025-05-29,92,58,70.0,3.7
PLT-2025-1120,Taufik Permana,99991912783207,080006488418,taufik.permana@contoh.example,Jl. Cempaka No. 31 RT 10/RW 06,Abadijaya,Sukmajaya,Depok,1978-12-19,L,SMA/SMK,Tidak,0,1400000,CV Amanah Sentosa,Jasa Digital,Servis gawai,6.0,3,8850000,Ya,Formulir daring,2025-05-24,86,57,60.0,3.3
PLT-2025-1286,Nanda Kusuma,99990201873677,080008304043,nanda.kusuma@contoh.example,Jl. Melati No. 133 RT 02/RW 05,Limo,Limo,Depok,1987-01-02,L,SMA/SMK,Tidak,0,950000,Griya Harum Sentosa,Pertanian,Hidroponik sayur,3.1,1,3200000,Tidak,Datang langsung,2025-05-12,94,64,83.0,3.6
PLT-2025-1422,Vina Hidayat,99993112814732,080002795188,vina.hidayat@contoh.example,Jl. Flamboyan No. 123 RT 11/RW 11,Sawangan Baru,Sawangan,Depok,1981-12-31,P,D3,Tidak,4,3250000,Studio Harum Abadi,Fesyen,Hijab dan busana,2.9,1,10000000,Ya,Rujukan kelurahan,2025-02-22,100,38,53.0,4.5
PLT-2025-1414,Adit Santoso,99992811888821,080005993295,adit.santoso@contoh.example,Jl. Kenanga No. 51 RT 06/RW 03,Mampang,Pancoran Mas,Depok,1988-11-28,L,SMA/SMK,Tidak,2,750000,Dapur Amanah Abadi,Jasa Digital,Servis gawai,1.5,2,3350000,Tidak,WhatsApp,2025-02-22,97,49,57.0,3.5
PLT-2025-1557,Citra Puspita,99990601874694,080005279390,citra.puspita@contoh.example,Jl. Flamboyan No. 68 RT 03/RW 05,Sukatani,TAPOS,Depok,1987-01-06,P,SMP,Tidak,2,2000000,Dapur Bahagia Makmur,Kuliner,Warung makan,4.8,3,12550000,Tidak,Formulir daring,2025-02-15,66,64,83.0,4.3
PLT-2025-1246,Kurnia Firdaus,99992806809355,080004328182,kurnia.firdaus@contoh.example,Jl. Melati No. 134 RT 03/RW 04,Rangkapan Jaya,Pancoran Mas,Depok,1980-06-28,L,D3,Tidak,0,1450000,CV Sejahtera Sentosa,Jasa Digital,Servis gawai,5.7,1,7200000,Tidak,Rujukan kelurahan,2025-05-19,83,65,74.0,5.0
PLT-2025-1511,Putri Ramadhan,99991404921505,080001869718,putri.ramadhan@contoh.example,Jl. Kenanga No. 30 RT 03/RW 10,Cinere,Cinere,Depok,1992-04-14,P,SMP,Tidak,2,1800000,CV Mandiri Jaya,Jasa Digital,Fotografi produk,1.1,0,6050000,Ya,Datang langsung,2025-02-02,100,57,65.0,4.6
PLT-2025-1529,Dedi Firdaus,99992510967768,080007410602,dedi.firdaus@contoh.example,Jl. Bougenville No. 55 RT 14/RW 06,Beji,Beji,Depok,1996-10-25,L,SMA/SMK,Tidak,2,3300000,Toko Cahaya Abadi,Kriya,Sabun artisan,7.5,5,22750000,Tidak,Datang langsung,2025-03-04,96,61,74.0,5.0
PLT-2025-1166,Juwita Nugroho,99991204891246,080004538873,juwita.nugroho@contoh.example,Jl. Anggrek No. 110 RT 11/RW 08,Harjamukti,Cimanggis,Depok,1989-04-12,P,SMA/SMK,Tidak,2,800000,UD Amanah Abadi,Kriya,Sabun artisan,2.6,2,5300000,Ya,Rujukan kelurahan,2025-04-20,100,67,86.0,4.5
PLT-2025-1312,Wulan Kusuma,99992702007970,080003724110,wulan.kusuma@contoh.example,Jl. Kenanga No. 136 RT 13/RW 05,Harjamukti,Cimanggis,Depok,2000-02-27,P,D3,Tidak,2,600000,Studio Bahagia Jaya,Kuliner,Keripik kemasan,7.9,0,4550000,Ya,Datang langsung,2025-02-12,69,66,71.0,4.4
PLT-2025-1603,Endah Puspita,99991907023066,080009516292,endah.puspita@contoh.example,Jl. Flamboyan No. 17 RT 09/RW 06,Mampang,Pancoran Mas,Depok,2002-07-19,P,SMA/SMK,Tidak,1,3500000,Toko Bahagia Makmur,Kuliner,Warung makan,2.0,0,21000000,Tidak,Formulir daring,2025-05-22,64,57,71.0,4.4
PLT-2025-1209,Wulan Wijaya,99991807622210,080003118324,wulan.wijaya@contoh.example,Jl. Cempaka No. 119 RT 14/RW 09,Tanah Baru,Beji,Depok,1962-07-18,P,SMA/SMK,Tidak,3,800000,CV Cahaya Makmur,Pertanian,Olahan jamur,3.3,3,5650000,Ya,Formulir daring,2025-04-17,77,39,47.0,3.6
PLT-2025-1517,Maya Ramadhan,99992806803129,080002736289,maya.ramadhan@contoh.example,Jl. Flamboyan No. 34 RT 07/RW 09,Mampang,Pancoran Mas,Depok,1980-06-28,P,D3,Tidak,1,800000,Toko Berkah Jaya,Kriya,Anyaman bambu,2.2,2,4550000,Tidak,Datang langsung,2025-03-22,65,64,76.0,4.4
PLT-2025-1222,Juwita Puspita,99992505905962,080007200094,juwita.puspita@contoh.example,Jl. Melati No. 71 RT 08/RW 07,Meruyung,Limo,Depok,1990-05-25,P,SMP,Tidak,2,3450000,UD Lestari Abadi,Kuliner,Warung makan,1.3,2,11450000,Tidak,Datang langsung,2025-02-07,75,59,74.0,4.5
PLT-2025-1299,Lukman Kusuma,99993008875032,080001994348,lukman.kusuma@contoh.example,Jl. Cempaka No. 49 RT 04/RW 02,Kemiri Muka,Beji,Depok,1987-08-30,L,SMA/SMK,Tidak,2,800000,Dapur Cahaya Sentosa,Kuliner,Kedai kopi,2.9,6,3050000,Tidak,Rujukan kelurahan,2025-03-14,100,48,56.0,4.9
PLT-2025-1213,Prasetyo Kusuma,99990806776426,080009564505,prasetyo.kusuma@contoh.example,Jl. Flamboyan No. 103 RT 11/RW 01,Bojong Pondok Terong,Cipayung,Depok,1977-06-08,L,S1,Tidak,1,700000,Studio Sejahtera Sentosa,Kriya,Gerabah hias,1.6,2,2850000,Tidak,Formulir daring,2025-04-26,93,66,87.0,3.6
PLT-2025-1459,Juwita Firdaus,99991202002800,080006537130,juwita.firdaus@contoh.example,Jl. Melati No. 113 RT 09/RW 05,Sukatani,Tapos,Depok,2000-02-12,P,D3,Tidak,2,1600000,Griya Berkah Sentosa,Fesyen,Tas rajut,4.9,4,5000000,Tidak,Formulir daring,2025-04-03,92,45,62.0,3.8
PLT-2025-1118,Gita Saputra,99990504684469,080007698961,gita.saputra@contoh.example,Jl. Bougenville No. 119 RT 01/RW 07,Harjamukti,Cimanggis,Depok,1968-04-05,P,SMA/SMK,Tidak,1,5350000,Studio Berkah Makmur,Kriya,Lilin aroma,5.4,4,17000000,Tidak,Formulir daring,2025-04-11,72,66,85.0,3.4
PLT-2025-1460,Lukman Rahayu,99992104725905,080009771533,lukman.rahayu@contoh.example,Jl. Anggrek No. 65 RT 12/RW 02,Mekarsari,Cimanggis,Depok,1972-04-21,L,SMP,Tidak,0,1050000,CV Lestari Sentosa,Kuliner,Katering rumahan,3.9,0,7250000,Ya,WhatsApp,2025-04-10,79,51,61.0,3.6
PLT-2025-1617,Indah Wulandari,99992402942528,080001245183,indah.wulandari@contoh.example,Jl. Cempaka No. 24 RT 07/RW 04,Mekarjaya,Sukmajaya,Depok,1994-02-24,P,S1,Tidak,2,8500000,Dapur Sejahtera Jaya,Pertanian,Bibit tanaman hias,2.2,6,40550000,Ya,Formulir daring,2025-02-05,94,66,68.0,4.8
PLT-2025-1383,Nurul Nugroho,99990107835709,080006710082,nurul.nugroho@contoh.example,Jl. Cempaka No. 88 RT 08/RW 08,Baktijaya,Sukmajaya,Depok,1983-07-01,P,S1,Tidak,4,950000,UD Mandiri Jaya,Fesyen,Tas rajut,9.1,3,7600000,Ya,Formulir daring,2025-04-15,66,60,75.0,3.5
PLT-2025-1017,Zahra Wulandari,99993110672598,080009224223,zahra.wulandari@contoh.example,Jl. Cempaka No. 137 RT 12/RW 01,Curug,Cimanggis,Depok,1967-10-31,P,SMP,Tidak,1,500000,Studio Mandiri Jaya,Kuliner,Katering rumahan,0.5,1,1500000,Ya,Datang langsung,2025-05-01,87,68,82.0,4.3
PLT-2025-1548,Agus Anggraini,99992807853584,080004511119,agus.anggraini@contoh.example,Jl. Cempaka No. 120 RT 12/RW 08,Depok Jaya,Pancoran Mas,Depok,1985-07-28,L,D3,Tidak,0,600000,UD Cahaya Abadi,Fesyen,Hijab dan busana,5.1,3,4050000,Tidak,Formulir daring,2025-04-05,88,87,98.0,3.8
PLT-2025-1488,Dewi Nugroho,99990401807107,080005028818,dewi.nugroho@contoh.example,Jl. Bougenville No. 39 RT 01/RW 11,Rangkapan Jaya,Pancoran Mas,Depok,1980-01-04,P,D3,Tidak,2,850000,CV Cahaya Makmur,Kuliner,Keripik kemasan,1.3,3,3450000,Tidak,Datang langsung,2025-05-24,90,49,71.0,3.2
PLT-2025-1042,Sari Handayani,99992402026488,080003903773,sari.handayani@contoh.example,Jl. Kenanga No. 70 RT 14/RW 07,Cinere,Cinere,Depok,2002-02-24,P,SMA/SMK,Tidak,0,2700000,Toko Amanah Sentosa,Fesyen,Sepatu kanvas,6.8,1,8650000,Tidak,Rujukan kelurahan,2025-02-12,69,53,63.0,3.6
PLT-2025-1543,Sari Firdaus,99991304862080,080007843784,sari.firdaus@contoh.example,Jl. Kenanga No. 70 RT 10/RW 11,Baktijaya,Sukmajaya,Depok,1986-04-13,P,SMP,Tidak,2,2900000,UD Bahagia Jaya,Jasa Digital,Servis gawai,5.0,3,11750000,Tidak,WhatsApp,2025-02-18,84,56,79.0,4.2
PLT-2025-1475,Fitri Wulandari,99990203002944,080006341388,fitri.wulandari@contoh.example,Jl. Melati No. 98 RT 12/RW 05,Pangkalan Jati,CINERE,Depok,2000-03-02,P,S2,Tidak,0,950000,Griya Sejahtera Abadi,Pertanian,Hidroponik sayur,1.9,1,6200000,Tidak,WhatsApp,2025-04-17,87,73,88.0,4.6
PLT-2025-1574,Juwita Wulandari,99992803836209,080003654371,juwita.wulandari@contoh.example,Jl. Cempaka No. 125 RT 02/RW 09,Pangkalan Jati,Cinere,Depok,1983-03-28,P,SD,Tidak,2,4150000,Griya Harum Abadi,Kuliner,Katering rumahan,1.0,2,14000000,Tidak,Formulir daring,2025-05-28,77,45,51.0,3.3
PLT-2025-1596,Lestari Oktaviani,99992801846829,080006392514,lestari.oktaviani@contoh.example,Jl. Kenanga No. 29 RT 14/RW 09,Abadijaya,Sukmajaya,Depok,1984-01-28,P,S1,Tidak,3,2400000,Griya Cahaya Sentosa,Pertanian,Bibit tanaman hias,1.1,1,7800000,Ya,Datang langsung,2025-03-09,94,63,92.0,5.0
PLT-2025-1076,Hari Anggraini,99991808782463,080004094262,hari.anggraini@contoh.example,Jl. Flamboyan No. 106 RT 04/RW 04,Cilangkap,Tapos,Depok,1978-08-18,L,D3,Tidak,1,950000,CV Amanah Makmur,Kuliner,Katering rumahan,0.4,1,4750000,Tidak,Rujukan kelurahan,2025-03-13,72,64,66.0,2.8
PLT-2025-1520,Tuti Setiawan,99991510808172,080003698071,tuti.setiawan@contoh.example,Jl. Cempaka No. 40 RT 08/RW 07,Depok Jaya,Pancoran Mas,Depok,1980-10-15,P,SMP,Tidak,0,1000000,Studio Sejahtera Makmur,Fesyen,Tas rajut,4.1,2,5200000,Ya,Formulir daring,2025-03-02,86,64,71.0,3.3
PLT-2025-1141,Nanda Setiawan,99990505992950,080008483278,nanda.setiawan@contoh.example,Jl. Flamboyan No. 89 RT 05/RW 07,Cinere,Cinere,Depok,1999-05-05,L,D3,Tidak,1,3050000,UD Amanah Sentosa,Fesyen,Sepatu kanvas,1.7,0,16450000,Ya,Datang langsung,2025-04-13,90,75,93.0,3.8
PLT-2025-1586,Nanda Anggraini,99992007863131,080007494683,nanda.anggraini@contoh.example,Jl. Flamboyan No. 51 RT 12/RW 04,Curug,Cimanggis,Depok,1986-07-20,L,S1,Tidak,2,2100000,Studio Cahaya Sentosa,Kriya,Lilin aroma,4.8,1,13100000,Ya,WhatsApp,2025-05-23,100,55,73.0,3.4
PLT-2025-1073,Bunga Handayani,99992010853242,080009502091,bunga.handayani@contoh.example,Jl. Kenanga No. 85 RT 07/RW 09,Mekarjaya,Sukmajaya,Depok,1985-10-20,P,SMA/SMK,Tidak,0,3000000,Griya Bahagia Sentosa,Kuliner,Warung makan,4.7,1,12750000,Ya,WhatsApp,2025-03-14,83,80,94.0,
PLT-2025-1306,Tuti Rahayu,99992508956503,080001983213,tuti.rahayu@contoh.example,Jl. Bougenville No. 9 RT 07/RW 01,Baktijaya,Sukmajaya,Depok,1995-08-25,P,D3,Tidak,0,1850000,UD Harum Sentosa,Fesyen,Tas rajut,9.1,5,10000000,Ya,Formulir daring,2025-03-01,88,45,62.0,4.2
PLT-2025-1524,Kartika Hidayat,99992910937719,080008547025,kartika.hidayat@contoh.example,Jl. Anggrek No. 124 RT 07/RW 08,Beji,Beji,Depok,1993-10-29,P,SMA/SMK,Tidak,1,900000,Studio Bahagia Makmur,Kuliner,Katering rumahan,5.0,4,6850000,Tidak,Formulir daring,2025-03-11,97,74,85.0,5.0
PLT-2025-1573,Yanti Safitri,99990707946571,080003481305,yanti.safitri@contoh.example,Jl. Melati No. 107 RT 02/RW 01,Bojong Pondok Terong,Cipayung,Depok,1994-07-07,P,SMA/SMK,Tidak,2,500000,Toko Harum Abadi,Kuliner,Kedai kopi,5.7,4,2600000,Ya,Datang langsung,2025-05-07,79,29,47.0,4.0
PLT-2025-1569,Wulan Oktaviani,99991412908191,080008236044,wulan.oktaviani@contoh.example,Jl. Bougenville No. 45 RT 08/RW 11,Cilangkap,Tapos,Depok,1990-12-14,P,SMA/SMK,Tidak,1,1400000,Griya Lestari Jaya,Pertanian,Olahan jamur,4.3,0,7200000,Tidak,WhatsApp,2025-04-15,95,49,64.0,4.4
PLT-2025-1152,Ayu Wulandari,99992003909732,080006584752,ayu.wulandari@contoh.example,Jl. Melati No. 107 RT 09/RW 08,Kemiri Muka,Beji,Depok,1990-03-20,P,D3,Tidak,2,2900000,UD Bahagia Abadi,Kuliner,Roti dan kue,4.0,1,9100000,Tidak,Formulir daring,2025-03-30,84,50,66.0,4.2
PLT-2025-1032,Yanti Saputra,99992807823918,080007196602,yanti.saputra@contoh.example,Jl. Kenanga No. 3 RT 14/RW 01,Depok Jaya,Pancoran Mas,Depok,1982-07-28,P,SMA/SMK,Tidak,1,4400000,Studio Sejahtera Sentosa,Kuliner,Keripik kemasan,1.6,2,16000000,Ya,Formulir daring,2025-05-26,89,63,65.0,4.0
PLT-2025-1015,Oktavia Safitri,99990210826907,080004703987,oktavia.safitri@contoh.example,Jl. Kenanga No. 57 RT 06/RW 08,Serua,Bojongsari,Depok,1982-10-02,P,SMP,Tidak,3,4950000,UD Harum Sentosa,Kuliner,Kedai kopi,1.6,2,15300000,Ya,Datang langsung,2025-03-07,91,50,68.0,3.4
PLT-2025-1435,Ratna Wijaya,99992102925000,080006466882,ratna.wijaya@contoh.example,Jl. Flamboyan No. 102 RT 08/RW 01,Cisalak Pasar,Cimanggis,Depok,1992-02-21,P,SMA/SMK,Tidak,3,2000000,Studio Cahaya Sentosa,Kuliner,Keripik kemasan,4.4,3,6900000,Tidak,Formulir daring,2025-03-03,97,69,92.0,4.4
PLT-2025-1498,Vina Kusuma,99991407765728,080009489908,vina.kusuma@contoh.example,Jl. Flamboyan No. 46 RT 14/RW 03,Limo,Limo,Depok,1976-07-14,P,D3,Tidak,4,3100000,CV Lestari Makmur,Kuliner,Warung makan,3.7,2,9950000,Tidak,Formulir daring,2025-05-24,73,39,50.0,4.2
PLT-2025-1350,Oktavia Rahayu,99991609996830,080008738186,oktavia.rahayu@contoh.example,Jl. Kenanga No. 78 RT 02/RW 10,Cisalak Pasar,Cimanggis,Depok,1999-09-16,P,S1,Tidak,1,1150000,Griya Berkah Jaya,Kuliner,Warung makan,5.1,0,8050000,Tidak,Datang langsung,2025-02-26,85,27,39.0,4.1
PLT-2025-1107,Usman Permana,99990609863686,080001589483,usman.permana@contoh.example,Jl. Cempaka No. 94 RT 14/RW 05,Curug,Cimanggis,Depok,1986-09-06,L,S1,Tidak,1,3550000,Griya Cahaya Jaya,Jasa Digital,Desain grafis,8.9,2,12900000,Tidak,Formulir daring,2025-05-12,88,62,78.0,4.9
PLT-2025-1505,Lestari Kusuma,99990807829358,080001902087,lestari.kusuma@contoh.example,Jl. Anggrek No. 85 RT 11/RW 03,Pondok Cina,Beji,Depok,1982-07-08,P,SMA/SMK,Tidak,0,1950000,Studio Cahaya Makmur,Jasa Digital,Fotografi produk,6.3,1,11850000,Tidak,Formulir daring,2025-02-04,87,60,69.0,3.8
PLT-2025-1176,Juwita Setiawan,99992610852674,080009756244,juwita.setiawan@contoh.example,Jl. Flamboyan No. 14 RT 08/RW 09,Tirtajaya,Sukmajaya,Depok,1985-10-26,P,D3,Tidak,0,1650000,CV Bahagia Abadi,Fesyen,Konveksi kaos,7.0,4,5450000,Ya,Datang langsung,2025-04-20,98,73,90.0,4.5
PLT-2025-1466,Adit Oktaviani,99990409851981,080007958239,adit.oktaviani@contoh.example,Jl. Cempaka No. 16 RT 06/RW 09,Bojong Pondok Terong,Cipayung,Depok,1985-09-04,L,SMA/SMK,Tidak,1,2500000,UD Cahaya Makmur,Fesyen,Hijab dan busana,8.3,1,16900000,Tidak,Rujukan kelurahan,2025-05-26,94,55,65.0,4.4
PLT-2025-1403,Maya Saputra,99992612794483,080003516952,maya.saputra@contoh.example,Jl. Melati No. 105 RT 10/RW 03,Kemiri Muka,Beji,Depok,1979-12-26,P,S1,Tidak,2,1050000,CV Sejahtera Jaya,Jasa Digital,Servis gawai,7.0,3,6700000,Tidak,Formulir daring,2025-03-31,94,90,99.0,4.6
PLT-2025-1450,Mulyadi Rahayu,99990306673966,080002913019,mulyadi.rahayu@contoh.example,Jl. Melati No. 5 RT 09/RW 06,Meruyung,Limo,Depok,1967-06-03,L,D3,Ya,3,1050000,UD Amanah Jaya,Kuliner,Kedai kopi,9.7,3,10600000,Ya,WhatsApp,2025-03-16,75,61,71.0,3.8
PLT-2025-1035,Kartika Ramadhan,99991610856546,080007707039,kartika.ramadhan@contoh.example,Jl. Cempaka No. 56 RT 04/RW 08,Rangkapan Jaya,Pancoran Mas,Depok,1985-10-16,P,SMA/SMK,Tidak,2,850000,Dapur Bahagia Sentosa,Fesyen,Hijab dan busana,3.3,3,5550000,Tidak,Formulir daring,2025-05-06,75,58,68.0,4.6
PLT-2025-1225,Agus Firdaus,99991201984864,080005448981,agus.firdaus@contoh.example,Jl. Anggrek No. 78 RT 09/RW 08,Bojongsari Baru,Bojongsari,Depok,1998-01-12,L,SD,Tidak,1,1400000,Griya Berkah Sentosa,Kuliner,Katering rumahan,3.6,3,5650000,Ya,Rujukan kelurahan,2025-03-12,77,39,55.0,3.7
PLT-2025-1172,Taufik Kusuma,99990802756147,080005498372,taufik.kusuma@contoh.example,Jl. Melati No. 75 RT 02/RW 07,Cilangkap,Tapos,Depok,1975-02-08,L,SMP,Tidak,0,2700000,Toko Lestari Abadi,Jasa Digital,Desain grafis,8.3,4,8050000,Tidak,Formulir daring,2025-04-23,88,54,74.0,4.4
PLT-2025-1241,Lestari Nugroho,99992112799524,080004748349,lestari.nugroho@contoh.example,Jl. Cempaka No. 128 RT 03/RW 06,Abadijaya,Sukmajaya,Depok,1979-12-21,P,S1,Tidak,1,2350000,Studio Lestari Jaya,Pertanian,Olahan jamur,10.9,5,15750000,Ya,Formulir daring,2025-02-09,100,60,63.0,4.3
PLT-2025-1343,Prasetyo Oktaviani,99992009881851,080008356451,prasetyo.oktaviani@contoh.example,Jl. Cempaka No. 90 RT 06/RW 04,Harjamukti,Cimanggis,Depok,1988-09-20,L,SMA/SMK,Tidak,1,1700000,Studio Harum Abadi,Kriya,Anyaman bambu,1.1,0,12550000,Ya,WhatsApp,2025-05-08,85,66,88.0,4.5
PLT-2025-1156,Endah Wijaya,99992903849777,080004243152,endah.wijaya@contoh.example,Jl. Cempaka No. 48 RT 04/RW 06,Depok Jaya,Pancoran Mas,Depok,1984-03-29,P,SD,Tidak,3,2350000,Studio Bahagia Sentosa,Kuliner,Keripik kemasan,5.6,4,9050000,Tidak,Rujukan kelurahan,2025-05-06,96,68,87.0,4.2
PLT-2025-1554,Endah Saputra,99993105861972,080002235387,endah.saputra@contoh.example,Jl. Melati No. 86 RT 11/RW 08,Kemiri Muka,Beji,Depok,1986-05-31,P,D3,Tidak,4,1150000,Griya Berkah Jaya,Kriya,Lilin aroma,6.1,2,6650000,Tidak,Datang langsung,2025-05-02,66,66,79.0,3.8
PLT-2025-1544,Oktavia Hidayat,99992305923138,080007117576,oktavia.hidayat@contoh.example,Jl. Kenanga No. 100 RT 12/RW 10,Gandul,Cinere,Depok,1992-05-23,P,D3,Tidak,0,5400000,Studio Sejahtera Abadi,Jasa Digital,Fotografi produk,2.2,2,18250000,Ya,Formulir daring,2025-03-17,79,63,81.0,3.9
PLT-2025-1506,Ratna Saputra,99990306005727,080005605962,ratna.saputra@contoh.example,Jl. Cempaka No. 135 RT 01/RW 01,Sukatani,Tapos,Depok,2000-06-03,P,SMP,Tidak,1,10750000,Griya Mandiri Abadi,Kuliner,Keripik kemasan,10.8,3,32950000,Tidak,Rujukan kelurahan,2025-02-08,98,46,61.0,3.3
PLT-2025-1609,Gita Wijaya,99990802935369,080003232425,gita.wijaya@contoh.example,Jl. Bougenville No. 58 RT 10/RW 07,Kemiri Muka,Beji,Depok,1993-02-08,P,S1,Tidak,2,1100000,Griya Bahagia Makmur,Fesyen,Sepatu kanvas,3.8,2,8050000,Ya,Formulir daring,2025-03-17,100,78,91.0,4.1
PLT-2025-1215,Joko Maulana,99990910828864,080008796150,joko.maulana@contoh.example,Jl. Bougenville No. 31 RT 13/RW 09,Cilangkap,Tapos,Depok,1982-10-09,L,SMA/SMK,Tidak,2,500000,Studio Amanah Jaya,Pertanian,Hidroponik sayur,2.8,1,3100000,Tidak,Rujukan kelurahan,2025-04-22,64,66,69.0,5.0
PLT-2025-1208,Wahyu Puspita,99991206921222,080003760921,wahyu.puspita@contoh.example,Jl. Melati No. 87 RT 09/RW 03,Mekarsari,Cimanggis,Depok,1992-06-12,L,SMA/SMK,Tidak,4,800000,UD Amanah Abadi,Kuliner,Kedai kopi,8.1,4,4150000,Ya,WhatsApp,2025-03-18,100,40,49.0,3.9
PLT-2025-1064,Rudi Santoso,99990402981342,080001557742,rudi.santoso@contoh.example,Jl. Anggrek No. 89 RT 05/RW 06,Tirtajaya,Sukmajaya,Depok,1998-02-04,L,SMA/SMK,Tidak,2,1300000,Dapur Mandiri Sentosa,Kuliner,Roti dan kue,2.3,1,6050000,Ya,Formulir daring,2025-03-03,67,72,75.0,4.2
PLT-2025-1010,Hesti Setiawan,99990204924875,080007580103,hesti.setiawan@contoh.example,Jl. Flamboyan No. 69 RT 03/RW 04,Bojongsari Baru,Bojongsari,Depok,1992-04-02,P,D3,Tidak,1,1400000,CV Bahagia Abadi,Pertanian,Hidroponik sayur,1.5,0,6350000,Ya,Formulir daring,2025-05-15,97,89,100.0,4.0
PLT-2025-1178,Kartika Maulana,99991902702232,080009861727,kartika.maulana@contoh.example,Jl. Anggrek No. 126 RT 01/RW 02,Serua,Bojongsari,Depok,1970-02-19,P,SMA/SMK,Tidak,2,1150000,CV Sejahtera Abadi,Fesyen,Sepatu kanvas,2.5,2,9800000,Tidak,Formulir daring,2025-05-20,73,52,57.0,3.7
PLT-2025-1252,Lestari Safitri,99992101878956,080001023485,lestari.safitri@contoh.example,Jl. Anggrek No. 53 RT 11/RW 09,Depok Jaya,Pancoran Mas,Depok,1987-01-21,P,SMA/SMK,Tidak,1,500000,UD Amanah Jaya,Kriya,Sabun artisan,0.5,0,3850000,Tidak,Formulir daring,2025-05-29,100,30,52.0,3.7
PLT-2025-1261,Maya Hidayat,99993009823671,080004133550,maya.hidayat@contoh.example,Jl. Melati No. 65 RT 12/RW 03,Abadijaya,Sukmajaya,Depok,1982-09-30,P,S1,Tidak,0,2350000,UD Bahagia Makmur,Fesyen,Hijab dan busana,4.4,2,10750000,Tidak,WhatsApp,2025-03-11,94,67,90.0,4.6
PLT-2025-1100,Joko Safitri,99991503067315,080005116453,joko.safitri@contoh.example,Jl. Anggrek No. 131 RT 14/RW 03,Meruyung,Limo,Depok,2006-03-15,L,D3,Tidak,2,3700000,Studio Berkah Abadi,Fesyen,Tas rajut,1.8,1,15350000,Tidak,Formulir daring,2025-02-12,68,43,54.0,4.5
PLT-2025-1167,Prasetyo Puspita,99991611957251,080008440414,prasetyo.puspita@contoh.example,Jl. Flamboyan No. 87 RT 01/RW 02,Gandul,Cinere,Depok,1995-11-16,L,S1,Tidak,1,2000000,Dapur Sejahtera Jaya,Kuliner,Warung makan,9.5,3,18850000,Tidak,Formulir daring,2025-03-01,79,68,89.0,4.3
PLT-2025-1314,Vina Wulandari,99991911902315,080003452782,vina.wulandari@contoh.example,Jl. Cempaka No. 2 RT 11/RW 07,Tirtajaya,SUKMAJAYA,Depok,1990-11-19,P,SMA/SMK,Tidak,2,900000,Griya Berkah Makmur,Jasa Digital,Fotografi produk,1.8,2,4050000,Tidak,WhatsApp,2025-02-14,88,57,75.0,4.1
PLT-2025-1518,Endah Oktaviani,99992106984158,080007679727,endah.oktaviani@contoh.example,Jl. Anggrek No. 83 RT 01/RW 04,Pondok Cina,Beji,Depok,1998-06-21,P,S1,Tidak,2,850000,Toko Berkah Makmur,Kuliner,Kedai kopi,2.5,2,2850000,Ya,Formulir daring,2025-04-16,89,70,86.0,4.8
PLT-2025-1537,Bambang Ramadhan,99990401822756,080008611554,bambang.ramadhan@contoh.example,Jl. Anggrek No. 79 RT 08/RW 07,Depok Jaya,Pancoran Mas,Depok,1982-01-04,L,D3,Tidak,0,2150000,Toko Mandiri Makmur,Jasa Digital,Fotografi produk,15.0,5,7500000,Ya,Rujukan kelurahan,2025-02-16,93,58,78.0,4.2
PLT-2025-1446,Putri Santoso,99992004795999,080004966321,putri.santoso@contoh.example,Jl. Anggrek No. 48 RT 14/RW 06,Pangkalan Jati,Cinere,Depok,1979-04-20,P,D3,Tidak,3,5400000,Griya Amanah Sentosa,Jasa Digital,Desain grafis,1.0,2,19950000,Tidak,Formulir daring,2025-03-25,100,61,70.0,4.4
PLT-2025-1576,Fitri Setiawan,99993007908447,080004672325,fitri.setiawan@contoh.example,Jl. Melati No. 125 RT 03/RW 03,Gandul,Cinere,Depok,1990-07-30,P,S1,Tidak,0,3100000,Griya Sejahtera Abadi,Pertanian,Hidroponik sayur,7.5,3,16150000,Tidak,Formulir daring,2025-05-08,68,69,87.0,3.8
PLT-2025-1367,Adit Anggraini,99992805696886,080004802010,adit.anggraini@contoh.example,Jl. Kenanga No. 34 RT 03/RW 03,Abadijaya,Sukmajaya,Depok,1969-05-28,L,SMA/SMK,Tidak,2,1150000,Griya Mandiri Abadi,Jasa Digital,Desain grafis,5.1,4,5000000,Tidak,WhatsApp,2025-03-09,80,66,78.0,3.6
PLT-2025-1145,Citra Saputra,99992610042254,080005755989,citra.saputra@contoh.example,Jl. Cempaka No. 134 RT 03/RW 10,Cisalak Pasar,Cimanggis,Depok,2004-10-26,P,S1,Tidak,3,3500000,CV Sejahtera Abadi,Kuliner,Roti dan kue,9.6,3,12050000,Tidak,WhatsApp,2025-03-23,87,55,72.0,4.3
PLT-2025-1362,Oki Rahayu,99993105063062,080004791095,oki.rahayu@contoh.example,Jl. Cempaka No. 25 RT 01/RW 06,Rangkapan Jaya,Pancoran Mas,Depok,2006-05-31,L,D3,Tidak,2,1600000,Griya Harum Abadi,Kriya,Anyaman bambu,8.0,3,5850000,Tidak,Formulir daring,2025-02-02,86,53,63.0,5.0
PLT-2025-1572,Nanda Rahayu,99991412019543,080005592694,nanda.rahayu@contoh.example,Jl. Cempaka No. 104 RT 13/RW 06,Curug,Cimanggis,Depok,2001-12-14,L,SMA/SMK,Tidak,2,1850000,Toko Cahaya Makmur,Kuliner,Warung makan,5.8,0,13850000,Tidak,WhatsApp,2025-02-08,96,39,47.0,3.8
PLT-2025-1321,Vina Puspita,99990307853899,080005764750,vina.puspita@contoh.example,Jl. Melati No. 135 RT 10/RW 08,Bojongsari Baru,Bojongsari,Depok,1985-07-03,P,S1,Tidak,1,6300000,CV Amanah Jaya,Pertanian,Bibit tanaman hias,2.0,1,20350000,Tidak,Formulir daring,2025-05-05,64,55,64.0,3.8
PLT-2025-1185,Lestari Hidayat,99990410886588,080005930917,lestari.hidayat@contoh.example,Jl. Kenanga No. 77 RT 14/RW 07,Gandul,Cinere,Depok,1988-10-04,P,SMA/SMK,Tidak,1,550000,UD Cahaya Sentosa,Pertanian,Bibit tanaman hias,2.3,1,3400000,Tidak,Formulir daring,2025-05-25,79,39,49.0,
PLT-2025-1132,Endah Handayani,99991505924322,080001104722,endah.handayani@contoh.example,Jl. Flamboyan No. 83 RT 13/RW 08,Depok Jaya,Pancoran Mas,Depok,1992-05-15,P,S2,Tidak,3,750000,Dapur Lestari Jaya,Pertanian,Hidroponik sayur,2.3,2,4750000,Tidak,Formulir daring,2025-04-07,64,56,65.0,2.9
PLT-2025-1119,Fitri Maulana,99990808827131,080002893368,fitri.maulana@contoh.example,Jl. Anggrek No. 105 RT 05/RW 11,Rangkapan Jaya,Pancoran Mas,Depok,1982-08-08,P,SD,Tidak,0,650000,CV Sejahtera Sentosa,Pertanian,Bibit tanaman hias,4.1,1,5750000,Tidak,Formulir daring,2025-03-01,75,50,,3.6
PLT-2025-1038,Joko Maulana,99992112729939,080007209176,joko.maulana@contoh.example,Jl. Anggrek No. 102 RT 14/RW 04,Bojongsari Baru,Bojongsari,Depok,1972-12-21,L,SMA/SMK,Tidak,1,1550000,UD Lestari Sentosa,Kuliner,Warung makan,2.3,4,6450000,Tidak,Formulir daring,2025-04-25,85,56,60.0,4.0
PLT-2025-1493,Citra Handayani,99991506969215,080007549198,citra.handayani@contoh.example,Jl. Kenanga No. 52 RT 13/RW 10,Bojongsari Baru,Bojongsari,Depok,1996-06-15,P,SMA/SMK,Tidak,2,1150000,CV Bahagia Abadi,Fesyen,Konveksi kaos,8.7,1,4250000,Ya,Rujukan kelurahan,2025-04-06,96,52,,3.9
PLT-2025-1571,Oktavia Saputra,99991111788215,080001050840,oktavia.saputra@contoh.example,Jl. Melati No. 96 RT 01/RW 05,Mekarjaya,Sukmajaya,Depok,1978-11-11,P,SMA/SMK,Tidak,2,1250000,Dapur Bahagia Abadi,Kriya,Gerabah hias,9.1,2,10050000,Ya,WhatsApp,2025-03-01,100,60,73.0,3.8
PLT-2025-1338,Joko Saputra,99991004951866,080004215512,joko.saputra@contoh.example,Jl. Cempaka No. 75 RT 03/RW 08,Rangkapan Jaya,Pancoran Mas,Depok,1995-04-10,L,SMA/SMK,Tidak,1,5900000,UD Lestari Sentosa,Kuliner,Roti dan kue,6.9,2,18550000,Tidak,WhatsApp,2025-02-18,98,53,64.0,4.1
PLT-2025-1084,Ratna Nugroho,99990306813920,080008420233,ratna.nugroho@contoh.example,Jl. Kenanga No. 135 RT 12/RW 08,Sukatani,Tapos,Depok,1981-06-03,P,S1,Tidak,1,1150000,Studio Berkah Sentosa,Kriya,Anyaman bambu,5.9,3,5350000,Tidak,Formulir daring,2025-05-08,73,46,,3.2
PLT-2025-1224,Slamet Kusuma,99991702786714,080005109292,slamet.kusuma@contoh.example,Jl. Flamboyan No. 76 RT 01/RW 07,Depok Jaya,Pancoran Mas,Depok,1978-02-17,L,SMA/SMK,Tidak,0,850000,Griya Sejahtera Jaya,Kuliner,Keripik kemasan,2.7,1,3550000,Tidak,Formulir daring,2025-04-22,80,67,77.0,4.7
PLT-2025-1019,Kartika Wulandari,99991109865860,080001338271,kartika.wulandari@contoh.example,Jl. Bougenville No. 6 RT 02/RW 01,Harjamukti,Cimanggis,Depok,1986-09-11,P,SMA/SMK,Tidak,2,1850000,Toko Bahagia Sentosa,Kuliner,Kedai kopi,1.3,4,8050000,Tidak,Formulir daring,2025-05-17,83,39,62.0,4.1
PLT-2025-1072,Endah Safitri,99993001793477,080004894213,endah.safitri@contoh.example,Jl. Cempaka No. 72 RT 04/RW 03,Beji,Beji,Depok,1979-01-30,P,D3,Tidak,1,1850000,Griya Sejahtera Abadi,Fesyen,Konveksi kaos,2.6,0,5550000,Ya,Formulir daring,2025-02-15,93,52,65.0,4.0
PLT-2025-1418,Bunga Maulana,99991905875045,080007185456,bunga.maulana@contoh.example,Jl. Kenanga No. 129 RT 02/RW 02,Tanah Baru,Beji,Depok,1987-05-19,P,SMA/SMK,Tidak,3,2150000,UD Sejahtera Sentosa,Kriya,Gerabah hias,1.3,2,7650000,Tidak,Formulir daring,2025-04-20,76,59,,4.7
PLT-2025-1075,Putri Permana,99991201681987,080003847053,putri.permana@contoh.example,Jl. Melati No. 71 RT 12/RW 01,Baktijaya,Sukmajaya,Depok,1968-01-12,P,SMA/SMK,Ya,3,3550000,Griya Harum Jaya,Kuliner,Keripik kemasan,0.8,4,11800000,Tidak,Formulir daring,2025-05-10,97,41,59.0,3.9
PLT-2025-1380,Indah Wulandari,99991712791166,080008280488,indah.wulandari@contoh.example,Jl. Anggrek No. 4 RT 05/RW 05,Abadijaya,Sukmajaya,Depok,1979-12-17,P,SMP,Tidak,2,2200000,UD Cahaya Jaya,Pertanian,Bibit tanaman hias,2.6,1,7800000,Ya,Formulir daring,2025-05-27,95,53,70.0,2.7
PLT-2025-1385,Kurnia Setiawan,99990205892279,080004358150,kurnia.setiawan@contoh.example,Jl. Flamboyan No. 129 RT 09/RW 03,Depok Jaya,Pancoran Mas,Depok,1989-05-02,L,SMA/SMK,Tidak,2,2600000,CV Bahagia Abadi,Kriya,Anyaman bambu,2.8,5,9400000,Tidak,Formulir daring,2025-02-10,73,37,52.0,5.0
PLT-2025-1452,Bunga Saputra,99990112963819,080004995209,bunga.saputra@contoh.example,Jl. Bougenville No. 138 RT 03/RW 06,Curug,Cimanggis,Depok,1996-12-01,P,S1,Tidak,3,1900000,UD Lestari Sentosa,Kuliner,Keripik kemasan,8.6,2,6400000,Tidak,Formulir daring,2025-03-12,77,52,64.0,4.6
PLT-2025-1264,Taufik Safitri,99992304881945,080008460982,taufik.safitri@contoh.example,Jl. Cempaka No. 5 RT 09/RW 11,Curug,Cimanggis,Depok,1988-04-23,L,S1,Tidak,2,10400000,Toko Harum Makmur,Kuliner,Warung makan,7.7,3,31500000,Tidak,Formulir daring,2025-04-10,83,64,62.0,4.7
PLT-2025-1040,Lestari Kusuma,99990711996320,080001883826,lestari.kusuma@contoh.example,Jl. Melati No. 84 RT 09/RW 06,Pangkalan Jati,Cinere,Depok,1999-11-07,P,SMA/SMK,Tidak,3,500000,Studio Harum Makmur,Fesyen,Konveksi kaos,4.5,1,4900000,Ya,Datang langsung,2025-04-21,96,65,74.0,4.4
PLT-2025-1428,Maya Oktaviani,99991608727972,080005228887,maya.oktaviani@contoh.example,Jl. Flamboyan No. 97 RT 05/RW 08,Depok Jaya,Pancoran Mas,Depok,1972-08-16,P,D3,Tidak,3,700000,UD Bahagia Abadi,Fesyen,Tas rajut,2.1,1,3400000,Tidak,Formulir daring,2025-04-02,93,64,71.0,3.8
PLT-2025-1160,Hesti Rahayu,99990307965858,080004952508,hesti.rahayu@contoh.example,Jl. Flamboyan No. 27 RT 06/RW 11,Cinere,Cinere,Depok,1996-07-03,P,D3,Tidak,3,1550000,Toko Bahagia Sentosa,Fesyen,Sepatu kanvas,1.9,1,9750000,Tidak,Formulir daring,2025-03-28,81,70,81.0,4.4
PLT-2025-1110,Yusuf Setiawan,99992810844514,080007228695,yusuf.setiawan@contoh.example,Jl. Melati No. 113 RT 10/RW 04,Mampang,Pancoran Mas,Depok,1984-10-28,L,SD,Tidak,1,1600000,Studio Amanah Makmur,Fesyen,Sepatu kanvas,10.8,6,7050000,Ya,Formulir daring,2025-03-29,84,80,87.0,3.4
PLT-2025-1303,Prasetyo Oktaviani,99992509954154,080003000568,prasetyo.oktaviani@contoh.example,Jl. Cempaka No. 15 RT 03/RW 09,Sawangan Baru,Sawangan,Depok,1995-09-25,L,D3,Tidak,0,700000,CV Lestari Jaya,Fesyen,Sepatu kanvas,4.1,3,6200000,Ya,Formulir daring,2025-02-01,88,55,73.0,3.5
PLT-2025-1591,Zahra Maulana,99991907845705,080009077192,zahra.maulana@contoh.example,Jl. Melati No. 98 RT 12/RW 11,Cinere,Cinere,Depok,1984-07-19,P,SMA/SMK,Tidak,0,2100000,UD Bahagia Makmur,Fesyen,Konveksi kaos,2.1,1,11550000,Tidak,WhatsApp,2025-02-01,89,64,88.0,3.1
PLT-2025-1048,Taufik Maulana,99990203846005,080007225140,taufik.maulana@contoh.example,Jl. Bougenville No. 80 RT 14/RW 09,Limo,Limo,Depok,1984-03-02,L,SMA/SMK,Tidak,3,650000,Dapur Cahaya Abadi,Fesyen,Hijab dan busana,3.9,3,6000000,Tidak,Formulir daring,2025-02-10,90,58,61.0,3.8
PLT-2025-1509,Hendra Handayani,99992012936575,080008268257,hendra.handayani@contoh.example,Jl. Bougenville No. 19 RT 14/RW 09,Kemiri Muka,Beji,Depok,1993-12-20,L,S1,Tidak,2,2400000,Dapur Bahagia Abadi,Jasa Digital,Servis gawai,5.1,2,7900000,Tidak,Formulir daring,2025-03-25,81,48,55.0,3.4
PLT-2025-1018,Gunawan Ramadhan,99992707894952,080007445219,gunawan.ramadhan@contoh.example,Jl. Cempaka No. 127 RT 10/RW 11,Cisalak Pasar,Cimanggis,Depok,1989-07-27,L,SMA/SMK,Tidak,1,2950000,Griya Cahaya Abadi,Fesyen,Konveksi kaos,1.3,2,8850000,Tidak,Formulir daring,2025-05-25,93,42,66.0,4.7
PLT-2025-1043,Ratna Kusuma,99992702866272,080004154639,ratna.kusuma@contoh.example,Jl. Melati No. 39 RT 12/RW 10,Harjamukti,Cimanggis,Depok,1986-02-27,P,SMA/SMK,Tidak,2,8050000,Dapur Cahaya Makmur,Fesyen,Konveksi kaos,4.7,5,29000000,Tidak,WhatsApp,2025-03-23,65,43,52.0,3.7
PLT-2025-1273,Dedi Ramadhan,99993012953076,080002846478,dedi.ramadhan@contoh.example,Jl. Kenanga No. 136 RT 08/RW 07,Mekarsari,Cimanggis,Depok,1995-12-30,L,D3,Tidak,1,900000,Dapur Harum Sentosa,Jasa Digital,Servis gawai,1.0,1,8000000,Ya,Rujukan kelurahan,2025-03-14,100,55,75.0,3.8
PLT-2025-1443,Lestari Wijaya,99991710972055,080004482077,lestari.wijaya@contoh.example,Jl. Anggrek No. 68 RT 13/RW 08,Harjamukti,Cimanggis,Depok,1997-10-17,P,SD,Tidak,2,2450000,Toko Harum Sentosa,Kuliner,Warung makan,1.1,7,10750000,Tidak,Formulir daring,2025-03-08,94,49,67.0,4.4
PLT-2025-1090,Agus Handayani,99992908966008,080002559438,agus.handayani@contoh.example,Jl. Flamboyan No. 115 RT 03/RW 04,Tanah Baru,Beji,Depok,1996-08-29,L,SMP,Tidak,1,1700000,UD Berkah Abadi,Kriya,Lilin aroma,2.6,2,8000000,Tidak,Formulir daring,2025-03-04,80,29,39.0,3.7
PLT-2025-1275,Kartika Kusuma,99991309934194,080009976799,kartika.kusuma@contoh.example,Jl. Kenanga No. 109 RT 14/RW 03,Tirtajaya,Sukmajaya,Depok,1993-09-13,P,SMA/SMK,Tidak,2,2450000,CV Sejahtera Jaya,Kuliner,Roti dan kue,0.9,0,9150000,Ya,Formulir daring,2025-05-07,89,72,91.0,3.7
PLT-2025-1114,Lestari Oktaviani,99991708929881,080003821371,lestari.oktaviani@contoh.example,Jl. Melati No. 6 RT 12/RW 05,Pondok Cina,Beji,Depok,1992-08-17,P,SMA/SMK,Tidak,1,1300000,CV Berkah Sentosa,Kuliner,Roti dan kue,0.6,2,4250000,Tidak,Formulir daring,2025-04-21,79,70,86.0,4.1
PLT-2025-1328,Lestari Kusuma,99992003745460,080002898315,lestari.kusuma@contoh.example,Jl. Flamboyan No. 20 RT 02/RW 07,Cilangkap,Tapos,Depok,1974-03-20,P,D3,Tidak,3,1700000,CV Amanah Abadi,Fesyen,Konveksi kaos,5.8,3,7800000,Tidak,WhatsApp,2025-05-20,100,62,76.0,4.5
PLT-2025-1465,Yusuf Nuraini,99992609786637,080006233664,yusuf.nuraini@contoh.example,Jl. Kenanga No. 41 RT 14/RW 07,Serua,Bojongsari,Depok,1978-09-26,L,SMA/SMK,Tidak,2,1150000,UD Harum Makmur,Kuliner,Warung makan,0.4,0,3850000,Tidak,Formulir daring,2025-04-19,88,63,83.0,4.2
PLT-2025-1131,Kartika Rahayu,99992005817579,080008240376,kartika.rahayu@contoh.example,Jl. Cempaka No. 13 RT 01/RW 07,Baktijaya,Sukmajaya,Depok,1981-05-20,P,D3,Ya,1,500000,Dapur Amanah Abadi,Fesyen,Hijab dan busana,1.2,3,2150000,Ya,Formulir daring,2025-03-25,88,56,69.0,4.7
PLT-2025-1001,Hesti Nuraini,99991703799752,080005936347,hesti.nuraini@contoh.example,Jl. Anggrek No. 87 RT 01/RW 05,Pangkalan Jati,Cinere,Depok,1979-03-17,P,SMA/SMK,Tidak,2,750000,Griya Harum Jaya,Fesyen,Sepatu kanvas,6.0,3,4950000,Tidak,Formulir daring,2025-04-23,94,64,93.0,4.1
PLT-2025-1227,Mira Handayani,99990307816274,080001838278,mira.handayani@contoh.example,Jl. Kenanga No. 105 RT 04/RW 08,Curug,Cimanggis,Depok,1981-07-03,P,S1,Tidak,1,2850000,Dapur Berkah Jaya,Kuliner,Katering rumahan,1.9,3,14800000,Ya,WhatsApp,2025-03-04,81,70,82.0,4.0
PLT-2025-1133,Bunga Rahayu,99990606933097,080004304756,bunga.rahayu@contoh.example,Jl. Melati No. 7 RT 10/RW 11,Sukatani,Tapos,Depok,1993-06-06,P,SMA/SMK,Tidak,2,500000,Studio Berkah Jaya,Kuliner,Kedai kopi,2.7,3,1150000,Ya,Formulir daring,2025-05-18,92,63,87.0,3.7
PLT-2025-1248,Kurnia Handayani,99991907724601,080007054163,kurnia.handayani@contoh.example,Jl. Kenanga No. 9 RT 13/RW 02,Harjamukti,Cimanggis,Depok,1972-07-19,L,S1,Tidak,0,2200000,Toko Amanah Sentosa,Kuliner,Warung makan,6.5,3,11000000,Ya,Datang langsung,2025-04-10,86,59,,4.8
PLT-2025-1283,Kurnia Nugroho,99992310834718,080003926601,kurnia.nugroho@contoh.example,Jl. Melati No. 35 RT 07/RW 01,Mampang,Pancoran Mas,Depok,1983-10-23,L,D3,Tidak,4,2950000,Toko Sejahtera Sentosa,Fesyen,Tas rajut,2.6,2,13650000,Ya,WhatsApp,2025-03-20,80,65,78.0,5.0
PLT-2025-1496,Endah Ramadhan,99993108813730,080007283220,endah.ramadhan@contoh.example,Jl. Bougenville No. 80 RT 11/RW 03,Rangkapan Jaya,Pancoran Mas,Depok,1981-08-31,P,SMA/SMK,Tidak,3,1250000,Griya Cahaya Abadi,Jasa Digital,Servis gawai,5.0,2,3750000,Tidak,Rujukan kelurahan,2025-03-27,82,66,77.0,3.1
PLT-2025-1335,Irfan Handayani,99991907948706,080001038686,irfan.handayani@contoh.example,Jl. Kenanga No. 34 RT 07/RW 10,Mekarsari,Cimanggis,Depok,1994-07-19,L,S2,Tidak,3,1700000,Toko Harum Jaya,Fesyen,Tas rajut,6.3,3,6900000,Tidak,WhatsApp,2025-05-04,81,66,80.0,3.1
PLT-2025-1439,Oki Kusuma,99992603849610,080002474810,oki.kusuma@contoh.example,Jl. Bougenville No. 129 RT 02/RW 02,Curug,Cimanggis,Depok,1984-03-26,L,S2,Tidak,0,650000,CV Bahagia Sentosa,Kriya,Anyaman bambu,5.1,2,6250000,Tidak,Datang langsung,2025-03-14,100,74,94.0,4.2
PLT-2025-1263,Yusuf Rahayu,99992707913147,080008303392,yusuf.rahayu@contoh.example,Jl. Bougenville No. 83 RT 08/RW 11,Curug,Cimanggis,Depok,1991-07-27,L,D3,Tidak,2,1200000,Dapur Harum Sentosa,Fesyen,Hijab dan busana,2.5,2,9800000,Tidak,Rujukan kelurahan,2025-03-23,65,73,79.0,4.1
PLT-2025-1142,Mira Wijaya,99992601773948,080006488816,mira.wijaya@contoh.example,Jl. Melati No. 119 RT 07/RW 11,Harjamukti,Cimanggis,Depok,1977-01-26,P,SMA/SMK,Tidak,3,1500000,Dapur Bahagia Jaya,Jasa Digital,Servis gawai,0.6,0,5950000,Ya,Formulir daring,2025-03-04,97,70,71.0,4.9
PLT-2025-1245,Fajar Santoso,99992405895493,080001460801,fajar.santoso@contoh.example,Jl. Kenanga No. 65 RT 13/RW 03,Meruyung,Limo,Depok,1989-05-24,L,SMA/SMK,Tidak,2,6750000,Toko Sejahtera Abadi,Jasa Digital,Fotografi produk,1.8,2,20100000,Tidak,Datang langsung,2025-05-11,93,36,55.0,4.1
PLT-2025-1027,Nurul Nugroho,99990511891551,080007486018,nurul.nugroho@contoh.example,Jl. Anggrek No. 112 RT 11/RW 11,Sawangan Baru,Sawangan,Depok,1989-11-05,P,D3,Tidak,4,2900000,Griya Harum Abadi,Fesyen,Tas rajut,9.2,5,10150000,Tidak,Rujukan kelurahan,2025-03-09,83,66,88.0,4.1
PLT-2025-1441,Citra Safitri,99991701891268,080007031634,citra.safitri@contoh.example,Jl. Cempaka No. 134 RT 07/RW 08,Tirtajaya,Sukmajaya,Depok,1989-01-17,P,SMA/SMK,Tidak,0,2700000,CV Mandiri Jaya,Fesyen,Sepatu kanvas,9.3,2,8700000,Tidak,Rujukan kelurahan,2025-04-29,58,62,69.0,
PLT-2025-1138,Kurnia Wulandari,99991405823720,080008162947,kurnia.wulandari@contoh.example,Jl. Melati No. 37 RT 11/RW 03,Sawangan Baru,Sawangan,Depok,1982-05-14,L,D3,Tidak,2,600000,CV Lestari Makmur,Pertanian,Hidroponik sayur,3.0,0,5100000,Ya,WhatsApp,2025-04-29,83,49,71.0,3.8
PLT-2025-1363,Nanda Oktaviani,99990204886464,080006700072,nanda.oktaviani@contoh.example,Jl. Melati No. 17 RT 08/RW 09,Beji,Beji,Depok,1988-04-02,L,S1,Tidak,1,4650000,Studio Berkah Makmur,Kuliner,Kedai kopi,4.1,1,15200000,Tidak,Formulir daring,2025-02-10,86,65,74.0,4.8
PLT-2025-1089,Endah Santoso,99991306679301,080008498562,endah.santoso@contoh.example,Jl. Kenanga No. 95 RT 06/RW 09,Limo,Limo,Depok,1967-06-13,P,S1,Tidak,1,3000000,Griya Cahaya Sentosa,Kuliner,Kedai kopi,6.2,4,13350000,Tidak,WhatsApp,2025-02-09,100,57,72.0,4.2
PLT-2025-1023,Fitri Saputra,99992708917697,080004548450,fitri.saputra@contoh.example,Jl. Kenanga No. 2 RT 07/RW 05,Bojong Pondok Terong,Cipayung,Depok,1991-08-27,P,S1,Tidak,0,2350000,Griya Berkah Abadi,Jasa Digital,Servis gawai,4.8,3,7300000,Tidak,Datang langsung,2025-03-04,79,59,63.0,4.3
PLT-2025-1079,Yusuf Firdaus,99993006863889,080002595903,yusuf.firdaus@contoh.example,Jl. Cempaka No. 99 RT 13/RW 03,Gandul,Cinere,Depok,1986-06-30,L,SMA/SMK,Tidak,3,550000,CV Bahagia Abadi,Kriya,Anyaman bambu,6.2,1,3000000,Tidak,WhatsApp,2025-05-07,83,63,92.0,5.0
PLT-2025-1125,Wahyu Puspita,99991802816369,080008594651,wahyu.puspita@contoh.example,Jl. Bougenville No. 5 RT 12/RW 01,Pangkalan Jati,Cinere,Depok,1981-02-18,L,SMA/SMK,Tidak,0,900000,CV Harum Sentosa,Kuliner,Kedai kopi,6.1,7,6650000,Ya,Formulir daring,2025-03-11,67,62,63.0,3.5
PLT-2025-1242,Juwita Maulana,99990807983452,080002030271,juwita.maulana@contoh.example,Jl. Melati No. 59 RT 03/RW 04,Bojongsari Baru,Bojongsari,Depok,1998-07-08,P,SMA/SMK,Tidak,1,2050000,Studio Cahaya Abadi,Kuliner,Roti dan kue,0.6,2,12250000,Ya,Datang langsung,2025-03-28,70,62,72.0,5.0
PLT-2025-1370,Agus Maulana,99990101855745,080003881296,agus.maulana@contoh.example,Jl. Melati No. 108 RT 11/RW 08,Depok Jaya,Pancoran Mas,Depok,1985-01-01,L,S1,Tidak,1,500000,Toko Lestari Abadi,Fesyen,Hijab dan busana,6.1,1,1600000,Tidak,WhatsApp,2025-02-21,100,29,50.0,5.0
PLT-2025-1326,Fitri Anggraini,99992405938480,080005294788,fitri.anggraini@contoh.example,Jl. Bougenville No. 133 RT 09/RW 05,Rangkapan Jaya,Pancoran Mas,Depok,1993-05-24,P,SMA/SMK,Tidak,0,1400000,Griya Sejahtera Jaya,Fesyen,Konveksi kaos,3.3,4,8450000,Ya,Datang langsung,2025-04-09,77,62,81.0,4.8
PLT-2025-1579,Adit Puspita,99990310903527,080008120966,adit.puspita@contoh.example,Jl. Kenanga No. 82 RT 04/RW 09,Cisalak Pasar,Cimanggis,Depok,1990-10-03,L,SMA/SMK,Tidak,0,1400000,CV Harum Makmur,Pertanian,Bibit tanaman hias,2.4,5,5300000,Ya,WhatsApp,2025-04-14,95,71,85.0,4.4
PLT-2025-1504,Wahyu Pratama,99993004874704,080001982032,wahyu.pratama@contoh.example,Jl. Flamboyan No. 122 RT 04/RW 07,Pondok Cina,Beji,Depok,1987-04-30,L,D3,Tidak,2,550000,UD Lestari Jaya,Kuliner,Keripik kemasan,2.7,2,2750000,Tidak,WhatsApp,2025-03-18,88,60,79.0,4.0
PLT-2025-1408,Yanti Ramadhan,99991205821860,080008512761,yanti.ramadhan@contoh.example,Jl. Melati No. 42 RT 02/RW 10,Tirtajaya,Sukmajaya,Depok,1982-05-12,P,SMP,Tidak,2,1600000,Griya Bahagia Abadi,Fesyen,Konveksi kaos,9.7,4,5550000,Ya,Formulir daring,2025-05-23,100,72,100.0,4.7
PLT-2025-1618,Yusuf Rahayu,99991303813017,080009366802,yusuf.rahayu@contoh.example,Jl. Bougenville No. 3 RT 03/RW 03,Depok Jaya,Pancoran Mas,Depok,1981-03-13,L,SMA/SMK,Tidak,0,500000,CV Berkah Jaya,Kuliner,Roti dan kue,3.3,3,3250000,Ya,Formulir daring,2025-03-31,95,50,60.0,4.8
PLT-2025-1081,Juwita Saputra,99991603973500,080009548189,juwita.saputra@contoh.example,Jl. Cempaka No. 139 RT 10/RW 06,Tanah Baru,Beji,Depok,1997-03-16,P,D3,Tidak,0,950000,Toko Amanah Jaya,Fesyen,Sepatu kanvas,6.1,2,4900000,Ya,Formulir daring,2025-04-26,96,63,62.0,4.2
PLT-2025-1468,Kartika Santoso,99991410013690,080004507688,kartika.santoso@contoh.example,Jl. Anggrek No. 84 RT 03/RW 06,Bojong Pondok Terong,Cipayung,Depok,2001-10-14,P,D3,Tidak,0,1400000,Dapur Cahaya Makmur,Jasa Digital,Desain grafis,7.3,5,12700000,Tidak,Formulir daring,2025-04-16,68,53,58.0,4.1
PLT-2025-1231,Oki Nugroho,99990608765292,080001123310,oki.nugroho@contoh.example,Jl. Bougenville No. 123 RT 01/RW 07,Rangkapan Jaya,Pancoran Mas,Depok,1976-08-06,L,SMP,Tidak,2,1850000,Studio Amanah Jaya,Kuliner,Warung makan,0.8,1,12300000,Tidak,WhatsApp,2025-04-11,83,49,57.0,4.7
PLT-2025-1501,Eko Kusuma,99992908937029,080009763311,eko.kusuma@contoh.example,Jl. Anggrek No. 61 RT 05/RW 11,Meruyung,Limo,Depok,1993-08-29,L,SMA/SMK,Tidak,2,600000,UD Mandiri Makmur,Fesyen,Konveksi kaos,8.1,3,3550000,Tidak,Formulir daring,2025-03-30,85,56,64.0,
PLT-2025-1037,Cahyo Wijaya,99992808968350,080002410626,cahyo.wijaya@contoh.example,Jl. Melati No. 102 RT 09/RW 09,Pangkalan Jati,Cinere,Depok,1996-08-28,L,S2,Tidak,0,1600000,Toko Berkah Sentosa,Kuliner,Warung makan,7.7,1,12050000,Tidak,Formulir daring,2025-05-04,93,76,86.0,4.3
PLT-2025-1140,Hesti Wulandari,99993101012298,080006708189,hesti.wulandari@contoh.example,Jl. Melati No. 69 RT 06/RW 07,Meruyung,Limo,Depok,2001-01-31,P,D3,Tidak,4,1900000,Studio Harum Makmur,Jasa Digital,Servis gawai,3.3,2,7750000,Ya,Formulir daring,2025-03-11,100,92,,3.9
PLT-2025-1546,Wulan Oktaviani,99993004892593,080005515886,wulan.oktaviani@contoh.example,Jl. Melati No. 20 RT 11/RW 01,Pondok Cina,Beji,Depok,1989-04-30,P,S1,Tidak,0,1900000,Griya Berkah Sentosa,Kuliner,Katering rumahan,7.9,2,7300000,Tidak,Formulir daring,2025-03-14,78,60,83.0,4.0
PLT-2025-1236,Fitri Oktaviani,99992905731439,080001817772,fitri.oktaviani@contoh.example,Jl. Melati No. 94 RT 01/RW 10,Bojong Pondok Terong,Cipayung,Depok,1973-05-29,P,SMA/SMK,Tidak,3,800000,UD Mandiri Sentosa,Jasa Digital,Desain grafis,4.0,1,2600000,Ya,WhatsApp,2025-03-10,100,60,75.0,
PLT-2025-1416,Citra Pratama,99991610722543,080006891565,citra.pratama@contoh.example,Jl. Bougenville No. 100 RT 09/RW 05,Bojong Pondok Terong,Cipayung,Depok,1972-10-16,P,SMA/SMK,Tidak,1,950000,Studio Bahagia Sentosa,Kuliner,Kedai kopi,6.3,4,7250000,Tidak,WhatsApp,2025-05-19,82,64,79.0,4.2
PLT-2025-1604,Nurul Anggraini,99992505843790,080003639294,nurul.anggraini@contoh.example,Jl. Flamboyan No. 95 RT 02/RW 09,Abadijaya,Sukmajaya,Depok,1984-05-25,P,SMA/SMK,Tidak,2,2250000,Studio Mandiri Jaya,Kuliner,Katering rumahan,9.1,3,14750000,Ya,WhatsApp,2025-03-15,73,47,68.0,4.9
PLT-2025-1583,Adit Santoso,99992306782888,080002201628,adit.santoso@contoh.example,Jl. Bougenville No. 12 RT 04/RW 03,Depok Jaya,Pancoran Mas,Depok,1978-06-23,L,S1,Tidak,2,2650000,UD Harum Jaya,Fesyen,Konveksi kaos,2.8,6,7850000,Tidak,Formulir daring,2025-03-21,73,73,82.0,4.4
PLT-2025-1332,Bunga Rahayu,99992801676646,080001940373,bunga.rahayu@contoh.example,Jl. Bougenville No. 118 RT 03/RW 03,Rangkapan Jaya,Pancoran Mas,Depok,1967-01-28,P,D3,Tidak,2,500000,Toko Harum Jaya,Kuliner,Roti dan kue,9.4,3,1650000,Tidak,WhatsApp,2025-04-09,77,71,81.0,3.7
PLT-2025-1269,Ayu Kusuma,99992812759630,080009082755,ayu.kusuma@contoh.example,Jl. Kenanga No. 37 RT 11/RW 01,Abadijaya,Sukmajaya,Depok,1975-12-28,P,SMA/SMK,Tidak,2,850000,UD Harum Abadi,Kuliner,Warung makan,1.6,1,4250000,Tidak,WhatsApp,2025-05-13,83,77,91.0,3.7
PLT-2025-1337,Yanti Pratama,99991004867558,080008593319,yanti.pratama@contoh.example,Jl. Bougenville No. 61 RT 05/RW 02,Tirtajaya,Sukmajaya,Depok,1986-04-10,P,SMA/SMK,Tidak,3,2350000,UD Sejahtera Makmur,Kuliner,Kedai kopi,4.6,1,8300000,Tidak,Datang langsung,2025-03-22,98,41,53.0,4.0
PLT-2025-1091,Prasetyo Setiawan,99991407949700,080005771538,prasetyo.setiawan@contoh.example,Jl. Bougenville No. 22 RT 05/RW 03,Meruyung,Limo,Depok,1994-07-14,L,SMA/SMK,Tidak,2,850000,Toko Harum Sentosa,Kuliner,Kedai kopi,2.0,1,2850000,Tidak,WhatsApp,2025-05-13,90,66,80.0,3.4
PLT-2025-1080,Oki Ramadhan,99992407009474,080006045932,oki.ramadhan@contoh.example,Jl. Kenanga No. 7 RT 11/RW 03,Sawangan Baru,Sawangan,Depok,2000-07-24,L,SMA/SMK,Tidak,1,1400000,Griya Bahagia Makmur,Kuliner,Keripik kemasan,4.3,0,4700000,Ya,Formulir daring,2025-05-07,91,59,70.0,5.0
